ISO-10303-21;
HEADER;
/* Generated by software containing ST-Developer
 * from STEP Tools, Inc. (www.steptools.com) 
 */

FILE_DESCRIPTION(
/* description */ (''),
/* implementation_level */ '2;1');

FILE_NAME(
/* name */ 'day 9_martini glass_kathzerrato.step',
/* time_stamp */ '2023-05-11T17:30:56-06:00',
/* author */ (''),
/* organization */ (''),
/* preprocessor_version */ 'ST-DEVELOPER v19.2',
/* originating_system */ 'Autodesk Translation Framework v12.4.0.73',
/* authorisation */ '');

FILE_SCHEMA (('AUTOMOTIVE_DESIGN { 1 0 10303 214 3 1 1 }'));
ENDSEC;

DATA;
#10=MECHANICAL_DESIGN_GEOMETRIC_PRESENTATION_REPRESENTATION('',(#74,#75,
#76,#77),#2910);
#11=CONTEXT_DEPENDENT_OVER_RIDING_STYLED_ITEM('',(#2953),#2929,#77,(#20));
#12=CONTEXT_DEPENDENT_OVER_RIDING_STYLED_ITEM('',(#2952),#2927,#77,(#18));
#13=MAPPED_ITEM('',#14,#746);
#14=REPRESENTATION_MAP(#746,#2926);
#15=ITEM_DEFINED_TRANSFORMATION($,$,#673,#743);
#16=ITEM_DEFINED_TRANSFORMATION($,$,#731,#744);
#17=ITEM_DEFINED_TRANSFORMATION($,$,#738,#745);
#18=(
REPRESENTATION_RELATIONSHIP($,$,#2927,#2926)
REPRESENTATION_RELATIONSHIP_WITH_TRANSFORMATION(#15)
SHAPE_REPRESENTATION_RELATIONSHIP()
);
#19=(
REPRESENTATION_RELATIONSHIP($,$,#2928,#2926)
REPRESENTATION_RELATIONSHIP_WITH_TRANSFORMATION(#16)
SHAPE_REPRESENTATION_RELATIONSHIP()
);
#20=(
REPRESENTATION_RELATIONSHIP($,$,#2929,#2926)
REPRESENTATION_RELATIONSHIP_WITH_TRANSFORMATION(#17)
SHAPE_REPRESENTATION_RELATIONSHIP()
);
#21=CONTEXT_DEPENDENT_SHAPE_REPRESENTATION(#18,#2923);
#22=CONTEXT_DEPENDENT_SHAPE_REPRESENTATION(#19,#2924);
#23=CONTEXT_DEPENDENT_SHAPE_REPRESENTATION(#20,#2925);
#24=NEXT_ASSEMBLY_USAGE_OCCURRENCE('martini glass:1','martini glass:1',
'martini glass:1',#2931,#2932,'martini glass:1');
#25=NEXT_ASSEMBLY_USAGE_OCCURRENCE('liquid:1','liquid:1','liquid:1',#2931,
#2933,'liquid:1');
#26=NEXT_ASSEMBLY_USAGE_OCCURRENCE('lemon:1','lemon:1','lemon:1',#2931,
#2934,'lemon:1');
#27=B_SPLINE_SURFACE_WITH_KNOTS('',3,1,((#1217,#1218),(#1219,#1220),(#1221,
#1222),(#1223,#1224),(#1225,#1226),(#1227,#1228),(#1229,#1230),(#1231,#1232),
(#1233,#1234),(#1235,#1236),(#1237,#1238),(#1239,#1240),(#1241,#1242),(#1243,
#1244),(#1245,#1246),(#1247,#1248),(#1249,#1250),(#1251,#1252),(#1253,#1254),
(#1255,#1256),(#1257,#1258),(#1259,#1260),(#1261,#1262),(#1263,#1264),(#1265,
#1266),(#1267,#1268),(#1269,#1270),(#1271,#1272),(#1273,#1274),(#1275,#1276),
(#1277,#1278)),.UNSPECIFIED.,.F.,.F.,.F.,(4,3,3,3,3,3,3,3,3,3,4),(2,2),
(-3.01763745279347,-2.71293149111094,-2.36213618967986,-1.73947320248047,
-1.50661458612358,-1.37000606496717,-1.18271168839045,-0.982893057684168,
-0.699099009639436,-0.335099763995025,0.),(0.,0.8),.UNSPECIFIED.);
#28=B_SPLINE_SURFACE_WITH_KNOTS('',3,1,((#1317,#1318),(#1319,#1320),(#1321,
#1322),(#1323,#1324),(#1325,#1326),(#1327,#1328),(#1329,#1330),(#1331,#1332),
(#1333,#1334),(#1335,#1336),(#1337,#1338),(#1339,#1340),(#1341,#1342),(#1343,
#1344),(#1345,#1346),(#1347,#1348),(#1349,#1350),(#1351,#1352),(#1353,#1354)),
 .UNSPECIFIED.,.F.,.F.,.F.,(4,3,3,3,3,3,4),(2,2),(-1.28880996754436,-1.10469892749793,
-0.889180426782133,-0.659710588081231,-0.365634375357208,-0.333813717918389,
-0.225218528211529),(0.,0.8),.UNSPECIFIED.);
#29=B_SPLINE_SURFACE_WITH_KNOTS('',3,1,((#1376,#1377),(#1378,#1379),(#1380,
#1381),(#1382,#1383),(#1384,#1385),(#1386,#1387),(#1388,#1389),(#1390,#1391),
(#1392,#1393),(#1394,#1395),(#1396,#1397),(#1398,#1399),(#1400,#1401),(#1402,
#1403),(#1404,#1405),(#1406,#1407),(#1408,#1409),(#1410,#1411),(#1412,#1413),
(#1414,#1415)),.UNSPECIFIED.,.F.,.F.,.F.,(4,2,2,2,2,2,2,2,2,4),(2,2),(-3.69483754793127,
-3.59229944997255,-3.47123742293661,-2.49411984774223,-1.77215596358602,
-1.27322294039057,-0.830655999383444,-0.541834259136038,-0.332170192105764,
0.),(0.,0.8),.UNSPECIFIED.);
#30=B_SPLINE_SURFACE_WITH_KNOTS('',3,3,((#1444,#1445,#1446,#1447,#1448,
#1449),(#1450,#1451,#1452,#1453,#1454,#1455),(#1456,#1457,#1458,#1459,#1460,
#1461),(#1462,#1463,#1464,#1465,#1466,#1467),(#1468,#1469,#1470,#1471,#1472,
#1473),(#1474,#1475,#1476,#1477,#1478,#1479),(#1480,#1481,#1482,#1483,#1484,
#1485),(#1486,#1487,#1488,#1489,#1490,#1491),(#1492,#1493,#1494,#1495,#1496,
#1497),(#1498,#1499,#1500,#1501,#1502,#1503),(#1504,#1505,#1506,#1507,#1508,
#1509),(#1510,#1511,#1512,#1513,#1514,#1515),(#1516,#1517,#1518,#1519,#1520,
#1521),(#1522,#1523,#1524,#1525,#1526,#1527)),.UNSPECIFIED.,.F.,.F.,.F.,
(4,2,2,2,2,2,4),(4,2,4),(0.,0.25,0.5,0.998570229937913,1.49714045987583,
1.74713040774336,1.9971203556109),(1.65682355822624,1.75,2.),
 .UNSPECIFIED.);
#31=B_SPLINE_SURFACE_WITH_KNOTS('',3,3,((#1566,#1567,#1568,#1569,#1570,
#1571,#1572,#1573,#1574,#1575),(#1576,#1577,#1578,#1579,#1580,#1581,#1582,
#1583,#1584,#1585),(#1586,#1587,#1588,#1589,#1590,#1591,#1592,#1593,#1594,
#1595),(#1596,#1597,#1598,#1599,#1600,#1601,#1602,#1603,#1604,#1605),(#1606,
#1607,#1608,#1609,#1610,#1611,#1612,#1613,#1614,#1615),(#1616,#1617,#1618,
#1619,#1620,#1621,#1622,#1623,#1624,#1625),(#1626,#1627,#1628,#1629,#1630,
#1631,#1632,#1633,#1634,#1635),(#1636,#1637,#1638,#1639,#1640,#1641,#1642,
#1643,#1644,#1645),(#1646,#1647,#1648,#1649,#1650,#1651,#1652,#1653,#1654,
#1655),(#1656,#1657,#1658,#1659,#1660,#1661,#1662,#1663,#1664,#1665),(#1666,
#1667,#1668,#1669,#1670,#1671,#1672,#1673,#1674,#1675),(#1676,#1677,#1678,
#1679,#1680,#1681,#1682,#1683,#1684,#1685),(#1686,#1687,#1688,#1689,#1690,
#1691,#1692,#1693,#1694,#1695),(#1696,#1697,#1698,#1699,#1700,#1701,#1702,
#1703,#1704,#1705)),.UNSPECIFIED.,.F.,.F.,.F.,(4,2,2,2,2,2,4),(4,2,2,2,
4),(-4.06706512374045E-11,0.25,0.49993084987121,0.998997318923632,1.49806378797605,
1.7479523680445,1.99789085311844),(0.,0.25,0.5,1.,1.24919596904237),
 .UNSPECIFIED.);
#32=B_SPLINE_SURFACE_WITH_KNOTS('',3,3,((#1862,#1863,#1864,#1865,#1866,
#1867,#1868,#1869,#1870,#1871),(#1872,#1873,#1874,#1875,#1876,#1877,#1878,
#1879,#1880,#1881),(#1882,#1883,#1884,#1885,#1886,#1887,#1888,#1889,#1890,
#1891),(#1892,#1893,#1894,#1895,#1896,#1897,#1898,#1899,#1900,#1901),(#1902,
#1903,#1904,#1905,#1906,#1907,#1908,#1909,#1910,#1911),(#1912,#1913,#1914,
#1915,#1916,#1917,#1918,#1919,#1920,#1921),(#1922,#1923,#1924,#1925,#1926,
#1927,#1928,#1929,#1930,#1931),(#1932,#1933,#1934,#1935,#1936,#1937,#1938,
#1939,#1940,#1941),(#1942,#1943,#1944,#1945,#1946,#1947,#1948,#1949,#1950,
#1951)),.UNSPECIFIED.,.F.,.F.,.F.,(4,2,2,1,4),(4,2,2,2,4),(1.26172313241008,
1.5,1.75104519521883,1.77238809253175,2.00209039043765),(0.907698081883992,
1.,1.5,1.75,2.),.UNSPECIFIED.);
#33=B_SPLINE_SURFACE_WITH_KNOTS('',3,3,((#1962,#1963,#1964,#1965,#1966,
#1967,#1968,#1969,#1970,#1971,#1972,#1973),(#1974,#1975,#1976,#1977,#1978,
#1979,#1980,#1981,#1982,#1983,#1984,#1985),(#1986,#1987,#1988,#1989,#1990,
#1991,#1992,#1993,#1994,#1995,#1996,#1997),(#1998,#1999,#2000,#2001,#2002,
#2003,#2004,#2005,#2006,#2007,#2008,#2009),(#2010,#2011,#2012,#2013,#2014,
#2015,#2016,#2017,#2018,#2019,#2020,#2021),(#2022,#2023,#2024,#2025,#2026,
#2027,#2028,#2029,#2030,#2031,#2032,#2033),(#2034,#2035,#2036,#2037,#2038,
#2039,#2040,#2041,#2042,#2043,#2044,#2045),(#2046,#2047,#2048,#2049,#2050,
#2051,#2052,#2053,#2054,#2055,#2056,#2057),(#2058,#2059,#2060,#2061,#2062,
#2063,#2064,#2065,#2066,#2067,#2068,#2069),(#2070,#2071,#2072,#2073,#2074,
#2075,#2076,#2077,#2078,#2079,#2080,#2081),(#2082,#2083,#2084,#2085,#2086,
#2087,#2088,#2089,#2090,#2091,#2092,#2093),(#2094,#2095,#2096,#2097,#2098,
#2099,#2100,#2101,#2102,#2103,#2104,#2105)),.UNSPECIFIED.,.F.,.F.,.F.,(4,
1,2,2,2,1,4),(4,2,2,2,2,4),(0.,0.142811936065685,0.25,0.500072613777375,
0.998683928517572,1.21240257877459,1.46941496861446),(0.328436302521027,
0.5,1.,1.5,1.75,2.00000000012736),.UNSPECIFIED.);
#34=B_SPLINE_SURFACE_WITH_KNOTS('',3,3,((#2140,#2141,#2142,#2143,#2144,
#2145,#2146,#2147,#2148,#2149,#2150,#2151,#2152),(#2153,#2154,#2155,#2156,
#2157,#2158,#2159,#2160,#2161,#2162,#2163,#2164,#2165),(#2166,#2167,#2168,
#2169,#2170,#2171,#2172,#2173,#2174,#2175,#2176,#2177,#2178),(#2179,#2180,
#2181,#2182,#2183,#2184,#2185,#2186,#2187,#2188,#2189,#2190,#2191),(#2192,
#2193,#2194,#2195,#2196,#2197,#2198,#2199,#2200,#2201,#2202,#2203,#2204),
(#2205,#2206,#2207,#2208,#2209,#2210,#2211,#2212,#2213,#2214,#2215,#2216,
#2217),(#2218,#2219,#2220,#2221,#2222,#2223,#2224,#2225,#2226,#2227,#2228,
#2229,#2230),(#2231,#2232,#2233,#2234,#2235,#2236,#2237,#2238,#2239,#2240,
#2241,#2242,#2243),(#2244,#2245,#2246,#2247,#2248,#2249,#2250,#2251,#2252,
#2253,#2254,#2255,#2256),(#2257,#2258,#2259,#2260,#2261,#2262,#2263,#2264,
#2265,#2266,#2267,#2268,#2269),(#2270,#2271,#2272,#2273,#2274,#2275,#2276,
#2277,#2278,#2279,#2280,#2281,#2282),(#2283,#2284,#2285,#2286,#2287,#2288,
#2289,#2290,#2291,#2292,#2293,#2294,#2295),(#2296,#2297,#2298,#2299,#2300,
#2301,#2302,#2303,#2304,#2305,#2306,#2307,#2308)),.UNSPECIFIED.,.F.,.F.,
 .F.,(4,2,2,1,2,2,4),(4,2,2,1,2,2,4),(0.,0.25,0.5,1.,1.5,1.75,2.),(0.,0.25,
0.5,1.,1.5,1.75,2.),.UNSPECIFIED.);
#35=B_SPLINE_SURFACE_WITH_KNOTS('',3,3,((#2340,#2341,#2342,#2343,#2344,
#2345,#2346,#2347,#2348,#2349,#2350,#2351,#2352),(#2353,#2354,#2355,#2356,
#2357,#2358,#2359,#2360,#2361,#2362,#2363,#2364,#2365),(#2366,#2367,#2368,
#2369,#2370,#2371,#2372,#2373,#2374,#2375,#2376,#2377,#2378),(#2379,#2380,
#2381,#2382,#2383,#2384,#2385,#2386,#2387,#2388,#2389,#2390,#2391),(#2392,
#2393,#2394,#2395,#2396,#2397,#2398,#2399,#2400,#2401,#2402,#2403,#2404),
(#2405,#2406,#2407,#2408,#2409,#2410,#2411,#2412,#2413,#2414,#2415,#2416,
#2417),(#2418,#2419,#2420,#2421,#2422,#2423,#2424,#2425,#2426,#2427,#2428,
#2429,#2430),(#2431,#2432,#2433,#2434,#2435,#2436,#2437,#2438,#2439,#2440,
#2441,#2442,#2443),(#2444,#2445,#2446,#2447,#2448,#2449,#2450,#2451,#2452,
#2453,#2454,#2455,#2456),(#2457,#2458,#2459,#2460,#2461,#2462,#2463,#2464,
#2465,#2466,#2467,#2468,#2469),(#2470,#2471,#2472,#2473,#2474,#2475,#2476,
#2477,#2478,#2479,#2480,#2481,#2482),(#2483,#2484,#2485,#2486,#2487,#2488,
#2489,#2490,#2491,#2492,#2493,#2494,#2495),(#2496,#2497,#2498,#2499,#2500,
#2501,#2502,#2503,#2504,#2505,#2506,#2507,#2508)),.UNSPECIFIED.,.F.,.F.,
 .F.,(4,2,2,1,2,2,4),(4,2,2,1,2,2,4),(0.,0.25,0.5,1.,1.5,1.75,2.),(0.,0.25,
0.5,1.,1.5,1.75,2.),.UNSPECIFIED.);
#36=B_SPLINE_SURFACE_WITH_KNOTS('',3,3,((#2536,#2537,#2538,#2539,#2540,
#2541,#2542,#2543,#2544,#2545,#2546,#2547,#2548),(#2549,#2550,#2551,#2552,
#2553,#2554,#2555,#2556,#2557,#2558,#2559,#2560,#2561),(#2562,#2563,#2564,
#2565,#2566,#2567,#2568,#2569,#2570,#2571,#2572,#2573,#2574),(#2575,#2576,
#2577,#2578,#2579,#2580,#2581,#2582,#2583,#2584,#2585,#2586,#2587),(#2588,
#2589,#2590,#2591,#2592,#2593,#2594,#2595,#2596,#2597,#2598,#2599,#2600),
(#2601,#2602,#2603,#2604,#2605,#2606,#2607,#2608,#2609,#2610,#2611,#2612,
#2613),(#2614,#2615,#2616,#2617,#2618,#2619,#2620,#2621,#2622,#2623,#2624,
#2625,#2626),(#2627,#2628,#2629,#2630,#2631,#2632,#2633,#2634,#2635,#2636,
#2637,#2638,#2639),(#2640,#2641,#2642,#2643,#2644,#2645,#2646,#2647,#2648,
#2649,#2650,#2651,#2652),(#2653,#2654,#2655,#2656,#2657,#2658,#2659,#2660,
#2661,#2662,#2663,#2664,#2665),(#2666,#2667,#2668,#2669,#2670,#2671,#2672,
#2673,#2674,#2675,#2676,#2677,#2678),(#2679,#2680,#2681,#2682,#2683,#2684,
#2685,#2686,#2687,#2688,#2689,#2690,#2691),(#2692,#2693,#2694,#2695,#2696,
#2697,#2698,#2699,#2700,#2701,#2702,#2703,#2704)),.UNSPECIFIED.,.F.,.F.,
 .F.,(4,2,2,1,2,2,4),(4,2,2,1,2,2,4),(0.,0.25,0.5,1.,1.5,1.75,2.),(0.,0.25,
0.5,1.,1.5,1.75,2.),.UNSPECIFIED.);
#37=B_SPLINE_SURFACE_WITH_KNOTS('',3,3,((#2728,#2729,#2730,#2731,#2732,
#2733,#2734,#2735,#2736,#2737,#2738,#2739,#2740),(#2741,#2742,#2743,#2744,
#2745,#2746,#2747,#2748,#2749,#2750,#2751,#2752,#2753),(#2754,#2755,#2756,
#2757,#2758,#2759,#2760,#2761,#2762,#2763,#2764,#2765,#2766),(#2767,#2768,
#2769,#2770,#2771,#2772,#2773,#2774,#2775,#2776,#2777,#2778,#2779),(#2780,
#2781,#2782,#2783,#2784,#2785,#2786,#2787,#2788,#2789,#2790,#2791,#2792),
(#2793,#2794,#2795,#2796,#2797,#2798,#2799,#2800,#2801,#2802,#2803,#2804,
#2805),(#2806,#2807,#2808,#2809,#2810,#2811,#2812,#2813,#2814,#2815,#2816,
#2817,#2818),(#2819,#2820,#2821,#2822,#2823,#2824,#2825,#2826,#2827,#2828,
#2829,#2830,#2831),(#2832,#2833,#2834,#2835,#2836,#2837,#2838,#2839,#2840,
#2841,#2842,#2843,#2844),(#2845,#2846,#2847,#2848,#2849,#2850,#2851,#2852,
#2853,#2854,#2855,#2856,#2857),(#2858,#2859,#2860,#2861,#2862,#2863,#2864,
#2865,#2866,#2867,#2868,#2869,#2870),(#2871,#2872,#2873,#2874,#2875,#2876,
#2877,#2878,#2879,#2880,#2881,#2882,#2883),(#2884,#2885,#2886,#2887,#2888,
#2889,#2890,#2891,#2892,#2893,#2894,#2895,#2896)),.UNSPECIFIED.,.F.,.F.,
 .F.,(4,2,2,1,2,2,4),(4,2,2,1,2,2,4),(0.,0.25,0.5,1.,1.5,1.75,2.),(0.,0.25,
0.5,1.,1.5,1.75,2.),.UNSPECIFIED.);
#38=B_SPLINE_CURVE_WITH_KNOTS('',3,(#1096,#1097,#1098,#1099,#1100,#1101,
#1102,#1103,#1104,#1105,#1106,#1107,#1108,#1109,#1110,#1111,#1112,#1113,
#1114),.UNSPECIFIED.,.F.,.F.,(4,3,3,3,3,3,4),(0.,0.1039551950885,0.134416237247238,
0.415927325787486,0.635592505372987,0.841902451951372,1.01814689829966),
 .UNSPECIFIED.);
#39=B_SPLINE_CURVE_WITH_KNOTS('',3,(#1116,#1117,#1118,#1119,#1120,#1121,
#1122,#1123,#1124,#1125,#1126,#1127,#1128,#1129,#1130,#1131,#1132,#1133,
#1134,#1135,#1136,#1137,#1138,#1139,#1140,#1141,#1142,#1143),
 .UNSPECIFIED.,.F.,.F.,(4,3,3,3,3,3,3,3,3,4),(0.,0.312304803153608,0.509429941827779,
0.780978740841414,1.19707803174201,1.66617243966612,2.34495938107123,3.26364058495797,
3.3774625154664,3.47386833772196),.UNSPECIFIED.);
#40=B_SPLINE_CURVE_WITH_KNOTS('',3,(#1144,#1145,#1146,#1147,#1148,#1149,
#1150,#1151,#1152,#1153,#1154,#1155,#1156,#1157,#1158,#1159,#1160,#1161,
#1162,#1163,#1164,#1165,#1166,#1167,#1168,#1169,#1170,#1171,#1172,#1173,
#1174),.UNSPECIFIED.,.F.,.F.,(4,3,3,3,3,3,3,3,3,3,4),(0.,0.36783604969298,
0.767394805010553,1.07891302368857,1.29825216883685,1.50384355090273,1.65379751737978,
1.90940436280556,2.59289602144144,2.97796092387803,3.31243396535969),
 .UNSPECIFIED.);
#41=B_SPLINE_CURVE_WITH_KNOTS('',3,(#1178,#1179,#1180,#1181,#1182,#1183,
#1184,#1185,#1186,#1187,#1188,#1189,#1190,#1191),.UNSPECIFIED.,.F.,.F.,
(4,2,2,2,2,2,4),(-1.62265892977784,-1.4356688788013,-1.25686629357442,-1.09825364995648,
-0.906446249438559,-0.553328927515828,0.),.UNSPECIFIED.);
#42=B_SPLINE_CURVE_WITH_KNOTS('',3,(#1193,#1194,#1195,#1196,#1197,#1198,
#1199,#1200,#1201,#1202,#1203,#1204,#1205,#1206),.UNSPECIFIED.,.F.,.F.,
(4,2,2,2,2,2,4),(-2.61822429491063,-2.47979945250734,-2.2732952393205,-1.21892091610427,
-0.840233979884008,-0.278216966818693,0.),.UNSPECIFIED.);
#43=B_SPLINE_CURVE_WITH_KNOTS('',3,(#1208,#1209,#1210,#1211,#1212,#1213,
#1214,#1215),.UNSPECIFIED.,.F.,.F.,(4,2,2,4),(-0.953605729230977,-0.626640660580995,
-0.329124310749912,-0.267893510236541),.UNSPECIFIED.);
#44=B_SPLINE_CURVE_WITH_KNOTS('',3,(#1282,#1283,#1284,#1285,#1286,#1287,
#1288,#1289,#1290,#1291,#1292,#1293,#1294,#1295,#1296,#1297,#1298,#1299,
#1300,#1301,#1302,#1303,#1304,#1305,#1306),.UNSPECIFIED.,.F.,.F.,(4,3,3,
3,3,3,3,3,4),(0.,0.335099763995025,0.699099009639436,0.982893057684168,
1.18271168839045,1.37000606496717,1.50661458612358,1.73947320248047,2.05238794471167),
 .UNSPECIFIED.);
#45=B_SPLINE_CURVE_WITH_KNOTS('',3,(#1307,#1308,#1309,#1310,#1311,#1312,
#1313,#1314,#1315,#1316),.UNSPECIFIED.,.F.,.F.,(4,3,3,4),(2.05238794471167,
2.36213618967986,2.71293149111094,3.01763745279347),.UNSPECIFIED.);
#46=B_SPLINE_CURVE_WITH_KNOTS('',3,(#1356,#1357,#1358,#1359,#1360,#1361,
#1362,#1363,#1364,#1365,#1366,#1367,#1368,#1369,#1370,#1371,#1372,#1373,
#1374),.UNSPECIFIED.,.F.,.F.,(4,3,3,3,3,3,4),(0.225218528211529,0.333813717918389,
0.365634375357208,0.659710588081231,0.889180426782133,1.10469892749793,
1.28880996754436),.UNSPECIFIED.);
#47=B_SPLINE_CURVE_WITH_KNOTS('',3,(#1416,#1417,#1418,#1419,#1420,#1421,
#1422,#1423,#1424,#1425,#1426,#1427,#1428,#1429,#1430,#1431,#1432,#1433,
#1434,#1435,#1436,#1437,#1438,#1439,#1440,#1441,#1442,#1443),
 .UNSPECIFIED.,.F.,.F.,(4,3,3,3,3,3,3,3,3,4),(0.,0.332170192105764,0.541834259136038,
0.830655999383444,1.27322294039057,1.77215596358602,2.49411984774223,3.47123742293661,
3.59229944997255,3.69483754793127),.UNSPECIFIED.);
#48=B_SPLINE_CURVE_WITH_KNOTS('',3,(#1529,#1530,#1531,#1532,#1533,#1534),
 .UNSPECIFIED.,.F.,.F.,(4,2,4),(1.65682355822624,1.75,2.),.UNSPECIFIED.);
#49=B_SPLINE_CURVE_WITH_KNOTS('',3,(#1536,#1537,#1538,#1539,#1540,#1541,
#1542,#1543),.UNSPECIFIED.,.F.,.F.,(4,2,2,4),(-0.5003039374837,-0.5,-0.25,
0.),.UNSPECIFIED.);
#50=B_SPLINE_CURVE_WITH_KNOTS('',3,(#1545,#1546,#1547,#1548,#1549,#1550),
 .UNSPECIFIED.,.F.,.F.,(4,2,4),(-1.49683801998683,-0.998570229937913,-0.5003039374837),
 .UNSPECIFIED.);
#51=B_SPLINE_CURVE_WITH_KNOTS('',3,(#1552,#1553,#1554,#1555,#1556,#1557,
#1558,#1559),.UNSPECIFIED.,.F.,.F.,(4,2,2,4),(-1.9971203556109,-1.74713040774336,
-1.49714045987583,-1.49683801998683),.UNSPECIFIED.);
#52=B_SPLINE_CURVE_WITH_KNOTS('',3,(#1560,#1561,#1562,#1563,#1564,#1565),
 .UNSPECIFIED.,.F.,.F.,(4,2,4),(1.6852144213438,1.75,2.),.UNSPECIFIED.);
#53=B_SPLINE_CURVE_WITH_KNOTS('',3,(#1708,#1709,#1710,#1711,#1712,#1713,
#1714,#1715,#1716,#1717,#1718,#1719,#1720,#1721,#1722,#1723,#1724,#1725,
#1726,#1727,#1728,#1729,#1730,#1731,#1732,#1733,#1734,#1735),
 .UNSPECIFIED.,.F.,.F.,(4,3,3,3,3,3,3,3,3,4),(0.0293603305326008,0.404981963384619,
0.777453087480162,1.13481904047629,1.55889565668318,1.5823985293491,2.04131517911394,
2.52346936451028,3.02737098349857,3.53896439453139),.UNSPECIFIED.);
#54=B_SPLINE_CURVE_WITH_KNOTS('',3,(#1737,#1738,#1739,#1740,#1741,#1742,
#1743,#1744,#1745,#1746,#1747,#1748,#1749,#1750,#1751,#1752,#1753,#1754,
#1755,#1756,#1757,#1758,#1759,#1760,#1761,#1762,#1763,#1764,#1765,#1766,
#1767,#1768,#1769,#1770,#1771,#1772,#1773,#1774,#1775,#1776,#1777,#1778,
#1779,#1780,#1781,#1782,#1783,#1784,#1785),.UNSPECIFIED.,.F.,.F.,(4,3,3,
3,3,3,3,3,3,3,3,3,3,3,3,3,4),(0.5,0.564562262164125,0.627659396975033,0.688319761644324,
0.746122478476916,0.800959515292282,0.851396345489166,0.899581695007332,
0.945706360721603,0.98931786513601,1.,1.04381348626406,1.08961911008183,
1.13886854079797,1.19033307537365,1.24502676538195,1.24919596902333),
 .UNSPECIFIED.);
#55=B_SPLINE_CURVE_WITH_KNOTS('',3,(#1786,#1787,#1788,#1789,#1790,#1791,
#1792,#1793,#1794,#1795,#1796,#1797,#1798,#1799,#1800,#1801,#1802,#1803,
#1804,#1805,#1806,#1807,#1808,#1809,#1810,#1811,#1812,#1813,#1814,#1815,
#1816),.UNSPECIFIED.,.F.,.F.,(4,3,3,3,3,3,3,3,3,3,4),(0.,0.0361127934983775,
0.0731667145593766,0.111329410515786,0.153438387516909,0.200232667664652,
0.25,0.312905457688647,0.37961342665538,0.452741508079046,0.5),
 .UNSPECIFIED.);
#56=B_SPLINE_CURVE_WITH_KNOTS('',3,(#1818,#1819,#1820,#1821,#1822,#1823,
#1824,#1825,#1826,#1827,#1828,#1829,#1830,#1831,#1832,#1833,#1834,#1835,
#1836,#1837,#1838,#1839,#1840,#1841,#1842,#1843,#1844,#1845,#1846,#1847,
#1848),.UNSPECIFIED.,.F.,.F.,(4,3,3,3,3,3,3,3,3,3,4),(0.,0.0363597109503515,
0.0734558201302599,0.111613008875155,0.153700902899891,0.200472712325556,
0.25,0.31269814013252,0.378962440268736,0.451321427108692,0.5),
 .UNSPECIFIED.);
#57=B_SPLINE_CURVE_WITH_KNOTS('',3,(#1849,#1850,#1851,#1852,#1853,#1854,
#1855,#1856,#1857,#1858,#1859,#1860,#1861),.UNSPECIFIED.,.F.,.F.,(4,3,3,
3,4),(0.5,0.566865835060475,0.631730725218291,0.692763263210076,0.738276867589916),
 .UNSPECIFIED.);
#58=B_SPLINE_CURVE_WITH_KNOTS('',3,(#1952,#1953,#1954,#1955,#1956,#1957,
#1958,#1959,#1960,#1961),.UNSPECIFIED.,.F.,.F.,(4,2,2,2,4),(0.,0.795102385432557,
1.28430406892727,1.51965976970795,1.56051378896902),.UNSPECIFIED.);
#59=B_SPLINE_CURVE_WITH_KNOTS('',3,(#2106,#2107,#2108,#2109,#2110,#2111,
#2112,#2113,#2114,#2115,#2116,#2117,#2118,#2119,#2120,#2121,#2122,#2123,
#2124,#2125,#2126,#2127,#2128,#2129,#2130,#2131,#2132,#2133,#2134,#2135,
#2136,#2137,#2138,#2139),.UNSPECIFIED.,.F.,.F.,(4,3,3,3,3,3,3,3,3,3,3,4),
(0.0835060186852674,0.194361153806481,0.227869516637398,0.413922203346959,
0.536473133439672,0.775202443632277,0.82202841413819,1.07686150027725,1.2589431859847,
1.36410229414189,1.62959908390052,1.91708353656979),.UNSPECIFIED.);
#60=B_SPLINE_CURVE_WITH_KNOTS('',3,(#2310,#2311,#2312,#2313,#2314,#2315,
#2316,#2317),.UNSPECIFIED.,.F.,.F.,(4,2,2,4),(1.44262145260064,1.5,1.75,
2.),.UNSPECIFIED.);
#61=B_SPLINE_CURVE_WITH_KNOTS('',3,(#2319,#2320,#2321,#2322,#2323,#2324,
#2325,#2326,#2327,#2328,#2329,#2330,#2331),.UNSPECIFIED.,.F.,.F.,(4,2,2,
1,2,2,4),(-2.,-1.75,-1.5,-1.,-0.5,-0.25,0.),.UNSPECIFIED.);
#62=B_SPLINE_CURVE_WITH_KNOTS('',3,(#2332,#2333,#2334,#2335,#2336,#2337,
#2338,#2339),.UNSPECIFIED.,.F.,.F.,(4,2,2,4),(1.44262487839399,1.5,1.75,
2.),.UNSPECIFIED.);
#63=B_SPLINE_CURVE_WITH_KNOTS('',3,(#2511,#2512,#2513,#2514,#2515,#2516,
#2517,#2518),.UNSPECIFIED.,.F.,.F.,(4,2,2,4),(-2.51727021729813,-1.96678432313704,
-1.38468429487206,0.),.UNSPECIFIED.);
#64=B_SPLINE_CURVE_WITH_KNOTS('',3,(#2519,#2520,#2521,#2522,#2523,#2524,
#2525,#2526),.UNSPECIFIED.,.F.,.F.,(4,2,2,4),(-2.,-1.75,-1.5,-1.24069110483821),
 .UNSPECIFIED.);
#65=B_SPLINE_CURVE_WITH_KNOTS('',3,(#2527,#2528,#2529,#2530,#2531,#2532,
#2533,#2534,#2535),.UNSPECIFIED.,.F.,.F.,(4,2,2,1,4),(0.,0.25,0.5,1.,1.22874581312982),
 .UNSPECIFIED.);
#66=B_SPLINE_CURVE_WITH_KNOTS('',3,(#2705,#2706,#2707,#2708,#2709,#2710,
#2711,#2712,#2713,#2714),.UNSPECIFIED.,.F.,.F.,(4,2,2,2,4),(-3.59980602993642,
-2.32601962582743,-1.87502225784915,-1.38549918250705,-1.32382326118505),
 .UNSPECIFIED.);
#67=B_SPLINE_CURVE_WITH_KNOTS('',3,(#2716,#2717,#2718,#2719,#2720,#2721,
#2722,#2723,#2724,#2725,#2726,#2727),.UNSPECIFIED.,.F.,.F.,(4,2,2,2,2,4),
(-3.07892821022172,-2.64717147778961,-2.12441494292866,-1.62479530808383,
-1.15811657635712,0.),.UNSPECIFIED.);
#68=SHAPE_REPRESENTATION_RELATIONSHIP('SRR','None',#2927,#71);
#69=SHAPE_REPRESENTATION_RELATIONSHIP('SRR','None',#2928,#72);
#70=SHAPE_REPRESENTATION_RELATIONSHIP('SRR','None',#2929,#73);
#71=ADVANCED_BREP_SHAPE_REPRESENTATION('',(#78),#2907);
#72=ADVANCED_BREP_SHAPE_REPRESENTATION('',(#79),#2908);
#73=ADVANCED_BREP_SHAPE_REPRESENTATION('',(#80),#2909);
#74=STYLED_ITEM('',(#2950),#78);
#75=STYLED_ITEM('',(#2951),#79);
#76=STYLED_ITEM('',(#2953),#80);
#77=STYLED_ITEM('',(#2954),#13);
#78=MANIFOLD_SOLID_BREP('martini glass',#635);
#79=MANIFOLD_SOLID_BREP('liquid',#636);
#80=MANIFOLD_SOLID_BREP('lemon',#637);
#81=FACE_BOUND('',#158,.T.);
#82=(
BOUNDED_SURFACE()
B_SPLINE_SURFACE(2,2,((#944,#945,#946,#947,#948,#949,#950,#951,#952),(#953,
#954,#955,#956,#957,#958,#959,#960,#961),(#962,#963,#964,#965,#966,#967,
#968,#969,#970)),.UNSPECIFIED.,.F.,.T.,.F.)
B_SPLINE_SURFACE_WITH_KNOTS((3,3),(3,2,2,2,3),(0.624342548182932,1.48839048878931),
(-3.14159265358979,-1.5707963267949,0.,1.5707963267949,3.14159265358979),
 .UNSPECIFIED.)
GEOMETRIC_REPRESENTATION_ITEM()
RATIONAL_B_SPLINE_SURFACE(((1.,0.707106781186548,1.,0.707106781186548,1.,
0.707106781186548,1.,0.707106781186548,1.),(0.908120154358181,0.642137919278844,
0.908120154358181,0.642137919278844,0.908120154358181,0.642137919278844,
0.908120154358181,0.642137919278844,0.908120154358181),(1.,0.707106781186548,
1.,0.707106781186548,1.,0.707106781186548,1.,0.707106781186548,1.)))
REPRESENTATION_ITEM('')
SURFACE()
);
#83=(
BOUNDED_SURFACE()
B_SPLINE_SURFACE(2,2,((#1041,#1042,#1043,#1044,#1045,#1046,#1047,#1048,
#1049),(#1050,#1051,#1052,#1053,#1054,#1055,#1056,#1057,#1058),(#1059,#1060,
#1061,#1062,#1063,#1064,#1065,#1066,#1067)),.UNSPECIFIED.,.F.,.T.,.F.)
B_SPLINE_SURFACE_WITH_KNOTS((3,3),(3,2,2,2,3),(0.624342548182931,1.48989208492592),
(-3.14159265358979,-1.5707963267949,0.,1.5707963267949,3.14159265358979),
 .UNSPECIFIED.)
GEOMETRIC_REPRESENTATION_ITEM()
RATIONAL_B_SPLINE_SURFACE(((1.,0.707106781186548,1.,0.707106781186548,1.,
0.707106781186548,1.,0.707106781186548,1.),(0.907805532025924,0.641915447694192,
0.907805532025924,0.641915447694192,0.907805532025924,0.641915447694192,
0.907805532025924,0.641915447694192,0.907805532025924),(1.,0.707106781186548,
1.,0.707106781186548,1.,0.707106781186548,1.,0.707106781186548,1.)))
REPRESENTATION_ITEM('')
SURFACE()
);
#84=PLANE('',#689);
#85=PLANE('',#727);
#86=PLANE('',#737);
#87=PLANE('',#739);
#88=PLANE('',#740);
#89=PLANE('',#741);
#90=PLANE('',#742);
#91=CONICAL_SURFACE('',#683,18.4013078943073,0.926181026773632);
#92=CONICAL_SURFACE('',#693,42.2474584944123,0.624342548182933);
#93=CONICAL_SURFACE('',#700,44.4074932055676,0.63358984625945);
#94=CONICAL_SURFACE('',#714,33.4391074705514,1.33855475850798);
#95=CONICAL_SURFACE('',#721,40.7070706249937,0.333544139121354);
#96=CONICAL_SURFACE('',#735,42.6531323031504,0.624342548182933);
#97=TOROIDAL_SURFACE('',#679,18.7733295379293,0.5);
#98=TOROIDAL_SURFACE('',#686,11.7199309567855,10.0000000000007);
#99=TOROIDAL_SURFACE('',#696,64.0600361742033,1.99999999999999);
#100=TOROIDAL_SURFACE('',#703,98.0925206549537,93.0000000000006);
#101=TOROIDAL_SURFACE('',#710,34.0925206549531,29.);
#102=TOROIDAL_SURFACE('',#717,39.0000004802289,2.00000000000002);
#103=TOROIDAL_SURFACE('',#724,38.3983669789313,2.24999999999999);
#104=TOROIDAL_SURFACE('',#729,19.7733295379293,0.499999999999998);
#105=FACE_OUTER_BOUND('',#141,.T.);
#106=FACE_OUTER_BOUND('',#142,.T.);
#107=FACE_OUTER_BOUND('',#143,.T.);
#108=FACE_OUTER_BOUND('',#144,.T.);
#109=FACE_OUTER_BOUND('',#145,.T.);
#110=FACE_OUTER_BOUND('',#146,.T.);
#111=FACE_OUTER_BOUND('',#147,.T.);
#112=FACE_OUTER_BOUND('',#148,.T.);
#113=FACE_OUTER_BOUND('',#149,.T.);
#114=FACE_OUTER_BOUND('',#150,.T.);
#115=FACE_OUTER_BOUND('',#151,.T.);
#116=FACE_OUTER_BOUND('',#152,.T.);
#117=FACE_OUTER_BOUND('',#153,.T.);
#118=FACE_OUTER_BOUND('',#154,.T.);
#119=FACE_OUTER_BOUND('',#155,.T.);
#120=FACE_OUTER_BOUND('',#156,.T.);
#121=FACE_OUTER_BOUND('',#157,.T.);
#122=FACE_OUTER_BOUND('',#159,.T.);
#123=FACE_OUTER_BOUND('',#160,.T.);
#124=FACE_OUTER_BOUND('',#161,.T.);
#125=FACE_OUTER_BOUND('',#162,.T.);
#126=FACE_OUTER_BOUND('',#163,.T.);
#127=FACE_OUTER_BOUND('',#164,.T.);
#128=FACE_OUTER_BOUND('',#165,.T.);
#129=FACE_OUTER_BOUND('',#166,.T.);
#130=FACE_OUTER_BOUND('',#167,.T.);
#131=FACE_OUTER_BOUND('',#168,.T.);
#132=FACE_OUTER_BOUND('',#169,.T.);
#133=FACE_OUTER_BOUND('',#170,.T.);
#134=FACE_OUTER_BOUND('',#171,.T.);
#135=FACE_OUTER_BOUND('',#172,.T.);
#136=FACE_OUTER_BOUND('',#173,.T.);
#137=FACE_OUTER_BOUND('',#174,.T.);
#138=FACE_OUTER_BOUND('',#175,.T.);
#139=FACE_OUTER_BOUND('',#176,.T.);
#140=FACE_OUTER_BOUND('',#177,.T.);
#141=EDGE_LOOP('',(#413,#414,#415,#416,#417,#418));
#142=EDGE_LOOP('',(#419,#420,#421,#422,#423,#424));
#143=EDGE_LOOP('',(#425,#426,#427,#428,#429,#430));
#144=EDGE_LOOP('',(#431,#432,#433,#434,#435));
#145=EDGE_LOOP('',(#436));
#146=EDGE_LOOP('',(#437,#438,#439,#440));
#147=EDGE_LOOP('',(#441,#442,#443,#444,#445,#446));
#148=EDGE_LOOP('',(#447,#448,#449,#450,#451,#452));
#149=EDGE_LOOP('',(#453,#454,#455,#456,#457,#458));
#150=EDGE_LOOP('',(#459,#460,#461,#462,#463,#464));
#151=EDGE_LOOP('',(#465,#466,#467,#468,#469,#470));
#152=EDGE_LOOP('',(#471,#472,#473,#474,#475,#476));
#153=EDGE_LOOP('',(#477,#478,#479,#480,#481,#482));
#154=EDGE_LOOP('',(#483,#484,#485,#486,#487,#488));
#155=EDGE_LOOP('',(#489,#490,#491,#492,#493,#494));
#156=EDGE_LOOP('',(#495,#496,#497,#498,#499));
#157=EDGE_LOOP('',(#500));
#158=EDGE_LOOP('',(#501));
#159=EDGE_LOOP('',(#502,#503,#504,#505,#506));
#160=EDGE_LOOP('',(#507,#508,#509,#510));
#161=EDGE_LOOP('',(#511,#512,#513,#514,#515));
#162=EDGE_LOOP('',(#516));
#163=EDGE_LOOP('',(#517,#518,#519));
#164=EDGE_LOOP('',(#520,#521,#522));
#165=EDGE_LOOP('',(#523,#524,#525,#526,#527,#528,#529,#530,#531,#532));
#166=EDGE_LOOP('',(#533,#534,#535,#536,#537));
#167=EDGE_LOOP('',(#538,#539,#540,#541));
#168=EDGE_LOOP('',(#542,#543,#544,#545));
#169=EDGE_LOOP('',(#546,#547,#548,#549,#550,#551));
#170=EDGE_LOOP('',(#552,#553,#554,#555,#556,#557,#558,#559));
#171=EDGE_LOOP('',(#560,#561,#562,#563,#564));
#172=EDGE_LOOP('',(#565,#566,#567,#568,#569,#570));
#173=EDGE_LOOP('',(#571,#572,#573,#574));
#174=EDGE_LOOP('',(#575,#576,#577,#578));
#175=EDGE_LOOP('',(#579,#580,#581,#582));
#176=EDGE_LOOP('',(#583,#584,#585,#586,#587,#588,#589,#590,#591,#592));
#177=EDGE_LOOP('',(#593,#594,#595,#596));
#178=LINE('',#923,#196);
#179=LINE('',#935,#197);
#180=LINE('',#979,#198);
#181=LINE('',#993,#199);
#182=LINE('',#1005,#200);
#183=LINE('',#1017,#201);
#184=LINE('',#1029,#202);
#185=LINE('',#1076,#203);
#186=LINE('',#1083,#204);
#187=LINE('',#1085,#205);
#188=LINE('',#1086,#206);
#189=LINE('',#1090,#207);
#190=LINE('',#1092,#208);
#191=LINE('',#1093,#209);
#192=LINE('',#1176,#210);
#193=LINE('',#1216,#211);
#194=LINE('',#1280,#212);
#195=LINE('',#1375,#213);
#196=VECTOR('',#757,19.2733295379293);
#197=VECTOR('',#772,18.4013078943073);
#198=VECTOR('',#793,42.2474584944123);
#199=VECTOR('',#810,44.4074932055676);
#200=VECTOR('',#825,5.0925206549531);
#201=VECTOR('',#840,33.4391074705514);
#202=VECTOR('',#855,40.7070706249937);
#203=VECTOR('',#882,42.6531323031505);
#204=VECTOR('',#891,17.034);
#205=VECTOR('',#892,17.034);
#206=VECTOR('',#893,17.034);
#207=VECTOR('',#896,17.034);
#208=VECTOR('',#897,17.034);
#209=VECTOR('',#898,17.034);
#210=VECTOR('',#901,17.034);
#211=VECTOR('',#902,17.034);
#212=VECTOR('',#903,17.034);
#213=VECTOR('',#904,17.034);
#214=CIRCLE('',#675,19.2733295379293);
#215=CIRCLE('',#676,19.2733295379293);
#216=CIRCLE('',#677,19.2733295379293);
#217=CIRCLE('',#678,19.2733295379293);
#218=CIRCLE('',#680,0.5);
#219=CIRCLE('',#681,19.073775028115);
#220=CIRCLE('',#682,19.073775028115);
#221=CIRCLE('',#684,17.7288407604996);
#222=CIRCLE('',#685,17.7288407604996);
#223=CIRCLE('',#687,10.0000000000007);
#224=CIRCLE('',#688,11.7199309567855);
#225=CIRCLE('',#690,27.);
#226=CIRCLE('',#691,19.6839453690014);
#227=CIRCLE('',#692,19.6839453690014);
#228=CIRCLE('',#694,64.8109716198232);
#229=CIRCLE('',#695,64.8109716198232);
#230=CIRCLE('',#697,65.6718509086653);
#231=CIRCLE('',#698,65.6718509086653);
#232=CIRCLE('',#699,1.99999999999999);
#233=CIRCLE('',#701,23.14313550247);
#234=CIRCLE('',#702,23.14313550247);
#235=CIRCLE('',#704,93.0000000000006);
#236=CIRCLE('',#705,5.09252065495311);
#237=CIRCLE('',#706,5.09252065495311);
#238=CIRCLE('',#708,5.0925206549531);
#239=CIRCLE('',#709,5.0925206549531);
#240=CIRCLE('',#711,29.);
#241=CIRCLE('',#712,27.4178954835347);
#242=CIRCLE('',#713,27.4178954835347);
#243=CIRCLE('',#715,39.4603194575681);
#244=CIRCLE('',#716,39.4603194575681);
#245=CIRCLE('',#718,40.8897763817946);
#246=CIRCLE('',#719,40.8897763817946);
#247=CIRCLE('',#720,2.00000000000002);
#248=CIRCLE('',#722,40.5243648681927);
#249=CIRCLE('',#723,40.5243648681927);
#250=CIRCLE('',#725,38.3983669789313);
#251=CIRCLE('',#726,2.24999999999999);
#252=CIRCLE('',#728,19.7733295379293);
#253=CIRCLE('',#730,0.499999999999998);
#254=CIRCLE('',#732,27.4999999999999);
#255=CIRCLE('',#733,20.0896191777395);
#256=CIRCLE('',#734,20.0896191777395);
#257=CIRCLE('',#736,58.327805880116);
#258=VERTEX_POINT('',#918);
#259=VERTEX_POINT('',#919);
#260=VERTEX_POINT('',#922);
#261=VERTEX_POINT('',#924);
#262=VERTEX_POINT('',#928);
#263=VERTEX_POINT('',#930);
#264=VERTEX_POINT('',#934);
#265=VERTEX_POINT('',#936);
#266=VERTEX_POINT('',#940);
#267=VERTEX_POINT('',#971);
#268=VERTEX_POINT('',#972);
#269=VERTEX_POINT('',#974);
#270=VERTEX_POINT('',#978);
#271=VERTEX_POINT('',#980);
#272=VERTEX_POINT('',#984);
#273=VERTEX_POINT('',#985);
#274=VERTEX_POINT('',#990);
#275=VERTEX_POINT('',#991);
#276=VERTEX_POINT('',#996);
#277=VERTEX_POINT('',#998);
#278=VERTEX_POINT('',#1002);
#279=VERTEX_POINT('',#1003);
#280=VERTEX_POINT('',#1008);
#281=VERTEX_POINT('',#1010);
#282=VERTEX_POINT('',#1014);
#283=VERTEX_POINT('',#1015);
#284=VERTEX_POINT('',#1020);
#285=VERTEX_POINT('',#1021);
#286=VERTEX_POINT('',#1026);
#287=VERTEX_POINT('',#1027);
#288=VERTEX_POINT('',#1032);
#289=VERTEX_POINT('',#1036);
#290=VERTEX_POINT('',#1068);
#291=VERTEX_POINT('',#1069);
#292=VERTEX_POINT('',#1071);
#293=VERTEX_POINT('',#1075);
#294=VERTEX_POINT('',#1081);
#295=VERTEX_POINT('',#1082);
#296=VERTEX_POINT('',#1084);
#297=VERTEX_POINT('',#1088);
#298=VERTEX_POINT('',#1089);
#299=VERTEX_POINT('',#1091);
#300=VERTEX_POINT('',#1095);
#301=VERTEX_POINT('',#1115);
#302=VERTEX_POINT('',#1175);
#303=VERTEX_POINT('',#1177);
#304=VERTEX_POINT('',#1192);
#305=VERTEX_POINT('',#1207);
#306=VERTEX_POINT('',#1279);
#307=VERTEX_POINT('',#1281);
#308=VERTEX_POINT('',#1355);
#309=VERTEX_POINT('',#1528);
#310=VERTEX_POINT('',#1535);
#311=VERTEX_POINT('',#1544);
#312=VERTEX_POINT('',#1551);
#313=VERTEX_POINT('',#1706);
#314=VERTEX_POINT('',#1707);
#315=VERTEX_POINT('',#1736);
#316=VERTEX_POINT('',#1817);
#317=VERTEX_POINT('',#2309);
#318=VERTEX_POINT('',#2318);
#319=VERTEX_POINT('',#2509);
#320=VERTEX_POINT('',#2510);
#321=EDGE_CURVE('',#258,#259,#214,.T.);
#322=EDGE_CURVE('',#259,#258,#215,.T.);
#323=EDGE_CURVE('',#258,#260,#178,.T.);
#324=EDGE_CURVE('',#261,#260,#216,.T.);
#325=EDGE_CURVE('',#260,#261,#217,.T.);
#326=EDGE_CURVE('',#261,#262,#218,.T.);
#327=EDGE_CURVE('',#263,#262,#219,.T.);
#328=EDGE_CURVE('',#262,#263,#220,.T.);
#329=EDGE_CURVE('',#263,#264,#179,.T.);
#330=EDGE_CURVE('',#265,#264,#221,.T.);
#331=EDGE_CURVE('',#264,#265,#222,.T.);
#332=EDGE_CURVE('',#265,#266,#223,.T.);
#333=EDGE_CURVE('',#266,#266,#224,.T.);
#334=EDGE_CURVE('',#267,#268,#225,.T.);
#335=EDGE_CURVE('',#269,#268,#226,.T.);
#336=EDGE_CURVE('',#268,#269,#227,.T.);
#337=EDGE_CURVE('',#269,#270,#180,.T.);
#338=EDGE_CURVE('',#271,#270,#228,.T.);
#339=EDGE_CURVE('',#270,#271,#229,.T.);
#340=EDGE_CURVE('',#272,#273,#230,.T.);
#341=EDGE_CURVE('',#273,#272,#231,.T.);
#342=EDGE_CURVE('',#273,#271,#232,.T.);
#343=EDGE_CURVE('',#274,#275,#233,.T.);
#344=EDGE_CURVE('',#274,#272,#181,.T.);
#345=EDGE_CURVE('',#275,#274,#234,.T.);
#346=EDGE_CURVE('',#275,#276,#235,.T.);
#347=EDGE_CURVE('',#277,#276,#236,.T.);
#348=EDGE_CURVE('',#276,#277,#237,.T.);
#349=EDGE_CURVE('',#278,#279,#238,.T.);
#350=EDGE_CURVE('',#278,#277,#182,.T.);
#351=EDGE_CURVE('',#279,#278,#239,.T.);
#352=EDGE_CURVE('',#279,#280,#240,.T.);
#353=EDGE_CURVE('',#281,#280,#241,.T.);
#354=EDGE_CURVE('',#280,#281,#242,.T.);
#355=EDGE_CURVE('',#282,#283,#243,.T.);
#356=EDGE_CURVE('',#282,#281,#183,.T.);
#357=EDGE_CURVE('',#283,#282,#244,.T.);
#358=EDGE_CURVE('',#284,#285,#245,.T.);
#359=EDGE_CURVE('',#285,#284,#246,.T.);
#360=EDGE_CURVE('',#285,#283,#247,.T.);
#361=EDGE_CURVE('',#286,#287,#248,.T.);
#362=EDGE_CURVE('',#286,#284,#184,.T.);
#363=EDGE_CURVE('',#287,#286,#249,.T.);
#364=EDGE_CURVE('',#288,#288,#250,.T.);
#365=EDGE_CURVE('',#288,#287,#251,.T.);
#366=EDGE_CURVE('',#289,#289,#252,.T.);
#367=EDGE_CURVE('',#259,#289,#253,.T.);
#368=EDGE_CURVE('',#290,#291,#254,.T.);
#369=EDGE_CURVE('',#291,#292,#255,.T.);
#370=EDGE_CURVE('',#292,#291,#256,.T.);
#371=EDGE_CURVE('',#292,#293,#185,.T.);
#372=EDGE_CURVE('',#293,#293,#257,.T.);
#373=EDGE_CURVE('',#294,#295,#186,.T.);
#374=EDGE_CURVE('',#296,#294,#187,.T.);
#375=EDGE_CURVE('',#295,#296,#188,.T.);
#376=EDGE_CURVE('',#297,#298,#189,.T.);
#377=EDGE_CURVE('',#297,#299,#190,.T.);
#378=EDGE_CURVE('',#298,#299,#191,.T.);
#379=EDGE_CURVE('',#299,#300,#38,.T.);
#380=EDGE_CURVE('',#300,#301,#39,.T.);
#381=EDGE_CURVE('',#301,#296,#40,.T.);
#382=EDGE_CURVE('',#294,#302,#192,.T.);
#383=EDGE_CURVE('',#302,#303,#41,.T.);
#384=EDGE_CURVE('',#303,#304,#42,.T.);
#385=EDGE_CURVE('',#304,#305,#43,.T.);
#386=EDGE_CURVE('',#305,#298,#193,.T.);
#387=EDGE_CURVE('',#306,#301,#194,.T.);
#388=EDGE_CURVE('',#307,#306,#44,.F.);
#389=EDGE_CURVE('',#295,#307,#45,.F.);
#390=EDGE_CURVE('',#308,#297,#46,.F.);
#391=EDGE_CURVE('',#308,#300,#195,.T.);
#392=EDGE_CURVE('',#306,#308,#47,.F.);
#393=EDGE_CURVE('',#308,#309,#48,.T.);
#394=EDGE_CURVE('',#310,#309,#49,.T.);
#395=EDGE_CURVE('',#311,#310,#50,.T.);
#396=EDGE_CURVE('',#312,#311,#51,.T.);
#397=EDGE_CURVE('',#306,#312,#52,.T.);
#398=EDGE_CURVE('',#313,#314,#53,.T.);
#399=EDGE_CURVE('',#315,#313,#54,.T.);
#400=EDGE_CURVE('',#312,#315,#55,.T.);
#401=EDGE_CURVE('',#309,#316,#56,.T.);
#402=EDGE_CURVE('',#316,#314,#57,.T.);
#403=EDGE_CURVE('',#314,#297,#58,.T.);
#404=EDGE_CURVE('',#295,#313,#59,.T.);
#405=EDGE_CURVE('',#303,#317,#60,.T.);
#406=EDGE_CURVE('',#317,#318,#61,.T.);
#407=EDGE_CURVE('',#304,#318,#62,.T.);
#408=EDGE_CURVE('',#319,#320,#63,.T.);
#409=EDGE_CURVE('',#318,#320,#64,.T.);
#410=EDGE_CURVE('',#317,#319,#65,.T.);
#411=EDGE_CURVE('',#320,#305,#66,.T.);
#412=EDGE_CURVE('',#302,#319,#67,.T.);
#413=ORIENTED_EDGE('',*,*,#321,.T.);
#414=ORIENTED_EDGE('',*,*,#322,.T.);
#415=ORIENTED_EDGE('',*,*,#323,.T.);
#416=ORIENTED_EDGE('',*,*,#324,.F.);
#417=ORIENTED_EDGE('',*,*,#325,.F.);
#418=ORIENTED_EDGE('',*,*,#323,.F.);
#419=ORIENTED_EDGE('',*,*,#325,.T.);
#420=ORIENTED_EDGE('',*,*,#326,.T.);
#421=ORIENTED_EDGE('',*,*,#327,.F.);
#422=ORIENTED_EDGE('',*,*,#328,.F.);
#423=ORIENTED_EDGE('',*,*,#326,.F.);
#424=ORIENTED_EDGE('',*,*,#324,.T.);
#425=ORIENTED_EDGE('',*,*,#327,.T.);
#426=ORIENTED_EDGE('',*,*,#328,.T.);
#427=ORIENTED_EDGE('',*,*,#329,.T.);
#428=ORIENTED_EDGE('',*,*,#330,.F.);
#429=ORIENTED_EDGE('',*,*,#331,.F.);
#430=ORIENTED_EDGE('',*,*,#329,.F.);
#431=ORIENTED_EDGE('',*,*,#331,.T.);
#432=ORIENTED_EDGE('',*,*,#332,.T.);
#433=ORIENTED_EDGE('',*,*,#333,.F.);
#434=ORIENTED_EDGE('',*,*,#332,.F.);
#435=ORIENTED_EDGE('',*,*,#330,.T.);
#436=ORIENTED_EDGE('',*,*,#333,.T.);
#437=ORIENTED_EDGE('',*,*,#334,.T.);
#438=ORIENTED_EDGE('',*,*,#335,.F.);
#439=ORIENTED_EDGE('',*,*,#336,.F.);
#440=ORIENTED_EDGE('',*,*,#334,.F.);
#441=ORIENTED_EDGE('',*,*,#335,.T.);
#442=ORIENTED_EDGE('',*,*,#336,.T.);
#443=ORIENTED_EDGE('',*,*,#337,.T.);
#444=ORIENTED_EDGE('',*,*,#338,.F.);
#445=ORIENTED_EDGE('',*,*,#339,.F.);
#446=ORIENTED_EDGE('',*,*,#337,.F.);
#447=ORIENTED_EDGE('',*,*,#340,.F.);
#448=ORIENTED_EDGE('',*,*,#341,.F.);
#449=ORIENTED_EDGE('',*,*,#342,.T.);
#450=ORIENTED_EDGE('',*,*,#338,.T.);
#451=ORIENTED_EDGE('',*,*,#339,.T.);
#452=ORIENTED_EDGE('',*,*,#342,.F.);
#453=ORIENTED_EDGE('',*,*,#343,.F.);
#454=ORIENTED_EDGE('',*,*,#344,.T.);
#455=ORIENTED_EDGE('',*,*,#340,.T.);
#456=ORIENTED_EDGE('',*,*,#341,.T.);
#457=ORIENTED_EDGE('',*,*,#344,.F.);
#458=ORIENTED_EDGE('',*,*,#345,.F.);
#459=ORIENTED_EDGE('',*,*,#343,.T.);
#460=ORIENTED_EDGE('',*,*,#346,.T.);
#461=ORIENTED_EDGE('',*,*,#347,.F.);
#462=ORIENTED_EDGE('',*,*,#348,.F.);
#463=ORIENTED_EDGE('',*,*,#346,.F.);
#464=ORIENTED_EDGE('',*,*,#345,.T.);
#465=ORIENTED_EDGE('',*,*,#349,.F.);
#466=ORIENTED_EDGE('',*,*,#350,.T.);
#467=ORIENTED_EDGE('',*,*,#347,.T.);
#468=ORIENTED_EDGE('',*,*,#348,.T.);
#469=ORIENTED_EDGE('',*,*,#350,.F.);
#470=ORIENTED_EDGE('',*,*,#351,.F.);
#471=ORIENTED_EDGE('',*,*,#349,.T.);
#472=ORIENTED_EDGE('',*,*,#352,.T.);
#473=ORIENTED_EDGE('',*,*,#353,.F.);
#474=ORIENTED_EDGE('',*,*,#354,.F.);
#475=ORIENTED_EDGE('',*,*,#352,.F.);
#476=ORIENTED_EDGE('',*,*,#351,.T.);
#477=ORIENTED_EDGE('',*,*,#355,.F.);
#478=ORIENTED_EDGE('',*,*,#356,.T.);
#479=ORIENTED_EDGE('',*,*,#353,.T.);
#480=ORIENTED_EDGE('',*,*,#354,.T.);
#481=ORIENTED_EDGE('',*,*,#356,.F.);
#482=ORIENTED_EDGE('',*,*,#357,.F.);
#483=ORIENTED_EDGE('',*,*,#358,.F.);
#484=ORIENTED_EDGE('',*,*,#359,.F.);
#485=ORIENTED_EDGE('',*,*,#360,.T.);
#486=ORIENTED_EDGE('',*,*,#357,.T.);
#487=ORIENTED_EDGE('',*,*,#355,.T.);
#488=ORIENTED_EDGE('',*,*,#360,.F.);
#489=ORIENTED_EDGE('',*,*,#361,.F.);
#490=ORIENTED_EDGE('',*,*,#362,.T.);
#491=ORIENTED_EDGE('',*,*,#358,.T.);
#492=ORIENTED_EDGE('',*,*,#359,.T.);
#493=ORIENTED_EDGE('',*,*,#362,.F.);
#494=ORIENTED_EDGE('',*,*,#363,.F.);
#495=ORIENTED_EDGE('',*,*,#364,.F.);
#496=ORIENTED_EDGE('',*,*,#365,.T.);
#497=ORIENTED_EDGE('',*,*,#363,.T.);
#498=ORIENTED_EDGE('',*,*,#361,.T.);
#499=ORIENTED_EDGE('',*,*,#365,.F.);
#500=ORIENTED_EDGE('',*,*,#364,.T.);
#501=ORIENTED_EDGE('',*,*,#366,.F.);
#502=ORIENTED_EDGE('',*,*,#321,.F.);
#503=ORIENTED_EDGE('',*,*,#322,.F.);
#504=ORIENTED_EDGE('',*,*,#367,.T.);
#505=ORIENTED_EDGE('',*,*,#366,.T.);
#506=ORIENTED_EDGE('',*,*,#367,.F.);
#507=ORIENTED_EDGE('',*,*,#368,.T.);
#508=ORIENTED_EDGE('',*,*,#369,.T.);
#509=ORIENTED_EDGE('',*,*,#370,.T.);
#510=ORIENTED_EDGE('',*,*,#368,.F.);
#511=ORIENTED_EDGE('',*,*,#370,.F.);
#512=ORIENTED_EDGE('',*,*,#371,.T.);
#513=ORIENTED_EDGE('',*,*,#372,.F.);
#514=ORIENTED_EDGE('',*,*,#371,.F.);
#515=ORIENTED_EDGE('',*,*,#369,.F.);
#516=ORIENTED_EDGE('',*,*,#372,.T.);
#517=ORIENTED_EDGE('',*,*,#373,.F.);
#518=ORIENTED_EDGE('',*,*,#374,.F.);
#519=ORIENTED_EDGE('',*,*,#375,.F.);
#520=ORIENTED_EDGE('',*,*,#376,.F.);
#521=ORIENTED_EDGE('',*,*,#377,.T.);
#522=ORIENTED_EDGE('',*,*,#378,.F.);
#523=ORIENTED_EDGE('',*,*,#378,.T.);
#524=ORIENTED_EDGE('',*,*,#379,.T.);
#525=ORIENTED_EDGE('',*,*,#380,.T.);
#526=ORIENTED_EDGE('',*,*,#381,.T.);
#527=ORIENTED_EDGE('',*,*,#374,.T.);
#528=ORIENTED_EDGE('',*,*,#382,.T.);
#529=ORIENTED_EDGE('',*,*,#383,.T.);
#530=ORIENTED_EDGE('',*,*,#384,.T.);
#531=ORIENTED_EDGE('',*,*,#385,.T.);
#532=ORIENTED_EDGE('',*,*,#386,.T.);
#533=ORIENTED_EDGE('',*,*,#381,.F.);
#534=ORIENTED_EDGE('',*,*,#387,.F.);
#535=ORIENTED_EDGE('',*,*,#388,.F.);
#536=ORIENTED_EDGE('',*,*,#389,.F.);
#537=ORIENTED_EDGE('',*,*,#375,.T.);
#538=ORIENTED_EDGE('',*,*,#379,.F.);
#539=ORIENTED_EDGE('',*,*,#377,.F.);
#540=ORIENTED_EDGE('',*,*,#390,.F.);
#541=ORIENTED_EDGE('',*,*,#391,.T.);
#542=ORIENTED_EDGE('',*,*,#380,.F.);
#543=ORIENTED_EDGE('',*,*,#391,.F.);
#544=ORIENTED_EDGE('',*,*,#392,.F.);
#545=ORIENTED_EDGE('',*,*,#387,.T.);
#546=ORIENTED_EDGE('',*,*,#392,.T.);
#547=ORIENTED_EDGE('',*,*,#393,.T.);
#548=ORIENTED_EDGE('',*,*,#394,.F.);
#549=ORIENTED_EDGE('',*,*,#395,.F.);
#550=ORIENTED_EDGE('',*,*,#396,.F.);
#551=ORIENTED_EDGE('',*,*,#397,.F.);
#552=ORIENTED_EDGE('',*,*,#398,.F.);
#553=ORIENTED_EDGE('',*,*,#399,.F.);
#554=ORIENTED_EDGE('',*,*,#400,.F.);
#555=ORIENTED_EDGE('',*,*,#396,.T.);
#556=ORIENTED_EDGE('',*,*,#395,.T.);
#557=ORIENTED_EDGE('',*,*,#394,.T.);
#558=ORIENTED_EDGE('',*,*,#401,.T.);
#559=ORIENTED_EDGE('',*,*,#402,.T.);
#560=ORIENTED_EDGE('',*,*,#390,.T.);
#561=ORIENTED_EDGE('',*,*,#403,.F.);
#562=ORIENTED_EDGE('',*,*,#402,.F.);
#563=ORIENTED_EDGE('',*,*,#401,.F.);
#564=ORIENTED_EDGE('',*,*,#393,.F.);
#565=ORIENTED_EDGE('',*,*,#389,.T.);
#566=ORIENTED_EDGE('',*,*,#388,.T.);
#567=ORIENTED_EDGE('',*,*,#397,.T.);
#568=ORIENTED_EDGE('',*,*,#400,.T.);
#569=ORIENTED_EDGE('',*,*,#399,.T.);
#570=ORIENTED_EDGE('',*,*,#404,.F.);
#571=ORIENTED_EDGE('',*,*,#384,.F.);
#572=ORIENTED_EDGE('',*,*,#405,.T.);
#573=ORIENTED_EDGE('',*,*,#406,.T.);
#574=ORIENTED_EDGE('',*,*,#407,.F.);
#575=ORIENTED_EDGE('',*,*,#408,.T.);
#576=ORIENTED_EDGE('',*,*,#409,.F.);
#577=ORIENTED_EDGE('',*,*,#406,.F.);
#578=ORIENTED_EDGE('',*,*,#410,.T.);
#579=ORIENTED_EDGE('',*,*,#385,.F.);
#580=ORIENTED_EDGE('',*,*,#407,.T.);
#581=ORIENTED_EDGE('',*,*,#409,.T.);
#582=ORIENTED_EDGE('',*,*,#411,.T.);
#583=ORIENTED_EDGE('',*,*,#376,.T.);
#584=ORIENTED_EDGE('',*,*,#386,.F.);
#585=ORIENTED_EDGE('',*,*,#411,.F.);
#586=ORIENTED_EDGE('',*,*,#408,.F.);
#587=ORIENTED_EDGE('',*,*,#412,.F.);
#588=ORIENTED_EDGE('',*,*,#382,.F.);
#589=ORIENTED_EDGE('',*,*,#373,.T.);
#590=ORIENTED_EDGE('',*,*,#404,.T.);
#591=ORIENTED_EDGE('',*,*,#398,.T.);
#592=ORIENTED_EDGE('',*,*,#403,.T.);
#593=ORIENTED_EDGE('',*,*,#383,.F.);
#594=ORIENTED_EDGE('',*,*,#412,.T.);
#595=ORIENTED_EDGE('',*,*,#410,.F.);
#596=ORIENTED_EDGE('',*,*,#405,.F.);
#597=CYLINDRICAL_SURFACE('',#674,19.2733295379293);
#598=CYLINDRICAL_SURFACE('',#707,5.0925206549531);
#599=ADVANCED_FACE('',(#105),#597,.F.);
#600=ADVANCED_FACE('',(#106),#97,.F.);
#601=ADVANCED_FACE('',(#107),#91,.F.);
#602=ADVANCED_FACE('',(#108),#98,.F.);
#603=ADVANCED_FACE('',(#109),#84,.T.);
#604=ADVANCED_FACE('',(#110),#82,.T.);
#605=ADVANCED_FACE('',(#111),#92,.F.);
#606=ADVANCED_FACE('',(#112),#99,.T.);
#607=ADVANCED_FACE('',(#113),#93,.T.);
#608=ADVANCED_FACE('',(#114),#100,.F.);
#609=ADVANCED_FACE('',(#115),#598,.T.);
#610=ADVANCED_FACE('',(#116),#101,.F.);
#611=ADVANCED_FACE('',(#117),#94,.T.);
#612=ADVANCED_FACE('',(#118),#102,.T.);
#613=ADVANCED_FACE('',(#119),#95,.T.);
#614=ADVANCED_FACE('',(#120),#103,.T.);
#615=ADVANCED_FACE('',(#121,#81),#85,.T.);
#616=ADVANCED_FACE('',(#122),#104,.T.);
#617=ADVANCED_FACE('',(#123),#83,.F.);
#618=ADVANCED_FACE('',(#124),#96,.T.);
#619=ADVANCED_FACE('',(#125),#86,.T.);
#620=ADVANCED_FACE('',(#126),#87,.F.);
#621=ADVANCED_FACE('',(#127),#88,.F.);
#622=ADVANCED_FACE('',(#128),#89,.T.);
#623=ADVANCED_FACE('',(#129),#27,.F.);
#624=ADVANCED_FACE('',(#130),#28,.F.);
#625=ADVANCED_FACE('',(#131),#29,.F.);
#626=ADVANCED_FACE('',(#132),#30,.F.);
#627=ADVANCED_FACE('',(#133),#31,.F.);
#628=ADVANCED_FACE('',(#134),#32,.F.);
#629=ADVANCED_FACE('',(#135),#33,.F.);
#630=ADVANCED_FACE('',(#136),#34,.T.);
#631=ADVANCED_FACE('',(#137),#35,.T.);
#632=ADVANCED_FACE('',(#138),#36,.T.);
#633=ADVANCED_FACE('',(#139),#90,.F.);
#634=ADVANCED_FACE('',(#140),#37,.T.);
#635=CLOSED_SHELL('',(#599,#600,#601,#602,#603,#604,#605,#606,#607,#608,
#609,#610,#611,#612,#613,#614,#615,#616));
#636=CLOSED_SHELL('',(#617,#618,#619));
#637=CLOSED_SHELL('',(#620,#621,#622,#623,#624,#625,#626,#627,#628,#629,
#630,#631,#632,#633,#634));
#638=DERIVED_UNIT_ELEMENT(#644,1.);
#639=DERIVED_UNIT_ELEMENT(#2912,-3.);
#640=DERIVED_UNIT_ELEMENT(#644,1.);
#641=DERIVED_UNIT_ELEMENT(#2912,-3.);
#642=DERIVED_UNIT_ELEMENT(#644,1.);
#643=DERIVED_UNIT_ELEMENT(#2912,-3.);
#644=(
MASS_UNIT()
NAMED_UNIT(*)
SI_UNIT(.KILO.,.GRAM.)
);
#645=DERIVED_UNIT((#638,#639));
#646=DERIVED_UNIT((#640,#641));
#647=DERIVED_UNIT((#642,#643));
#648=MEASURE_REPRESENTATION_ITEM('density measure',
POSITIVE_RATIO_MEASURE(8600.),#645);
#649=MEASURE_REPRESENTATION_ITEM('density measure',
POSITIVE_RATIO_MEASURE(8600.),#646);
#650=MEASURE_REPRESENTATION_ITEM('density measure',
POSITIVE_RATIO_MEASURE(8600.),#647);
#651=PROPERTY_DEFINITION_REPRESENTATION(#666,#657);
#652=PROPERTY_DEFINITION_REPRESENTATION(#667,#658);
#653=PROPERTY_DEFINITION_REPRESENTATION(#668,#659);
#654=PROPERTY_DEFINITION_REPRESENTATION(#669,#660);
#655=PROPERTY_DEFINITION_REPRESENTATION(#670,#661);
#656=PROPERTY_DEFINITION_REPRESENTATION(#671,#662);
#657=REPRESENTATION('material name',(#663),#2907);
#658=REPRESENTATION('density',(#648),#2907);
#659=REPRESENTATION('material name',(#664),#2908);
#660=REPRESENTATION('density',(#649),#2908);
#661=REPRESENTATION('material name',(#665),#2909);
#662=REPRESENTATION('density',(#650),#2909);
#663=DESCRIPTIVE_REPRESENTATION_ITEM('60Sn40Pb','60Sn40Pb');
#664=DESCRIPTIVE_REPRESENTATION_ITEM('60Sn40Pb','60Sn40Pb');
#665=DESCRIPTIVE_REPRESENTATION_ITEM('60Sn40Pb','60Sn40Pb');
#666=PROPERTY_DEFINITION('material property','material name',#2932);
#667=PROPERTY_DEFINITION('material property','density of part',#2932);
#668=PROPERTY_DEFINITION('material property','material name',#2933);
#669=PROPERTY_DEFINITION('material property','density of part',#2933);
#670=PROPERTY_DEFINITION('material property','material name',#2934);
#671=PROPERTY_DEFINITION('material property','density of part',#2934);
#672=AXIS2_PLACEMENT_3D('',#915,#747,#748);
#673=AXIS2_PLACEMENT_3D('',#916,#749,#750);
#674=AXIS2_PLACEMENT_3D('',#917,#751,#752);
#675=AXIS2_PLACEMENT_3D('',#920,#753,#754);
#676=AXIS2_PLACEMENT_3D('',#921,#755,#756);
#677=AXIS2_PLACEMENT_3D('',#925,#758,#759);
#678=AXIS2_PLACEMENT_3D('',#926,#760,#761);
#679=AXIS2_PLACEMENT_3D('',#927,#762,#763);
#680=AXIS2_PLACEMENT_3D('',#929,#764,#765);
#681=AXIS2_PLACEMENT_3D('',#931,#766,#767);
#682=AXIS2_PLACEMENT_3D('',#932,#768,#769);
#683=AXIS2_PLACEMENT_3D('',#933,#770,#771);
#684=AXIS2_PLACEMENT_3D('',#937,#773,#774);
#685=AXIS2_PLACEMENT_3D('',#938,#775,#776);
#686=AXIS2_PLACEMENT_3D('',#939,#777,#778);
#687=AXIS2_PLACEMENT_3D('',#941,#779,#780);
#688=AXIS2_PLACEMENT_3D('',#942,#781,#782);
#689=AXIS2_PLACEMENT_3D('',#943,#783,#784);
#690=AXIS2_PLACEMENT_3D('',#973,#785,#786);
#691=AXIS2_PLACEMENT_3D('',#975,#787,#788);
#692=AXIS2_PLACEMENT_3D('',#976,#789,#790);
#693=AXIS2_PLACEMENT_3D('',#977,#791,#792);
#694=AXIS2_PLACEMENT_3D('',#981,#794,#795);
#695=AXIS2_PLACEMENT_3D('',#982,#796,#797);
#696=AXIS2_PLACEMENT_3D('',#983,#798,#799);
#697=AXIS2_PLACEMENT_3D('',#986,#800,#801);
#698=AXIS2_PLACEMENT_3D('',#987,#802,#803);
#699=AXIS2_PLACEMENT_3D('',#988,#804,#805);
#700=AXIS2_PLACEMENT_3D('',#989,#806,#807);
#701=AXIS2_PLACEMENT_3D('',#992,#808,#809);
#702=AXIS2_PLACEMENT_3D('',#994,#811,#812);
#703=AXIS2_PLACEMENT_3D('',#995,#813,#814);
#704=AXIS2_PLACEMENT_3D('',#997,#815,#816);
#705=AXIS2_PLACEMENT_3D('',#999,#817,#818);
#706=AXIS2_PLACEMENT_3D('',#1000,#819,#820);
#707=AXIS2_PLACEMENT_3D('',#1001,#821,#822);
#708=AXIS2_PLACEMENT_3D('',#1004,#823,#824);
#709=AXIS2_PLACEMENT_3D('',#1006,#826,#827);
#710=AXIS2_PLACEMENT_3D('',#1007,#828,#829);
#711=AXIS2_PLACEMENT_3D('',#1009,#830,#831);
#712=AXIS2_PLACEMENT_3D('',#1011,#832,#833);
#713=AXIS2_PLACEMENT_3D('',#1012,#834,#835);
#714=AXIS2_PLACEMENT_3D('',#1013,#836,#837);
#715=AXIS2_PLACEMENT_3D('',#1016,#838,#839);
#716=AXIS2_PLACEMENT_3D('',#1018,#841,#842);
#717=AXIS2_PLACEMENT_3D('',#1019,#843,#844);
#718=AXIS2_PLACEMENT_3D('',#1022,#845,#846);
#719=AXIS2_PLACEMENT_3D('',#1023,#847,#848);
#720=AXIS2_PLACEMENT_3D('',#1024,#849,#850);
#721=AXIS2_PLACEMENT_3D('',#1025,#851,#852);
#722=AXIS2_PLACEMENT_3D('',#1028,#853,#854);
#723=AXIS2_PLACEMENT_3D('',#1030,#856,#857);
#724=AXIS2_PLACEMENT_3D('',#1031,#858,#859);
#725=AXIS2_PLACEMENT_3D('',#1033,#860,#861);
#726=AXIS2_PLACEMENT_3D('',#1034,#862,#863);
#727=AXIS2_PLACEMENT_3D('',#1035,#864,#865);
#728=AXIS2_PLACEMENT_3D('',#1037,#866,#867);
#729=AXIS2_PLACEMENT_3D('',#1038,#868,#869);
#730=AXIS2_PLACEMENT_3D('',#1039,#870,#871);
#731=AXIS2_PLACEMENT_3D('',#1040,#872,#873);
#732=AXIS2_PLACEMENT_3D('',#1070,#874,#875);
#733=AXIS2_PLACEMENT_3D('',#1072,#876,#877);
#734=AXIS2_PLACEMENT_3D('',#1073,#878,#879);
#735=AXIS2_PLACEMENT_3D('',#1074,#880,#881);
#736=AXIS2_PLACEMENT_3D('',#1077,#883,#884);
#737=AXIS2_PLACEMENT_3D('',#1078,#885,#886);
#738=AXIS2_PLACEMENT_3D('',#1079,#887,#888);
#739=AXIS2_PLACEMENT_3D('',#1080,#889,#890);
#740=AXIS2_PLACEMENT_3D('',#1087,#894,#895);
#741=AXIS2_PLACEMENT_3D('',#1094,#899,#900);
#742=AXIS2_PLACEMENT_3D('',#2715,#905,#906);
#743=AXIS2_PLACEMENT_3D('',#2897,#907,#908);
#744=AXIS2_PLACEMENT_3D('',#2898,#909,#910);
#745=AXIS2_PLACEMENT_3D('',#2899,#911,#912);
#746=AXIS2_PLACEMENT_3D('',#2900,#913,#914);
#747=DIRECTION('axis',(0.,0.,1.));
#748=DIRECTION('refdir',(1.,0.,0.));
#749=DIRECTION('axis',(0.,0.,1.));
#750=DIRECTION('refdir',(1.,0.,0.));
#751=DIRECTION('center_axis',(0.,-1.,0.));
#752=DIRECTION('ref_axis',(1.,0.,0.));
#753=DIRECTION('center_axis',(0.,-1.,0.));
#754=DIRECTION('ref_axis',(1.,0.,0.));
#755=DIRECTION('center_axis',(0.,-1.,0.));
#756=DIRECTION('ref_axis',(1.,0.,0.));
#757=DIRECTION('',(0.,1.,0.));
#758=DIRECTION('center_axis',(0.,-1.,0.));
#759=DIRECTION('ref_axis',(1.,0.,0.));
#760=DIRECTION('center_axis',(0.,-1.,0.));
#761=DIRECTION('ref_axis',(1.,0.,0.));
#762=DIRECTION('center_axis',(0.,-1.,0.));
#763=DIRECTION('ref_axis',(0.,0.,-1.));
#764=DIRECTION('center_axis',(-1.,0.,-1.22464679914735E-16));
#765=DIRECTION('ref_axis',(-1.22464679914735E-16,0.,1.));
#766=DIRECTION('center_axis',(0.,-1.,0.));
#767=DIRECTION('ref_axis',(1.,0.,0.));
#768=DIRECTION('center_axis',(0.,-1.,0.));
#769=DIRECTION('ref_axis',(1.,0.,0.));
#770=DIRECTION('center_axis',(0.,-1.,0.));
#771=DIRECTION('ref_axis',(1.,0.,0.));
#772=DIRECTION('',(0.799330988832744,0.600890980371371,9.78898136933309E-17));
#773=DIRECTION('center_axis',(0.,-1.,0.));
#774=DIRECTION('ref_axis',(1.,0.,0.));
#775=DIRECTION('center_axis',(0.,-1.,0.));
#776=DIRECTION('ref_axis',(1.,0.,0.));
#777=DIRECTION('center_axis',(0.,-1.,0.));
#778=DIRECTION('ref_axis',(0.,0.,-1.));
#779=DIRECTION('center_axis',(-1.,0.,-1.22464679914735E-16));
#780=DIRECTION('ref_axis',(-1.22464679914735E-16,0.,1.));
#781=DIRECTION('center_axis',(0.,-1.,0.));
#782=DIRECTION('ref_axis',(1.,0.,0.));
#783=DIRECTION('center_axis',(0.,-1.,0.));
#784=DIRECTION('ref_axis',(0.,0.,-1.));
#785=DIRECTION('center_axis',(-1.,0.,-1.22464679914735E-16));
#786=DIRECTION('ref_axis',(-1.22464679914735E-16,0.,1.));
#787=DIRECTION('center_axis',(0.,-1.,0.));
#788=DIRECTION('ref_axis',(1.,0.,0.));
#789=DIRECTION('center_axis',(0.,-1.,0.));
#790=DIRECTION('ref_axis',(1.,0.,0.));
#791=DIRECTION('center_axis',(0.,1.,0.));
#792=DIRECTION('ref_axis',(1.,0.,0.));
#793=DIRECTION('',(-0.584563977350315,0.811347617476246,-7.15884403758909E-17));
#794=DIRECTION('center_axis',(0.,-1.,0.));
#795=DIRECTION('ref_axis',(1.,0.,0.));
#796=DIRECTION('center_axis',(0.,-1.,0.));
#797=DIRECTION('ref_axis',(1.,0.,0.));
#798=DIRECTION('center_axis',(0.,-1.,0.));
#799=DIRECTION('ref_axis',(0.,0.,-1.));
#800=DIRECTION('center_axis',(0.,-1.,0.));
#801=DIRECTION('ref_axis',(1.,0.,0.));
#802=DIRECTION('center_axis',(0.,-1.,0.));
#803=DIRECTION('ref_axis',(1.,0.,0.));
#804=DIRECTION('center_axis',(-1.,0.,-1.22464679914735E-16));
#805=DIRECTION('ref_axis',(-1.22464679914735E-16,0.,1.));
#806=DIRECTION('center_axis',(0.,1.,0.));
#807=DIRECTION('ref_axis',(1.,0.,0.));
#808=DIRECTION('center_axis',(0.,-1.,0.));
#809=DIRECTION('ref_axis',(1.,0.,0.));
#810=DIRECTION('',(-0.592041650091272,0.805907367231001,-7.25041911746194E-17));
#811=DIRECTION('center_axis',(0.,-1.,0.));
#812=DIRECTION('ref_axis',(1.,0.,0.));
#813=DIRECTION('center_axis',(0.,-1.,0.));
#814=DIRECTION('ref_axis',(0.,0.,-1.));
#815=DIRECTION('center_axis',(-1.,0.,-1.22464679914735E-16));
#816=DIRECTION('ref_axis',(-1.22464679914735E-16,0.,1.));
#817=DIRECTION('center_axis',(0.,-1.,0.));
#818=DIRECTION('ref_axis',(1.,0.,0.));
#819=DIRECTION('center_axis',(0.,-1.,0.));
#820=DIRECTION('ref_axis',(1.,0.,0.));
#821=DIRECTION('center_axis',(0.,-1.,0.));
#822=DIRECTION('ref_axis',(1.,0.,0.));
#823=DIRECTION('center_axis',(0.,-1.,0.));
#824=DIRECTION('ref_axis',(1.,0.,0.));
#825=DIRECTION('',(0.,1.,0.));
#826=DIRECTION('center_axis',(0.,-1.,0.));
#827=DIRECTION('ref_axis',(1.,0.,0.));
#828=DIRECTION('center_axis',(0.,-1.,0.));
#829=DIRECTION('ref_axis',(0.,0.,-1.));
#830=DIRECTION('center_axis',(-1.,0.,-1.22464679914735E-16));
#831=DIRECTION('ref_axis',(-1.22464679914735E-16,0.,1.));
#832=DIRECTION('center_axis',(0.,-1.,0.));
#833=DIRECTION('ref_axis',(1.,0.,0.));
#834=DIRECTION('center_axis',(0.,-1.,0.));
#835=DIRECTION('ref_axis',(1.,0.,0.));
#836=DIRECTION('center_axis',(0.,-1.,0.));
#837=DIRECTION('ref_axis',(1.,0.,0.));
#838=DIRECTION('center_axis',(0.,-1.,0.));
#839=DIRECTION('ref_axis',(1.,0.,0.));
#840=DIRECTION('',(0.973152922091563,0.2301594886696,1.19176861112033E-16));
#841=DIRECTION('center_axis',(0.,-1.,0.));
#842=DIRECTION('ref_axis',(1.,0.,0.));
#843=DIRECTION('center_axis',(0.,-1.,0.));
#844=DIRECTION('ref_axis',(0.,0.,-1.));
#845=DIRECTION('center_axis',(0.,-1.,0.));
#846=DIRECTION('ref_axis',(1.,0.,0.));
#847=DIRECTION('center_axis',(0.,-1.,0.));
#848=DIRECTION('ref_axis',(1.,0.,0.));
#849=DIRECTION('center_axis',(-1.,0.,-1.22464679914735E-16));
#850=DIRECTION('ref_axis',(-1.22464679914735E-16,0.,1.));
#851=DIRECTION('center_axis',(0.,1.,0.));
#852=DIRECTION('ref_axis',(1.,0.,0.));
#853=DIRECTION('center_axis',(0.,-1.,0.));
#854=DIRECTION('ref_axis',(1.,0.,0.));
#855=DIRECTION('',(-0.327393891918275,0.944887950782845,-4.0094188179811E-17));
#856=DIRECTION('center_axis',(0.,-1.,0.));
#857=DIRECTION('ref_axis',(1.,0.,0.));
#858=DIRECTION('center_axis',(0.,-1.,0.));
#859=DIRECTION('ref_axis',(0.,0.,-1.));
#860=DIRECTION('center_axis',(0.,-1.,0.));
#861=DIRECTION('ref_axis',(1.,0.,0.));
#862=DIRECTION('center_axis',(-1.,0.,-1.22464679914735E-16));
#863=DIRECTION('ref_axis',(-1.22464679914735E-16,0.,1.));
#864=DIRECTION('center_axis',(0.,-1.,0.));
#865=DIRECTION('ref_axis',(0.,0.,-1.));
#866=DIRECTION('center_axis',(0.,-1.,0.));
#867=DIRECTION('ref_axis',(1.,0.,0.));
#868=DIRECTION('center_axis',(0.,-1.,0.));
#869=DIRECTION('ref_axis',(0.,0.,-1.));
#870=DIRECTION('center_axis',(-1.,0.,-1.22464679914735E-16));
#871=DIRECTION('ref_axis',(-1.22464679914735E-16,0.,1.));
#872=DIRECTION('axis',(0.,0.,1.));
#873=DIRECTION('refdir',(1.,0.,0.));
#874=DIRECTION('center_axis',(-1.,0.,-1.22464679914735E-16));
#875=DIRECTION('ref_axis',(-1.22464679914735E-16,0.,1.));
#876=DIRECTION('center_axis',(0.,-1.,0.));
#877=DIRECTION('ref_axis',(1.,0.,0.));
#878=DIRECTION('center_axis',(0.,-1.,0.));
#879=DIRECTION('ref_axis',(1.,0.,0.));
#880=DIRECTION('center_axis',(0.,1.,0.));
#881=DIRECTION('ref_axis',(1.,0.,0.));
#882=DIRECTION('',(-0.584563977350315,0.811347617476246,-7.15884403758909E-17));
#883=DIRECTION('center_axis',(0.,1.,0.));
#884=DIRECTION('ref_axis',(1.,0.,0.));
#885=DIRECTION('center_axis',(0.,1.,0.));
#886=DIRECTION('ref_axis',(0.,0.,1.));
#887=DIRECTION('axis',(0.,0.,1.));
#888=DIRECTION('refdir',(1.,0.,0.));
#889=DIRECTION('center_axis',(-0.455840359213508,0.00681522901704684,-0.890035459723682));
#890=DIRECTION('ref_axis',(-0.864121446306232,0.236268578025225,0.444377412872845));
#891=DIRECTION('',(0.647065046883749,-0.684091399003875,-0.336638950375996));
#892=DIRECTION('',(0.213315946299673,0.971663888230587,-0.101811567922765));
#893=DIRECTION('',(-0.864121446306232,0.236268578025225,0.444377412872845));
#894=DIRECTION('center_axis',(0.455840359213508,-0.00681522901704684,0.890035459723682));
#895=DIRECTION('ref_axis',(0.864121446306232,-0.236268578025225,-0.444377412872845));
#896=DIRECTION('',(-0.647065046883749,0.684091399003875,0.336638950375996));
#897=DIRECTION('',(-0.864121446306232,0.236268578025225,0.444377412872845));
#898=DIRECTION('',(-0.213315946299673,-0.971663888230587,0.101811567922765));
#899=DIRECTION('center_axis',(-0.864121446306233,0.236268578025225,0.444377412872845));
#900=DIRECTION('ref_axis',(-0.489234892243087,-0.187179891423686,-0.851829154501366));
#901=DIRECTION('',(-0.455840359213508,0.00681522901704705,-0.890035459723682));
#902=DIRECTION('',(-0.455840359213508,0.00681522901704705,-0.890035459723682));
#903=DIRECTION('',(-0.864121446306232,0.236268578025225,0.444377412872845));
#904=DIRECTION('',(-0.864121446306232,0.236268578025225,0.444377412872845));
#905=DIRECTION('center_axis',(-0.611159874348301,-0.729364456538956,0.307426572573358));
#906=DIRECTION('ref_axis',(-0.389018153672685,-0.0614608105039104,-0.919177591592233));
#907=DIRECTION('',(0.,0.,1.));
#908=DIRECTION('',(1.,0.,0.));
#909=DIRECTION('',(0.,0.,1.));
#910=DIRECTION('',(1.,0.,0.));
#911=DIRECTION('',(0.,0.,1.));
#912=DIRECTION('',(1.,0.,0.));
#913=DIRECTION('center_axis',(0.,0.,1.));
#914=DIRECTION('ref_axis',(1.,0.,0.));
#915=CARTESIAN_POINT('',(0.,0.,0.));
#916=CARTESIAN_POINT('',(0.,0.,0.));
#917=CARTESIAN_POINT('Origin',(0.,0.522566670858369,0.));
#918=CARTESIAN_POINT('',(-19.2733295379293,0.499999999999999,-2.36030213275372E-15));
#919=CARTESIAN_POINT('',(-2.36030213275372E-15,0.499999999999999,19.2733295379293));
#920=CARTESIAN_POINT('Origin',(0.,0.499999999999999,0.));
#921=CARTESIAN_POINT('Origin',(0.,0.499999999999999,0.));
#922=CARTESIAN_POINT('',(-19.2733295379293,0.545133341716739,-2.36030213275372E-15));
#923=CARTESIAN_POINT('',(-19.2733295379293,0.522566670858369,-2.36030213275372E-15));
#924=CARTESIAN_POINT('',(-2.36030213275372E-15,0.545133341716739,19.2733295379293));
#925=CARTESIAN_POINT('Origin',(0.,0.545133341716739,0.));
#926=CARTESIAN_POINT('Origin',(0.,0.545133341716739,0.));
#927=CARTESIAN_POINT('Origin',(0.,0.545133341716739,0.));
#928=CARTESIAN_POINT('',(-2.33586375358377E-15,0.944798836133112,19.073775028115));
#929=CARTESIAN_POINT('Origin',(-2.29906979279635E-15,0.545133341716739,
18.7733295379293));
#930=CARTESIAN_POINT('',(-19.073775028115,0.944798836133106,-2.33586375358377E-15));
#931=CARTESIAN_POINT('Origin',(0.,0.944798836133112,0.));
#932=CARTESIAN_POINT('Origin',(0.,0.944798836133112,0.));
#933=CARTESIAN_POINT('Origin',(0.,1.45032088012553,0.));
#934=CARTESIAN_POINT('',(-17.7288407604996,1.95584292411795,-2.1711568089939E-15));
#935=CARTESIAN_POINT('',(-18.4013078943073,1.45032088012553,-2.25351028128884E-15));
#936=CARTESIAN_POINT('',(-2.1711568089939E-15,1.95584292411795,17.7288407604996));
#937=CARTESIAN_POINT('Origin',(0.,1.95584292411795,0.));
#938=CARTESIAN_POINT('Origin',(0.,1.95584292411795,0.));
#939=CARTESIAN_POINT('Origin',(0.,-6.03746696421002,0.));
#940=CARTESIAN_POINT('',(-1.43527759324554E-15,3.96253303579063,11.7199309567855));
#941=CARTESIAN_POINT('Origin',(-1.43527759324554E-15,-6.03746696421002,
11.7199309567855));
#942=CARTESIAN_POINT('Origin',(0.,3.96253303579063,0.));
#943=CARTESIAN_POINT('Origin',(0.,3.96253303579063,0.));
#944=CARTESIAN_POINT('Ctrl Pts',(0.,125.216774310274,19.6839453690014));
#945=CARTESIAN_POINT('Ctrl Pts',(-19.6839453690014,125.216774310274,19.6839453690014));
#946=CARTESIAN_POINT('Ctrl Pts',(-19.6839453690014,125.216774310274,0.));
#947=CARTESIAN_POINT('Ctrl Pts',(-19.6839453690014,125.216774310274,-19.6839453690014));
#948=CARTESIAN_POINT('Ctrl Pts',(0.,125.216774310274,-19.6839453690014));
#949=CARTESIAN_POINT('Ctrl Pts',(19.6839453690014,125.216774310274,-19.6839453690014));
#950=CARTESIAN_POINT('Ctrl Pts',(19.6839453690014,125.216774310274,0.));
#951=CARTESIAN_POINT('Ctrl Pts',(19.6839453690014,125.216774310274,19.6839453690014));
#952=CARTESIAN_POINT('Ctrl Pts',(0.,125.216774310274,19.6839453690014));
#953=CARTESIAN_POINT('Ctrl Pts',(0.,115.116331757536,12.4067256613836));
#954=CARTESIAN_POINT('Ctrl Pts',(-12.4067256613836,115.116331757536,12.4067256613836));
#955=CARTESIAN_POINT('Ctrl Pts',(-12.4067256613836,115.116331757536,0.));
#956=CARTESIAN_POINT('Ctrl Pts',(-12.4067256613836,115.116331757536,-12.4067256613836));
#957=CARTESIAN_POINT('Ctrl Pts',(0.,115.116331757536,-12.4067256613836));
#958=CARTESIAN_POINT('Ctrl Pts',(12.4067256613836,115.116331757536,-12.4067256613836));
#959=CARTESIAN_POINT('Ctrl Pts',(12.4067256613836,115.116331757536,0.));
#960=CARTESIAN_POINT('Ctrl Pts',(12.4067256613836,115.116331757536,12.4067256613836));
#961=CARTESIAN_POINT('Ctrl Pts',(0.,115.116331757536,12.4067256613836));
#962=CARTESIAN_POINT('Ctrl Pts',(0.,114.091624581183,0.));
#963=CARTESIAN_POINT('Ctrl Pts',(0.,114.091624581183,0.));
#964=CARTESIAN_POINT('Ctrl Pts',(0.,114.091624581183,0.));
#965=CARTESIAN_POINT('Ctrl Pts',(0.,114.091624581183,0.));
#966=CARTESIAN_POINT('Ctrl Pts',(0.,114.091624581183,0.));
#967=CARTESIAN_POINT('Ctrl Pts',(0.,114.091624581183,0.));
#968=CARTESIAN_POINT('Ctrl Pts',(0.,114.091624581183,0.));
#969=CARTESIAN_POINT('Ctrl Pts',(0.,114.091624581183,0.));
#970=CARTESIAN_POINT('Ctrl Pts',(0.,114.091624581183,0.));
#971=CARTESIAN_POINT('',(0.,114.091624581183,0.));
#972=CARTESIAN_POINT('',(-2.41058806907389E-15,125.216774310274,19.6839453690014));
#973=CARTESIAN_POINT('Origin',(2.72170440319016E-16,141.000001698732,-2.22244030285721));
#974=CARTESIAN_POINT('',(-19.6839453690014,125.216774310274,-2.41058806907389E-15));
#975=CARTESIAN_POINT('Origin',(0.,125.216774310274,0.));
#976=CARTESIAN_POINT('Origin',(0.,125.216774310274,0.));
#977=CARTESIAN_POINT('Origin',(0.,156.533881291749,0.));
#978=CARTESIAN_POINT('',(-64.8109716198232,187.850988273223,-7.93705489438465E-15));
#979=CARTESIAN_POINT('',(-42.2474584944123,156.533881291749,-5.17382148172927E-15));
#980=CARTESIAN_POINT('',(-7.93705489438465E-15,187.850988273223,64.8109716198232));
#981=CARTESIAN_POINT('Origin',(0.,187.850988273223,0.));
#982=CARTESIAN_POINT('Origin',(0.,187.850988273223,0.));
#983=CARTESIAN_POINT('Origin',(0.,185.997317332492,0.));
#984=CARTESIAN_POINT('',(-65.6718509086653,184.813234032309,-8.04248220093792E-15));
#985=CARTESIAN_POINT('',(-8.04248220093791E-15,184.813234032309,65.6718509086653));
#986=CARTESIAN_POINT('Origin',(0.,184.813234032309,0.));
#987=CARTESIAN_POINT('Origin',(0.,184.813234032309,0.));
#988=CARTESIAN_POINT('Origin',(-7.84509182540017E-15,185.997317332492,64.0600361742033));
#989=CARTESIAN_POINT('Origin',(0.,155.867462177036,0.));
#990=CARTESIAN_POINT('',(-23.14313550247,126.921690321762,-2.83421668153333E-15));
#991=CARTESIAN_POINT('',(-2.83421668153334E-15,126.921690321762,23.14313550247));
#992=CARTESIAN_POINT('Origin',(0.,126.921690321762,0.));
#993=CARTESIAN_POINT('',(-44.4074932055676,155.867462177036,-5.43834944123562E-15));
#994=CARTESIAN_POINT('Origin',(0.,126.921690321762,0.));
#995=CARTESIAN_POINT('Origin',(0.,71.8618168632737,0.));
#996=CARTESIAN_POINT('',(-6.23653911968011E-16,71.8618168632739,5.09252065495311));
#997=CARTESIAN_POINT('Origin',(-1.20128691440385E-14,71.8618168632737,98.0925206549537));
#998=CARTESIAN_POINT('',(-5.0925206549531,71.8618168632739,-6.2365391196801E-16));
#999=CARTESIAN_POINT('Origin',(0.,71.8618168632739,0.));
#1000=CARTESIAN_POINT('Origin',(0.,71.8618168632739,0.));
#1001=CARTESIAN_POINT('Origin',(0.,54.0502308083705,0.));
#1002=CARTESIAN_POINT('',(-5.0925206549531,36.2386447534671,-6.2365391196801E-16));
#1003=CARTESIAN_POINT('',(-6.23653911968009E-16,36.2386447534671,5.0925206549531));
#1004=CARTESIAN_POINT('Origin',(0.,36.2386447534671,0.));
#1005=CARTESIAN_POINT('',(-5.0925206549531,54.0502308083705,-6.2365391196801E-16));
#1006=CARTESIAN_POINT('Origin',(0.,36.2386447534671,0.));
#1007=CARTESIAN_POINT('Origin',(0.,36.2386447534671,0.));
#1008=CARTESIAN_POINT('',(-3.35772379432674E-15,8.01721001281176,27.4178954835347));
#1009=CARTESIAN_POINT('Origin',(-4.17512962949533E-15,36.2386447534671,
34.0925206549531));
#1010=CARTESIAN_POINT('',(-27.4178954835347,8.01721001281176,-3.35772379432674E-15));
#1011=CARTESIAN_POINT('Origin',(0.,8.01721001281176,0.));
#1012=CARTESIAN_POINT('Origin',(0.,8.01721001281176,0.));
#1013=CARTESIAN_POINT('Origin',(0.,6.59313878963288,0.));
#1014=CARTESIAN_POINT('',(-39.4603194575681,5.169067566454,-4.83249539170428E-15));
#1015=CARTESIAN_POINT('',(-4.83249539170428E-15,5.16906756645402,39.4603194575681));
#1016=CARTESIAN_POINT('Origin',(0.,5.16906756645402,0.));
#1017=CARTESIAN_POINT('',(-33.4391074705514,6.59313878963288,-4.09510959301551E-15));
#1018=CARTESIAN_POINT('Origin',(0.,5.16906756645402,0.));
#1019=CARTESIAN_POINT('Origin',(0.,3.22276172227087,0.));
#1020=CARTESIAN_POINT('',(-40.8897763817946,2.56797393843421,-5.00755337638158E-15));
#1021=CARTESIAN_POINT('',(-5.00755337638158E-15,2.56797393843421,40.8897763817946));
#1022=CARTESIAN_POINT('Origin',(0.,2.56797393843421,0.));
#1023=CARTESIAN_POINT('Origin',(0.,2.56797393843421,0.));
#1024=CARTESIAN_POINT('Origin',(-4.77612257548576E-15,3.22276172227087,
39.0000004802289));
#1025=CARTESIAN_POINT('Origin',(0.,2.04066884080898,0.));
#1026=CARTESIAN_POINT('',(-40.5243648681927,1.51336374318375,-4.96280337233117E-15));
#1027=CARTESIAN_POINT('',(-4.96280337233116E-15,1.51336374318376,40.5243648681927));
#1028=CARTESIAN_POINT('Origin',(0.,1.51336374318376,0.));
#1029=CARTESIAN_POINT('',(-40.7070706249937,2.04066884080898,-4.98517837435637E-15));
#1030=CARTESIAN_POINT('Origin',(0.,1.51336374318376,0.));
#1031=CARTESIAN_POINT('Origin',(0.,2.24999999999999,0.));
#1032=CARTESIAN_POINT('',(-4.70244372132337E-15,0.,38.3983669789313));
#1033=CARTESIAN_POINT('Origin',(0.,0.,0.));
#1034=CARTESIAN_POINT('Origin',(-4.70244372132337E-15,2.24999999999999,
38.3983669789313));
#1035=CARTESIAN_POINT('Origin',(19.7733295379293,9.50887657964381E-16,0.));
#1036=CARTESIAN_POINT('',(-2.42153447271109E-15,1.04083408558608E-15,19.7733295379293));
#1037=CARTESIAN_POINT('Origin',(0.,1.04083408558608E-15,0.));
#1038=CARTESIAN_POINT('Origin',(0.,0.499999999999999,0.));
#1039=CARTESIAN_POINT('Origin',(-2.42153447271109E-15,0.499999999999999,
19.7733295379293));
#1040=CARTESIAN_POINT('',(0.,0.,0.));
#1041=CARTESIAN_POINT('Ctrl Pts',(0.,124.924492321599,20.0896191777395));
#1042=CARTESIAN_POINT('Ctrl Pts',(-20.0896191777395,124.924492321599,20.0896191777395));
#1043=CARTESIAN_POINT('Ctrl Pts',(-20.0896191777395,124.924492321599,0.));
#1044=CARTESIAN_POINT('Ctrl Pts',(-20.0896191777395,124.924492321599,-20.0896191777395));
#1045=CARTESIAN_POINT('Ctrl Pts',(0.,124.924492321599,-20.0896191777395));
#1046=CARTESIAN_POINT('Ctrl Pts',(20.0896191777395,124.924492321599,-20.0896191777395));
#1047=CARTESIAN_POINT('Ctrl Pts',(20.0896191777395,124.924492321599,0.));
#1048=CARTESIAN_POINT('Ctrl Pts',(20.0896191777395,124.924492321599,20.0896191777395));
#1049=CARTESIAN_POINT('Ctrl Pts',(0.,124.924492321599,20.0896191777395));
#1050=CARTESIAN_POINT('Ctrl Pts',(0.,114.616684399688,12.6629957837645));
#1051=CARTESIAN_POINT('Ctrl Pts',(-12.6629957837645,114.616684399688,12.6629957837645));
#1052=CARTESIAN_POINT('Ctrl Pts',(-12.6629957837645,114.616684399688,0.));
#1053=CARTESIAN_POINT('Ctrl Pts',(-12.6629957837645,114.616684399688,-12.6629957837645));
#1054=CARTESIAN_POINT('Ctrl Pts',(0.,114.616684399688,-12.6629957837645));
#1055=CARTESIAN_POINT('Ctrl Pts',(12.6629957837645,114.616684399688,-12.6629957837645));
#1056=CARTESIAN_POINT('Ctrl Pts',(12.6629957837645,114.616684399688,0.));
#1057=CARTESIAN_POINT('Ctrl Pts',(12.6629957837645,114.616684399688,12.6629957837645));
#1058=CARTESIAN_POINT('Ctrl Pts',(0.,114.616684399688,12.6629957837645));
#1059=CARTESIAN_POINT('Ctrl Pts',(0.,113.589953192751,-2.77555756156289E-16));
#1060=CARTESIAN_POINT('Ctrl Pts',(2.77555756156289E-16,113.589953192751,
-2.77555756156289E-16));
#1061=CARTESIAN_POINT('Ctrl Pts',(2.77555756156289E-16,113.589953192751,
0.));
#1062=CARTESIAN_POINT('Ctrl Pts',(2.77555756156289E-16,113.589953192751,
2.77555756156289E-16));
#1063=CARTESIAN_POINT('Ctrl Pts',(0.,113.589953192751,2.77555756156289E-16));
#1064=CARTESIAN_POINT('Ctrl Pts',(-2.77555756156289E-16,113.589953192751,
2.77555756156289E-16));
#1065=CARTESIAN_POINT('Ctrl Pts',(-2.77555756156289E-16,113.589953192751,
0.));
#1066=CARTESIAN_POINT('Ctrl Pts',(-2.77555756156289E-16,113.589953192751,
-2.77555756156289E-16));
#1067=CARTESIAN_POINT('Ctrl Pts',(0.,113.589953192751,-2.77555756156289E-16));
#1068=CARTESIAN_POINT('',(2.77555756156289E-16,113.589953192751,0.));
#1069=CARTESIAN_POINT('',(-2.4602687822108E-15,124.924492321599,20.0896191777395));
#1070=CARTESIAN_POINT('Origin',(2.72170440319016E-16,141.000001698732,-2.22244030285721));
#1071=CARTESIAN_POINT('',(-20.0896191777395,124.924492321599,-2.4602687822108E-15));
#1072=CARTESIAN_POINT('Origin',(0.,124.924492321599,0.));
#1073=CARTESIAN_POINT('Origin',(0.,124.924492321599,0.));
#1074=CARTESIAN_POINT('Origin',(0.,156.241599303073,0.));
#1075=CARTESIAN_POINT('',(-58.327805880116,177.997317332492,7.14309607723722E-15));
#1076=CARTESIAN_POINT('',(-42.6531323031504,156.241599303073,-5.22350219486618E-15));
#1077=CARTESIAN_POINT('Origin',(0.,177.997317332492,0.));
#1078=CARTESIAN_POINT('Origin',(0.,177.997317332492,0.));
#1079=CARTESIAN_POINT('',(0.,0.,0.));
#1080=CARTESIAN_POINT('Origin',(7.11500221771268,199.113596364189,-57.2555015446633));
#1081=CARTESIAN_POINT('',(5.84862744304987,200.452435628393,-56.5966634927886));
#1082=CARTESIAN_POINT('',(7.11500221771268,199.113596364189,-57.2555015446633));
#1083=CARTESIAN_POINT('',(6.7954294448791,199.451455728258,-57.0892421502894));
#1084=CARTESIAN_POINT('',(5.64305774607494,199.516056259997,-56.4985490595759));
#1085=CARTESIAN_POINT('',(4.87215400385643,196.004554468362,-56.1306116405771));
#1086=CARTESIAN_POINT('',(7.11500221771268,199.113596364189,-57.2555015446633));
#1087=CARTESIAN_POINT('Origin',(46.2247696146177,198.909322664127,22.7378806449183));
#1088=CARTESIAN_POINT('',(47.6967140862558,198.506862768319,21.9809281598307));
#1089=CARTESIAN_POINT('',(46.4303393115926,199.845702032524,22.6397662117055));
#1090=CARTESIAN_POINT('',(46.8974775389381,199.351833224416,22.3967351234225));
#1091=CARTESIAN_POINT('',(46.2247696146177,198.909322664127,22.7378806449183));
#1092=CARTESIAN_POINT('',(47.6967140862558,198.506862768319,21.9809281598307));
#1093=CARTESIAN_POINT('',(45.4538658723992,195.397820872493,23.1058180639171));
#1094=CARTESIAN_POINT('Origin',(24.8846844688236,192.182321384467,-15.1826925561872));
#1095=CARTESIAN_POINT('',(36.1855660991744,187.119481510757,9.4844571214267));
#1096=CARTESIAN_POINT('Ctrl Pts',(46.2247696146177,198.909322664128,22.7378806449182));
#1097=CARTESIAN_POINT('Ctrl Pts',(45.9615786324134,198.407222063913,22.4930473698528));
#1098=CARTESIAN_POINT('Ctrl Pts',(45.6895225087114,197.923868909497,22.2210075111424));
#1099=CARTESIAN_POINT('Ctrl Pts',(45.4121147951287,197.461081146823,21.9276268300218));
#1100=CARTESIAN_POINT('Ctrl Pts',(45.3308285443414,197.325474671963,21.8416601663205));
#1101=CARTESIAN_POINT('Ctrl Pts',(45.2490561165594,197.191590803537,21.753832215982));
#1102=CARTESIAN_POINT('Ctrl Pts',(45.1668300436755,197.059398945179,21.6642225070491));
#1103=CARTESIAN_POINT('Ctrl Pts',(44.4069233023589,195.837724593117,20.8360785921423));
#1104=CARTESIAN_POINT('Ctrl Pts',(43.6130303476819,194.76507220428,19.8626135575778));
#1105=CARTESIAN_POINT('Ctrl Pts',(42.8066050316673,193.785663228892,18.8152024358393));
#1106=CARTESIAN_POINT('Ctrl Pts',(42.1773454071772,193.021423178591,17.9978998089708));
#1107=CARTESIAN_POINT('Ctrl Pts',(41.5282081372873,192.298047553876,17.1202167967818));
#1108=CARTESIAN_POINT('Ctrl Pts',(40.8106661299391,191.549573126838,16.1228608651527));
#1109=CARTESIAN_POINT('Ctrl Pts',(40.1367493376505,190.846604548255,15.1861423130257));
#1110=CARTESIAN_POINT('Ctrl Pts',(39.4023213700465,190.123642219514,14.1423861211935));
#1111=CARTESIAN_POINT('Ctrl Pts',(38.5676668513927,189.335972040515,12.938136892547));
#1112=CARTESIAN_POINT('Ctrl Pts',(37.8546463403998,188.663088852355,11.9093826221486));
#1113=CARTESIAN_POINT('Ctrl Pts',(37.0688502592437,187.935462759525,10.7682173667298));
#1114=CARTESIAN_POINT('Ctrl Pts',(36.1855660991742,187.119481510757,9.48445712142621));
#1115=CARTESIAN_POINT('',(12.2908911079636,178.037330669434,-32.1514895125821));
#1116=CARTESIAN_POINT('Ctrl Pts',(36.1855660991742,187.119481510757,9.4844571214262));
#1117=CARTESIAN_POINT('Ctrl Pts',(35.2384736895906,186.244553959685,8.10795832407821));
#1118=CARTESIAN_POINT('Ctrl Pts',(34.6303087991281,185.695841610323,7.21708307537594));
#1119=CARTESIAN_POINT('Ctrl Pts',(33.8355030256451,184.992511257683,6.04548020553471));
#1120=CARTESIAN_POINT('Ctrl Pts',(33.3338258284493,184.548572861931,5.30597067556147));
#1121=CARTESIAN_POINT('Ctrl Pts',(32.7271784488454,184.017849037808,4.40848210782963));
#1122=CARTESIAN_POINT('Ctrl Pts',(32.161347734444,183.537686638101,3.56348153620855));
#1123=CARTESIAN_POINT('Ctrl Pts',(31.3818903198588,182.876241203749,2.39945501004938));
#1124=CARTESIAN_POINT('Ctrl Pts',(30.6318376634762,182.266321531493,1.26521254415175));
#1125=CARTESIAN_POINT('Ctrl Pts',(29.8828957551795,181.687671264867,0.116504543835562));
#1126=CARTESIAN_POINT('Ctrl Pts',(28.7352780964017,180.80099466568,-1.64368215601212));
#1127=CARTESIAN_POINT('Ctrl Pts',(27.6063930589491,180.004223743174,-3.41524348113625));
#1128=CARTESIAN_POINT('Ctrl Pts',(26.4740752244573,179.325290163919,-5.25613239622891));
#1129=CARTESIAN_POINT('Ctrl Pts',(25.1975434548328,178.559886443352,-7.33148007060342));
#1130=CARTESIAN_POINT('Ctrl Pts',(24.1038344145277,178.054949723175,-9.1898030480691));
#1131=CARTESIAN_POINT('Ctrl Pts',(23.1253992014101,177.724468828149,-10.9167238548282));
#1132=CARTESIAN_POINT('Ctrl Pts',(21.7095881525975,177.24625780679,-13.4156052583741));
#1133=CARTESIAN_POINT('Ctrl Pts',(20.3417853125738,177.056378024213,-15.9744327529494));
#1134=CARTESIAN_POINT('Ctrl Pts',(18.9940368783945,177.05547628728,-18.594739817094));
#1135=CARTESIAN_POINT('Ctrl Pts',(17.1699723914065,177.054255861958,-22.1411056962875));
#1136=CARTESIAN_POINT('Ctrl Pts',(15.4072941845559,177.399194339306,-25.7521491889155));
#1137=CARTESIAN_POINT('Ctrl Pts',(13.6335814863023,177.760206539599,-29.3931961334472));
#1138=CARTESIAN_POINT('Ctrl Pts',(13.413823639262,177.804934901735,-29.8443112651654));
#1139=CARTESIAN_POINT('Ctrl Pts',(13.1555820006524,177.857710396553,-30.3745392257722));
#1140=CARTESIAN_POINT('Ctrl Pts',(12.8947934223481,177.911687942404,-30.9103589919674));
#1141=CARTESIAN_POINT('Ctrl Pts',(12.673908596252,177.957406282164,-31.3641919651922));
#1142=CARTESIAN_POINT('Ctrl Pts',(12.4693809344602,178.000170014928,-31.7846464253783));
#1143=CARTESIAN_POINT('Ctrl Pts',(12.2908911079636,178.037330669434,-32.1514895125821));
#1144=CARTESIAN_POINT('Ctrl Pts',(12.2908911079635,178.037330669434,-32.1514895125821));
#1145=CARTESIAN_POINT('Ctrl Pts',(11.4618621872125,178.209930183392,-33.8553598935379));
#1146=CARTESIAN_POINT('Ctrl Pts',(10.7214039659967,178.34462354016,-35.3668445402867));
#1147=CARTESIAN_POINT('Ctrl Pts',(10.0476795814195,178.476625226137,-36.7471296818965));
#1148=CARTESIAN_POINT('Ctrl Pts',(9.31585224488345,178.620010925807,-38.246452583024));
#1149=CARTESIAN_POINT('Ctrl Pts',(8.66592004443725,178.772567583195,-39.5914009990478));
#1150=CARTESIAN_POINT('Ctrl Pts',(8.06674203061884,178.965911420139,-40.8593404329578));
#1151=CARTESIAN_POINT('Ctrl Pts',(7.59958954039899,179.11665302416,-41.8478965053415));
#1152=CARTESIAN_POINT('Ctrl Pts',(7.16292589216114,179.290861711357,-42.7896420800381));
#1153=CARTESIAN_POINT('Ctrl Pts',(6.74281161829192,179.507806799877,-43.7219285768825));
#1154=CARTESIAN_POINT('Ctrl Pts',(6.447010280938,179.660557256855,-44.3783490075042));
#1155=CARTESIAN_POINT('Ctrl Pts',(6.14831706768455,179.838318570404,-45.0536907677397));
#1156=CARTESIAN_POINT('Ctrl Pts',(5.83031897817609,180.075754028745,-45.798299961543));
#1157=CARTESIAN_POINT('Ctrl Pts',(5.53225240792408,180.298307481293,-46.4962384583375));
#1158=CARTESIAN_POINT('Ctrl Pts',(5.22617945091143,180.569145651826,-47.2354181425437));
#1159=CARTESIAN_POINT('Ctrl Pts',(4.92896643713024,180.905454724897,-47.9921789410442));
#1160=CARTESIAN_POINT('Ctrl Pts',(4.71218560781122,181.150751385499,-48.544144117158));
#1161=CARTESIAN_POINT('Ctrl Pts',(4.50012389404399,181.430774498759,-49.1053961753541));
#1162=CARTESIAN_POINT('Ctrl Pts',(4.29843983851815,181.750115676103,-49.6673729914561));
#1163=CARTESIAN_POINT('Ctrl Pts',(3.95465549978557,182.294454668083,-50.6253011112718));
#1164=CARTESIAN_POINT('Ctrl Pts',(3.64328063889726,182.966279470925,-51.5879890733311));
#1165=CARTESIAN_POINT('Ctrl Pts',(3.41906936137108,183.671318136383,-52.3988409436485));
#1166=CARTESIAN_POINT('Ctrl Pts',(2.81952932281708,185.556588642554,-54.5670555265874));
#1167=CARTESIAN_POINT('Ctrl Pts',(2.73464453959311,187.803386394744,-55.9267071519099));
#1168=CARTESIAN_POINT('Ctrl Pts',(3.09398564434909,190.426898648637,-56.6228252387858));
#1169=CARTESIAN_POINT('Ctrl Pts',(3.29643090567163,191.904930570932,-57.0150036067591));
#1170=CARTESIAN_POINT('Ctrl Pts',(3.64835112920585,193.543465902731,-57.2018551386734));
#1171=CARTESIAN_POINT('Ctrl Pts',(4.13931128872422,195.234794244573,-57.1464034885511));
#1172=CARTESIAN_POINT('Ctrl Pts',(4.56576650902951,196.703906934565,-57.0982373691406));
#1173=CARTESIAN_POINT('Ctrl Pts',(5.07692229397764,198.148069424426,-56.872099731742));
#1174=CARTESIAN_POINT('Ctrl Pts',(5.6430577460758,199.516056259996,-56.4985490595736));
#1175=CARTESIAN_POINT('',(5.28916491290957,200.460800103346,-57.6890228685001));
#1176=CARTESIAN_POINT('',(26.472189321237,200.144094573228,-16.3288350603469));
#1177=CARTESIAN_POINT('',(10.3404785317675,176.074459813542,-34.9005685496326));
#1178=CARTESIAN_POINT('Ctrl Pts',(5.28916491290646,200.460800103346,-57.6890228684968));
#1179=CARTESIAN_POINT('Ctrl Pts',(4.54927618780317,198.696044433113,-58.1894925054124));
#1180=CARTESIAN_POINT('Ctrl Pts',(3.8891520261336,196.809859393702,-58.4702925293446));
#1181=CARTESIAN_POINT('Ctrl Pts',(2.85648103718252,193.081500612071,-58.4960794404143));
#1182=CARTESIAN_POINT('Ctrl Pts',(2.46235452140483,191.2040669077,-58.2642822926676));
#1183=CARTESIAN_POINT('Ctrl Pts',(2.06535643762847,187.822234047258,-57.2382034022618));
#1184=CARTESIAN_POINT('Ctrl Pts',(2.02951379984417,186.347232973584,-56.5236666029941));
#1185=CARTESIAN_POINT('Ctrl Pts',(2.31401358045663,183.35306652528,-54.3784859898629));
#1186=CARTESIAN_POINT('Ctrl Pts',(2.70020381837803,182.00753614955,-52.912115745496));
#1187=CARTESIAN_POINT('Ctrl Pts',(4.19321286743708,178.886343003117,-48.3493703256444));
#1188=CARTESIAN_POINT('Ctrl Pts',(5.52429839188724,177.927152393808,-45.2509991889104));
#1189=CARTESIAN_POINT('Ctrl Pts',(7.56832832634143,176.736918056411,-40.6434178439663));
#1190=CARTESIAN_POINT('Ctrl Pts',(8.97532914161019,176.373892338496,-37.7143959992514));
#1191=CARTESIAN_POINT('Ctrl Pts',(10.3404785317675,176.074459813542,-34.9005685496326));
#1192=CARTESIAN_POINT('',(37.6366854437884,186.517924916289,12.6260935493044));
#1193=CARTESIAN_POINT('Ctrl Pts',(10.3404785317675,176.074459813542,-34.9005685496326));
#1194=CARTESIAN_POINT('Ctrl Pts',(10.8881459304308,175.954334182458,-33.7717239186121));
#1195=CARTESIAN_POINT('Ctrl Pts',(11.7436589020021,175.777250980647,-32.0139696314126));
#1196=CARTESIAN_POINT('Ctrl Pts',(12.7820149325961,175.567340117901,-29.8832108921924));
#1197=CARTESIAN_POINT('Ctrl Pts',(13.3095018398926,175.469908208539,-28.8056744692336));
#1198=CARTESIAN_POINT('Ctrl Pts',(16.909299163122,174.898356778536,-21.501744028642));
#1199=CARTESIAN_POINT('Ctrl Pts',(19.9549276039979,174.807206669727,-15.5308537831367));
#1200=CARTESIAN_POINT('Ctrl Pts',(24.362728394352,176.442803437733,-7.8292133031101));
#1201=CARTESIAN_POINT('Ctrl Pts',(25.5524948981689,177.042341917538,-5.83439848518448));
#1202=CARTESIAN_POINT('Ctrl Pts',(28.5057946103593,178.811595623286,-1.03219544868297));
#1203=CARTESIAN_POINT('Ctrl Pts',(30.7847674712853,180.429888450849,2.53899771619921));
#1204=CARTESIAN_POINT('Ctrl Pts',(35.2646333457929,184.300766116381,9.19230936378875));
#1205=CARTESIAN_POINT('Ctrl Pts',(36.8440408598644,185.77072326474,11.4820189455325));
#1206=CARTESIAN_POINT('Ctrl Pts',(37.6366854437884,186.517924916289,12.6260935493044));
#1207=CARTESIAN_POINT('',(47.563265137279,199.8287637584,24.8518216774333));
#1208=CARTESIAN_POINT('Ctrl Pts',(37.6366854437884,186.517924916289,12.6260935493044));
#1209=CARTESIAN_POINT('Ctrl Pts',(39.6887020929626,188.452297850092,15.5879003697274));
#1210=CARTESIAN_POINT('Ctrl Pts',(41.7843551348578,190.561411768323,18.5416539880857));
#1211=CARTESIAN_POINT('Ctrl Pts',(45.4037743345916,195.451108173395,22.9800797044381));
#1212=CARTESIAN_POINT('Ctrl Pts',(46.4753879093012,197.487625792301,23.9811187698948));
#1213=CARTESIAN_POINT('Ctrl Pts',(47.29451934955,199.224395503565,24.6505608391979));
#1214=CARTESIAN_POINT('Ctrl Pts',(47.4308233271929,199.524693500595,24.7559492054814));
#1215=CARTESIAN_POINT('Ctrl Pts',(47.563265137279,199.8287637584,24.8518216774333));
#1216=CARTESIAN_POINT('',(26.472189321237,200.144094573228,-16.3288350603469));
#1217=CARTESIAN_POINT('Ctrl Pts',(7.11500221771384,199.113596364187,-57.2555015446613));
#1218=CARTESIAN_POINT('Ctrl Pts',(-4.66055355539045,202.333275530653,-51.1998816639604));
#1219=CARTESIAN_POINT('Ctrl Pts',(6.54886676561567,197.745609528618,-57.6290522168296));
#1220=CARTESIAN_POINT('Ctrl Pts',(-5.22668900748862,200.965288695083,-51.5734323361288));
#1221=CARTESIAN_POINT('Ctrl Pts',(6.03771098066755,196.301447038757,-57.8551898542282));
#1222=CARTESIAN_POINT('Ctrl Pts',(-5.73784479243674,199.521126205222,-51.7995699735273));
#1223=CARTESIAN_POINT('Ctrl Pts',(5.61125576036226,194.832334348765,-57.9033559736387));
#1224=CARTESIAN_POINT('Ctrl Pts',(-6.16430001274204,198.05201351523,-51.8477360929379));
#1225=CARTESIAN_POINT('Ctrl Pts',(5.12029560084389,193.141006006922,-57.958807623761));
#1226=CARTESIAN_POINT('Ctrl Pts',(-6.65526017226041,196.360685173388,-51.9031877430602));
#1227=CARTESIAN_POINT('Ctrl Pts',(4.76837537730966,191.502470675124,-57.7719560918467));
#1228=CARTESIAN_POINT('Ctrl Pts',(-7.00718039579463,194.722149841589,-51.7163362111459));
#1229=CARTESIAN_POINT('Ctrl Pts',(4.56593011598713,190.024438752828,-57.3797777238734));
#1230=CARTESIAN_POINT('Ctrl Pts',(-7.20962565711717,193.244117919294,-51.3241578431725));
#1231=CARTESIAN_POINT('Ctrl Pts',(4.20658901123115,187.400926498936,-56.6836596369975));
#1232=CARTESIAN_POINT('Ctrl Pts',(-7.56896676187315,190.620605665401,-50.6280397562967));
#1233=CARTESIAN_POINT('Ctrl Pts',(4.29147379445511,185.154128746746,-55.324008011675));
#1234=CARTESIAN_POINT('Ctrl Pts',(-7.48408197864918,188.373807913211,-49.2683881309742));
#1235=CARTESIAN_POINT('Ctrl Pts',(4.89101383300912,183.268858240575,-53.1557934287361));
#1236=CARTESIAN_POINT('Ctrl Pts',(-6.88454194009518,186.488537407041,-47.1001735480352));
#1237=CARTESIAN_POINT('Ctrl Pts',(5.1152251105353,182.563819575117,-52.3449415584187));
#1238=CARTESIAN_POINT('Ctrl Pts',(-6.66033066256899,185.783498741582,-46.2893216777179));
#1239=CARTESIAN_POINT('Ctrl Pts',(5.42659997142361,181.891994772275,-51.3822535963595));
#1240=CARTESIAN_POINT('Ctrl Pts',(-6.34895580168069,185.11167393874,-45.3266337156586));
#1241=CARTESIAN_POINT('Ctrl Pts',(5.77038431015619,181.347655780295,-50.4243254765437));
#1242=CARTESIAN_POINT('Ctrl Pts',(-6.0051714629481,184.56733494676,-44.3687055958429));
#1243=CARTESIAN_POINT('Ctrl Pts',(5.97206836568203,181.028314602951,-49.8623486604417));
#1244=CARTESIAN_POINT('Ctrl Pts',(-5.80348740742226,184.247993769416,-43.8067287797408));
#1245=CARTESIAN_POINT('Ctrl Pts',(6.18413007944926,180.748291489691,-49.3010966022456));
#1246=CARTESIAN_POINT('Ctrl Pts',(-5.59142569365504,183.967970656156,-43.2454767215448));
#1247=CARTESIAN_POINT('Ctrl Pts',(6.40091090876828,180.502994829089,-48.7491314261318));
#1248=CARTESIAN_POINT('Ctrl Pts',(-5.37464486433601,183.722673995555,-42.693511545431));
#1249=CARTESIAN_POINT('Ctrl Pts',(6.69812392254947,180.166685756018,-47.9923706276313));
#1250=CARTESIAN_POINT('Ctrl Pts',(-5.07743185055482,183.386364922483,-41.9367507469305));
#1251=CARTESIAN_POINT('Ctrl Pts',(7.00419687956211,179.895847585485,-47.2531909434251));
#1252=CARTESIAN_POINT('Ctrl Pts',(-4.77135889354218,183.11552675195,-41.1975710627243));
#1253=CARTESIAN_POINT('Ctrl Pts',(7.30226344981412,179.673294132937,-46.5552524466306));
#1254=CARTESIAN_POINT('Ctrl Pts',(-4.47329232329017,182.892973299402,-40.4996325659298));
#1255=CARTESIAN_POINT('Ctrl Pts',(7.62026153932259,179.435858674596,-45.8106432528274));
#1256=CARTESIAN_POINT('Ctrl Pts',(-4.1552942337817,182.655537841061,-39.7550233721265));
#1257=CARTESIAN_POINT('Ctrl Pts',(7.91895475257604,179.258097361047,-45.1353014925918));
#1258=CARTESIAN_POINT('Ctrl Pts',(-3.85660102052826,182.477776527512,-39.0796816118909));
#1259=CARTESIAN_POINT('Ctrl Pts',(8.21475608992996,179.105346904069,-44.4788810619701));
#1260=CARTESIAN_POINT('Ctrl Pts',(-3.56079968317434,182.325026070534,-38.4232611812693));
#1261=CARTESIAN_POINT('Ctrl Pts',(8.63487036379918,178.888401815549,-43.5465945651258));
#1262=CARTESIAN_POINT('Ctrl Pts',(-3.14068540930511,182.108080982014,-37.4909746844249));
#1263=CARTESIAN_POINT('Ctrl Pts',(9.07153401203703,178.714193128352,-42.6048489904291));
#1264=CARTESIAN_POINT('Ctrl Pts',(-2.70402176106726,181.933872294818,-36.5492291097282));
#1265=CARTESIAN_POINT('Ctrl Pts',(9.53868650225687,178.563451524331,-41.6162929180454));
#1266=CARTESIAN_POINT('Ctrl Pts',(-2.23686927084742,181.783130690797,-35.5606730373446));
#1267=CARTESIAN_POINT('Ctrl Pts',(10.1378645160753,178.370107687387,-40.3483534841354));
#1268=CARTESIAN_POINT('Ctrl Pts',(-1.63769125702901,181.589786853853,-34.2927336034346));
#1269=CARTESIAN_POINT('Ctrl Pts',(10.7877967165215,178.217551029999,-39.0034050681116));
#1270=CARTESIAN_POINT('Ctrl Pts',(-0.987759056582802,181.437230196464,-32.9477851874108));
#1271=CARTESIAN_POINT('Ctrl Pts',(11.5196240530576,178.074165330329,-37.5040821669841));
#1272=CARTESIAN_POINT('Ctrl Pts',(-0.255931720046734,181.293844496794,-31.4484622862833));
#1273=CARTESIAN_POINT('Ctrl Pts',(12.1933484376348,177.942163644352,-36.1237970253743));
#1274=CARTESIAN_POINT('Ctrl Pts',(0.417792664530461,181.161842810817,-30.0681771446735));
#1275=CARTESIAN_POINT('Ctrl Pts',(12.9338066588505,177.807470287584,-34.6123123786255));
#1276=CARTESIAN_POINT('Ctrl Pts',(1.15825088574624,181.027149454049,-28.5566924979246));
#1277=CARTESIAN_POINT('Ctrl Pts',(13.7628355796016,177.634870773626,-32.9084419976697));
#1278=CARTESIAN_POINT('Ctrl Pts',(1.98727980649729,180.854549940091,-26.8528221169688));
#1279=CARTESIAN_POINT('',(13.7628355796016,177.634870773626,-32.9084419976697));
#1280=CARTESIAN_POINT('',(13.7628355796016,177.634870773626,-32.9084419976697));
#1281=CARTESIAN_POINT('',(4.36838501621595,186.393607758062,-55.8334607893197));
#1282=CARTESIAN_POINT('Ctrl Pts',(13.7628355796016,177.634870773626,-32.9084419976697));
#1283=CARTESIAN_POINT('Ctrl Pts',(12.9338066588505,177.807470287584,-34.6123123786255));
#1284=CARTESIAN_POINT('Ctrl Pts',(12.1933484376348,177.942163644352,-36.1237970253743));
#1285=CARTESIAN_POINT('Ctrl Pts',(11.5196240530576,178.074165330329,-37.5040821669841));
#1286=CARTESIAN_POINT('Ctrl Pts',(10.7877967165215,178.217551029999,-39.0034050681116));
#1287=CARTESIAN_POINT('Ctrl Pts',(10.1378645160753,178.370107687387,-40.3483534841354));
#1288=CARTESIAN_POINT('Ctrl Pts',(9.53868650225687,178.563451524331,-41.6162929180454));
#1289=CARTESIAN_POINT('Ctrl Pts',(9.07153401203703,178.714193128352,-42.6048489904291));
#1290=CARTESIAN_POINT('Ctrl Pts',(8.63487036379918,178.888401815549,-43.5465945651258));
#1291=CARTESIAN_POINT('Ctrl Pts',(8.21475608992996,179.105346904069,-44.4788810619701));
#1292=CARTESIAN_POINT('Ctrl Pts',(7.91895475257604,179.258097361047,-45.1353014925918));
#1293=CARTESIAN_POINT('Ctrl Pts',(7.62026153932259,179.435858674596,-45.8106432528274));
#1294=CARTESIAN_POINT('Ctrl Pts',(7.30226344981412,179.673294132937,-46.5552524466306));
#1295=CARTESIAN_POINT('Ctrl Pts',(7.00419687956211,179.895847585485,-47.2531909434251));
#1296=CARTESIAN_POINT('Ctrl Pts',(6.69812392254947,180.166685756018,-47.9923706276313));
#1297=CARTESIAN_POINT('Ctrl Pts',(6.40091090876828,180.502994829089,-48.7491314261318));
#1298=CARTESIAN_POINT('Ctrl Pts',(6.18413007944926,180.748291489691,-49.3010966022456));
#1299=CARTESIAN_POINT('Ctrl Pts',(5.97206836568203,181.028314602951,-49.8623486604417));
#1300=CARTESIAN_POINT('Ctrl Pts',(5.77038431015619,181.347655780295,-50.4243254765437));
#1301=CARTESIAN_POINT('Ctrl Pts',(5.42659997142361,181.891994772275,-51.3822535963595));
#1302=CARTESIAN_POINT('Ctrl Pts',(5.1152251105353,182.563819575117,-52.3449415584187));
#1303=CARTESIAN_POINT('Ctrl Pts',(4.89101383300912,183.268858240575,-53.1557934287361));
#1304=CARTESIAN_POINT('Ctrl Pts',(4.5897193599504,184.216287181434,-54.2454138514528));
#1305=CARTESIAN_POINT('Ctrl Pts',(4.41840064492387,185.255019528533,-55.1308323696042));
#1306=CARTESIAN_POINT('Ctrl Pts',(4.36811902196974,186.386982798907,-55.8304556448015));
#1307=CARTESIAN_POINT('Ctrl Pts',(4.36811902196974,186.386982798907,-55.8304556448015));
#1308=CARTESIAN_POINT('Ctrl Pts',(4.31834621691383,187.507491324222,-56.522999179459));
#1309=CARTESIAN_POINT('Ctrl Pts',(4.38717326222949,188.719353445043,-57.0334887037564));
#1310=CARTESIAN_POINT('Ctrl Pts',(4.56593011598713,190.024438752828,-57.3797777238734));
#1311=CARTESIAN_POINT('Ctrl Pts',(4.76837537730966,191.502470675124,-57.7719560918467));
#1312=CARTESIAN_POINT('Ctrl Pts',(5.12029560084389,193.141006006922,-57.958807623761));
#1313=CARTESIAN_POINT('Ctrl Pts',(5.61125576036226,194.832334348765,-57.9033559736387));
#1314=CARTESIAN_POINT('Ctrl Pts',(6.03771098066755,196.301447038757,-57.8551898542282));
#1315=CARTESIAN_POINT('Ctrl Pts',(6.54886676561567,197.745609528618,-57.6290522168296));
#1316=CARTESIAN_POINT('Ctrl Pts',(7.11500221771384,199.113596364187,-57.2555015446613));
#1317=CARTESIAN_POINT('Ctrl Pts',(37.6575105708122,186.717021614949,8.72750463633861));
#1318=CARTESIAN_POINT('Ctrl Pts',(25.8819547977079,189.936700781414,14.7831245170394));
#1319=CARTESIAN_POINT('Ctrl Pts',(38.5407947308817,187.533002863716,10.0112648816422));
#1320=CARTESIAN_POINT('Ctrl Pts',(26.7652389577774,190.752682030182,16.066884762343));
#1321=CARTESIAN_POINT('Ctrl Pts',(39.3265908120379,188.260628956546,11.152430137061));
#1322=CARTESIAN_POINT('Ctrl Pts',(27.5510350389336,191.480308123012,17.2080500177618));
#1323=CARTESIAN_POINT('Ctrl Pts',(40.0396113230307,188.933512144707,12.1811844074594));
#1324=CARTESIAN_POINT('Ctrl Pts',(28.2640555499264,192.153191311172,18.2368042881602));
#1325=CARTESIAN_POINT('Ctrl Pts',(40.8742658416845,189.721182323706,13.3854336361059));
#1326=CARTESIAN_POINT('Ctrl Pts',(29.0987100685802,192.940861490171,19.4410535168067));
#1327=CARTESIAN_POINT('Ctrl Pts',(41.6086938092885,190.444144652446,14.4291898279381));
#1328=CARTESIAN_POINT('Ctrl Pts',(29.8331380361842,193.663823818912,20.4848097086389));
#1329=CARTESIAN_POINT('Ctrl Pts',(42.2826106015771,191.14711323103,15.3659083800651));
#1330=CARTESIAN_POINT('Ctrl Pts',(30.5070548284728,194.366792397495,21.4215282607659));
#1331=CARTESIAN_POINT('Ctrl Pts',(43.0001526089254,191.895587658068,16.3632643116942));
#1332=CARTESIAN_POINT('Ctrl Pts',(31.2245968358211,195.115266824533,22.4188841923951));
#1333=CARTESIAN_POINT('Ctrl Pts',(43.6492898788153,192.618963282783,17.2409473238832));
#1334=CARTESIAN_POINT('Ctrl Pts',(31.873734105711,195.838642449248,23.296567204584));
#1335=CARTESIAN_POINT('Ctrl Pts',(44.2785495033054,193.383203333084,18.0582499507517));
#1336=CARTESIAN_POINT('Ctrl Pts',(32.5029937302011,196.602882499549,24.1138698314525));
#1337=CARTESIAN_POINT('Ctrl Pts',(45.08497481932,194.362612308472,19.1056610724902));
#1338=CARTESIAN_POINT('Ctrl Pts',(33.3094190462157,197.582291474937,25.161280953191));
#1339=CARTESIAN_POINT('Ctrl Pts',(45.878867773997,195.435264697309,20.0791261070547));
#1340=CARTESIAN_POINT('Ctrl Pts',(34.1033120008927,198.654943863774,26.1347459877556));
#1341=CARTESIAN_POINT('Ctrl Pts',(46.6387745153135,196.656939049371,20.9072700219615));
#1342=CARTESIAN_POINT('Ctrl Pts',(34.8632187422092,199.876618215836,26.9628899026623));
#1343=CARTESIAN_POINT('Ctrl Pts',(46.7210005881975,196.789130907729,20.9968797308944));
#1344=CARTESIAN_POINT('Ctrl Pts',(34.9454448150932,200.008810074194,27.0524996115952));
#1345=CARTESIAN_POINT('Ctrl Pts',(46.8027730159795,196.923014776155,21.0847076812329));
#1346=CARTESIAN_POINT('Ctrl Pts',(35.0272172428752,200.14269394262,27.1403275619338));
#1347=CARTESIAN_POINT('Ctrl Pts',(46.8840592667667,197.058621251015,21.1706743449342));
#1348=CARTESIAN_POINT('Ctrl Pts',(35.1085034936624,200.27830041748,27.2262942256351));
#1349=CARTESIAN_POINT('Ctrl Pts',(47.1614669803495,197.521409013689,21.4640550260548));
#1350=CARTESIAN_POINT('Ctrl Pts',(35.3859112072452,200.741088180154,27.5196749067557));
#1351=CARTESIAN_POINT('Ctrl Pts',(47.4335231040514,198.004762168104,21.7360948847652));
#1352=CARTESIAN_POINT('Ctrl Pts',(35.6579673309471,201.22444133457,27.791714765466));
#1353=CARTESIAN_POINT('Ctrl Pts',(47.6967140862558,198.506862768319,21.9809281598306));
#1354=CARTESIAN_POINT('Ctrl Pts',(35.9211583131515,201.726541934785,28.0365480405315));
#1355=CARTESIAN_POINT('',(37.6575105708122,186.717021614949,8.72750463633923));
#1356=CARTESIAN_POINT('Ctrl Pts',(47.6967140862558,198.506862768319,21.9809281598306));
#1357=CARTESIAN_POINT('Ctrl Pts',(47.4335231040514,198.004762168104,21.7360948847652));
#1358=CARTESIAN_POINT('Ctrl Pts',(47.1614669803495,197.521409013689,21.4640550260548));
#1359=CARTESIAN_POINT('Ctrl Pts',(46.8840592667667,197.058621251015,21.1706743449342));
#1360=CARTESIAN_POINT('Ctrl Pts',(46.8027730159795,196.923014776155,21.0847076812329));
#1361=CARTESIAN_POINT('Ctrl Pts',(46.7210005881975,196.789130907729,20.9968797308944));
#1362=CARTESIAN_POINT('Ctrl Pts',(46.6387745153135,196.656939049371,20.9072700219615));
#1363=CARTESIAN_POINT('Ctrl Pts',(45.878867773997,195.435264697309,20.0791261070547));
#1364=CARTESIAN_POINT('Ctrl Pts',(45.08497481932,194.362612308472,19.1056610724902));
#1365=CARTESIAN_POINT('Ctrl Pts',(44.2785495033054,193.383203333084,18.0582499507517));
#1366=CARTESIAN_POINT('Ctrl Pts',(43.6492898788153,192.618963282783,17.2409473238832));
#1367=CARTESIAN_POINT('Ctrl Pts',(43.0001526089254,191.895587658068,16.3632643116942));
#1368=CARTESIAN_POINT('Ctrl Pts',(42.2826106015771,191.14711323103,15.3659083800651));
#1369=CARTESIAN_POINT('Ctrl Pts',(41.6086938092885,190.444144652446,14.4291898279381));
#1370=CARTESIAN_POINT('Ctrl Pts',(40.8742658416845,189.721182323706,13.3854336361059));
#1371=CARTESIAN_POINT('Ctrl Pts',(40.0396113230307,188.933512144707,12.1811844074594));
#1372=CARTESIAN_POINT('Ctrl Pts',(39.3265908120379,188.260628956546,11.152430137061));
#1373=CARTESIAN_POINT('Ctrl Pts',(38.5407947308817,187.533002863716,10.0112648816422));
#1374=CARTESIAN_POINT('Ctrl Pts',(37.6575105708122,186.717021614949,8.72750463633861));
#1375=CARTESIAN_POINT('',(37.6575105708122,186.717021614949,8.72750463633923));
#1376=CARTESIAN_POINT('Ctrl Pts',(13.7628355796016,177.634870773626,-32.9084419976697));
#1377=CARTESIAN_POINT('Ctrl Pts',(1.9872798064973,180.854549940091,-26.8528221169688));
#1378=CARTESIAN_POINT('Ctrl Pts',(13.9413254060982,177.59771011912,-32.5415989104659));
#1379=CARTESIAN_POINT('Ctrl Pts',(2.1657696329939,180.817389285585,-26.4859790297651));
#1380=CARTESIAN_POINT('Ctrl Pts',(14.14585306789,177.554946386356,-32.1211444502798));
#1381=CARTESIAN_POINT('Ctrl Pts',(2.37029729478572,180.774625552821,-26.0655245695789));
#1382=CARTESIAN_POINT('Ctrl Pts',(14.6275264722904,177.455250500745,-31.1314917108598));
#1383=CARTESIAN_POINT('Ctrl Pts',(2.8519706991861,180.67492966721,-25.075871830159));
#1384=CARTESIAN_POINT('Ctrl Pts',(14.8857681109001,177.402475005927,-30.601263750253));
#1385=CARTESIAN_POINT('Ctrl Pts',(3.11021233779577,180.622154172392,-24.5456438695522));
#1386=CARTESIAN_POINT('Ctrl Pts',(16.8792386561939,176.996734443498,-26.5091016740031));
#1387=CARTESIAN_POINT('Ctrl Pts',(5.1036828830896,180.216413609964,-20.4534817933023));
#1388=CARTESIAN_POINT('Ctrl Pts',(18.6419168630446,176.65179596615,-22.8980581813751));
#1389=CARTESIAN_POINT('Ctrl Pts',(6.86636108994027,179.871475132615,-16.8424383006743));
#1390=CARTESIAN_POINT('Ctrl Pts',(21.8137297842118,176.653918128405,-16.731385238037));
#1391=CARTESIAN_POINT('Ctrl Pts',(10.0381740111075,179.87359729487,-10.6757653573362));
#1392=CARTESIAN_POINT('Ctrl Pts',(23.1815326242356,176.843797910982,-14.1725577434617));
#1393=CARTESIAN_POINT('Ctrl Pts',(11.4059768511313,180.063477077447,-8.11693786276085));
#1394=CARTESIAN_POINT('Ctrl Pts',(25.5757788861657,177.652489827367,-9.9467555331567));
#1395=CARTESIAN_POINT('Ctrl Pts',(13.8002231130614,180.872168993832,-3.89113565245587));
#1396=CARTESIAN_POINT('Ctrl Pts',(26.6694879264709,178.157426547544,-8.08843255569102));
#1397=CARTESIAN_POINT('Ctrl Pts',(14.8939321533666,181.377105714009,-2.03281267499019));
#1398=CARTESIAN_POINT('Ctrl Pts',(29.0783375305871,179.601763847366,-4.17219596622385));
#1399=CARTESIAN_POINT('Ctrl Pts',(17.3027817574828,182.821443013831,1.88342391447698));
#1400=CARTESIAN_POINT('Ctrl Pts',(30.2072225680397,180.398534769871,-2.40063464109973));
#1401=CARTESIAN_POINT('Ctrl Pts',(18.4316667949354,183.618213936337,3.65498523960111));
#1402=CARTESIAN_POINT('Ctrl Pts',(32.1037821351142,181.863861635685,0.508260059064147));
#1403=CARTESIAN_POINT('Ctrl Pts',(20.3282263620099,185.083540802151,6.56387993976498));
#1404=CARTESIAN_POINT('Ctrl Pts',(32.8538347914969,182.473781307941,1.64250252496177));
#1405=CARTESIAN_POINT('Ctrl Pts',(21.0782790183926,185.693460474407,7.69812240566261));
#1406=CARTESIAN_POINT('Ctrl Pts',(34.1991229204834,183.615389142,3.65152962274202));
#1407=CARTESIAN_POINT('Ctrl Pts',(22.4235671473791,186.835068308465,9.70714950344286));
#1408=CARTESIAN_POINT('Ctrl Pts',(34.8057703000874,184.146112966122,4.54901819047386));
#1409=CARTESIAN_POINT('Ctrl Pts',(23.0302145269831,187.365792132588,10.6046380711747));
#1410=CARTESIAN_POINT('Ctrl Pts',(36.1022532707661,185.293381714515,6.46013059028833));
#1411=CARTESIAN_POINT('Ctrl Pts',(24.3266974976618,188.513060880981,12.5157504709892));
#1412=CARTESIAN_POINT('Ctrl Pts',(36.7104181612286,185.842094063876,7.35100583899061));
#1413=CARTESIAN_POINT('Ctrl Pts',(24.9348623881244,189.061773230342,13.4066257196914));
#1414=CARTESIAN_POINT('Ctrl Pts',(37.6575105708122,186.717021614949,8.7275046363386));
#1415=CARTESIAN_POINT('Ctrl Pts',(25.8819547977079,189.936700781414,14.7831245170394));
#1416=CARTESIAN_POINT('Ctrl Pts',(37.6575105708122,186.717021614949,8.7275046363386));
#1417=CARTESIAN_POINT('Ctrl Pts',(36.7104181612286,185.842094063876,7.35100583899061));
#1418=CARTESIAN_POINT('Ctrl Pts',(36.1022532707661,185.293381714515,6.46013059028833));
#1419=CARTESIAN_POINT('Ctrl Pts',(35.3074474972831,184.590051361875,5.2885277204471));
#1420=CARTESIAN_POINT('Ctrl Pts',(34.8057703000874,184.146112966122,4.54901819047386));
#1421=CARTESIAN_POINT('Ctrl Pts',(34.1991229204834,183.615389142,3.65152962274202));
#1422=CARTESIAN_POINT('Ctrl Pts',(33.6332922060821,183.135226742293,2.80652905112094));
#1423=CARTESIAN_POINT('Ctrl Pts',(32.8538347914969,182.473781307941,1.64250252496177));
#1424=CARTESIAN_POINT('Ctrl Pts',(32.1037821351142,181.863861635685,0.508260059064147));
#1425=CARTESIAN_POINT('Ctrl Pts',(31.3548402268176,181.285211369059,-0.640447941252042));
#1426=CARTESIAN_POINT('Ctrl Pts',(30.2072225680397,180.398534769871,-2.40063464109973));
#1427=CARTESIAN_POINT('Ctrl Pts',(29.0783375305871,179.601763847366,-4.17219596622386));
#1428=CARTESIAN_POINT('Ctrl Pts',(27.9460196960953,178.92283026811,-6.01308488131652));
#1429=CARTESIAN_POINT('Ctrl Pts',(26.6694879264709,178.157426547544,-8.08843255569102));
#1430=CARTESIAN_POINT('Ctrl Pts',(25.5757788861657,177.652489827367,-9.9467555331567));
#1431=CARTESIAN_POINT('Ctrl Pts',(24.5973436730481,177.322008932341,-11.6736763399158));
#1432=CARTESIAN_POINT('Ctrl Pts',(23.1815326242356,176.843797910982,-14.1725577434617));
#1433=CARTESIAN_POINT('Ctrl Pts',(21.8137297842118,176.653918128405,-16.731385238037));
#1434=CARTESIAN_POINT('Ctrl Pts',(20.4659813500326,176.653016391472,-19.3516923021816));
#1435=CARTESIAN_POINT('Ctrl Pts',(18.6419168630446,176.65179596615,-22.8980581813751));
#1436=CARTESIAN_POINT('Ctrl Pts',(16.8792386561939,176.996734443498,-26.5091016740031));
#1437=CARTESIAN_POINT('Ctrl Pts',(15.1055259579403,177.357746643791,-30.1501486185348));
#1438=CARTESIAN_POINT('Ctrl Pts',(14.8857681109001,177.402475005927,-30.601263750253));
#1439=CARTESIAN_POINT('Ctrl Pts',(14.6275264722904,177.455250500745,-31.1314917108598));
#1440=CARTESIAN_POINT('Ctrl Pts',(14.3667378939861,177.509228046596,-31.667311477055));
#1441=CARTESIAN_POINT('Ctrl Pts',(14.14585306789,177.554946386356,-32.1211444502798));
#1442=CARTESIAN_POINT('Ctrl Pts',(13.9413254060982,177.59771011912,-32.5415989104659));
#1443=CARTESIAN_POINT('Ctrl Pts',(13.7628355796016,177.634870773626,-32.9084419976697));
#1444=CARTESIAN_POINT('Ctrl Pts',(37.6575105708122,186.717021614949,8.72750463633916));
#1445=CARTESIAN_POINT('Ctrl Pts',(37.7073933278173,186.556431724702,8.29295946917126));
#1446=CARTESIAN_POINT('Ctrl Pts',(37.7545089862423,186.408330585165,7.87158927443557));
#1447=CARTESIAN_POINT('Ctrl Pts',(37.9171401469106,185.90853164593,6.37096540176259));
#1448=CARTESIAN_POINT('Ctrl Pts',(38.0353652167888,185.627844672545,5.3362408966451));
#1449=CARTESIAN_POINT('Ctrl Pts',(38.2345726287803,185.324045777303,4.18964910882761));
#1450=CARTESIAN_POINT('Ctrl Pts',(36.2932222595423,185.931262355005,7.90896978525506));
#1451=CARTESIAN_POINT('Ctrl Pts',(36.392284174835,185.775864355709,7.46940082098061));
#1452=CARTESIAN_POINT('Ctrl Pts',(36.4914754978367,185.633973120089,7.03757643852101));
#1453=CARTESIAN_POINT('Ctrl Pts',(36.8516239522685,185.16584155138,5.48274506758072));
#1454=CARTESIAN_POINT('Ctrl Pts',(37.0151097263003,184.867920078345,4.3715672187482));
#1455=CARTESIAN_POINT('Ctrl Pts',(37.4750903477009,184.653317674555,3.18907845201643));
#1456=CARTESIAN_POINT('Ctrl Pts',(34.976633094394,185.112339049735,6.8501108846056));
#1457=CARTESIAN_POINT('Ctrl Pts',(35.1189763358937,184.967543103518,6.41763248849077));
#1458=CARTESIAN_POINT('Ctrl Pts',(35.2665666062463,184.835955778757,5.98754652147718));
#1459=CARTESIAN_POINT('Ctrl Pts',(35.8345700415205,184.400705463121,4.42102282868905));
#1460=CARTESIAN_POINT('Ctrl Pts',(36.2869087266738,184.173614796086,3.32068603674637));
#1461=CARTESIAN_POINT('Ctrl Pts',(36.8181095442806,184.016563007438,2.23026492148713));
#1462=CARTESIAN_POINT('Ctrl Pts',(32.4241220882879,183.421185289335,4.2527611609077));
#1463=CARTESIAN_POINT('Ctrl Pts',(32.6454391346664,183.289174090255,3.84567397168232));
#1464=CARTESIAN_POINT('Ctrl Pts',(32.8758478443549,183.172790020028,3.43907956756494));
#1465=CARTESIAN_POINT('Ctrl Pts',(33.7712283055769,182.804724909966,1.95070148539903));
#1466=CARTESIAN_POINT('Ctrl Pts',(34.5236246963947,182.666686111021,0.926820446940472));
#1467=CARTESIAN_POINT('Ctrl Pts',(35.3761841481122,182.654382796744,-0.0575610923458485));
#1468=CARTESIAN_POINT('Ctrl Pts',(31.1905991347042,182.567145121998,2.74880128138189));
#1469=CARTESIAN_POINT('Ctrl Pts',(31.4498539091916,182.440047897074,2.35719126906866));
#1470=CARTESIAN_POINT('Ctrl Pts',(31.718039699903,182.329198941126,1.96499747403735));
#1471=CARTESIAN_POINT('Ctrl Pts',(32.7449097204769,181.984279628595,0.528144169903975));
#1472=CARTESIAN_POINT('Ctrl Pts',(33.5850162562586,181.880436146475,-0.477047188691299));
#1473=CARTESIAN_POINT('Ctrl Pts',(34.5764796579481,181.916601024784,-1.40462318711577));
#1474=CARTESIAN_POINT('Ctrl Pts',(27.5535599079356,180.101231354016,-2.19441040088142));
#1475=CARTESIAN_POINT('Ctrl Pts',(27.9177198258022,179.986134359083,-2.53521325547771));
#1476=CARTESIAN_POINT('Ctrl Pts',(28.290227702887,179.888610080388,-2.87966807687689));
#1477=CARTESIAN_POINT('Ctrl Pts',(29.6962065894736,179.594476677233,-4.15559125054737));
#1478=CARTESIAN_POINT('Ctrl Pts',(30.7860961813572,179.507727795691,-5.10067783445887));
#1479=CARTESIAN_POINT('Ctrl Pts',(31.9586732548464,179.551984975723,-6.0239686837274));
#1480=CARTESIAN_POINT('Ctrl Pts',(25.2406771932153,178.595455679142,-6.06859138589342));
#1481=CARTESIAN_POINT('Ctrl Pts',(25.662592527729,178.483667373934,-6.36503566713909));
#1482=CARTESIAN_POINT('Ctrl Pts',(26.0909669427613,178.389931409978,-6.66670282817593));
#1483=CARTESIAN_POINT('Ctrl Pts',(27.6928850361305,178.111364908022,-7.79292963069755));
#1484=CARTESIAN_POINT('Ctrl Pts',(28.9072764665326,178.038795505786,-8.64351152882081));
#1485=CARTESIAN_POINT('Ctrl Pts',(30.1700133414113,178.097883646439,-9.50107799599567));
#1486=CARTESIAN_POINT('Ctrl Pts',(20.6408266449202,176.910986554228,-13.9454685068452));
#1487=CARTESIAN_POINT('Ctrl Pts',(21.1281119827913,176.829421724732,-14.1189053219971));
#1488=CARTESIAN_POINT('Ctrl Pts',(21.6200931140804,176.764934079107,-14.3011304071755));
#1489=CARTESIAN_POINT('Ctrl Pts',(23.4464722238221,176.589041848433,-15.0069265225049));
#1490=CARTESIAN_POINT('Ctrl Pts',(24.8056378968008,176.581451311012,-15.5886490790614));
#1491=CARTESIAN_POINT('Ctrl Pts',(26.1756137681198,176.68787836657,-16.2502316187432));
#1492=CARTESIAN_POINT('Ctrl Pts',(18.310727839779,176.716470263188,-18.0147159700947));
#1493=CARTESIAN_POINT('Ctrl Pts',(18.8020264676842,176.660290622026,-18.1157429173554));
#1494=CARTESIAN_POINT('Ctrl Pts',(19.2980876896452,176.619707079758,-18.2278697957302));
#1495=CARTESIAN_POINT('Ctrl Pts',(21.1395968621141,176.525349798596,-18.6873551751345));
#1496=CARTESIAN_POINT('Ctrl Pts',(22.5105618623656,176.565122028708,-19.112258578311));
#1497=CARTESIAN_POINT('Ctrl Pts',(23.8893673011516,176.701271390514,-19.659630900307));
#1498=CARTESIAN_POINT('Ctrl Pts',(15.6419514319882,176.828887395618,-23.9238159003427));
#1499=CARTESIAN_POINT('Ctrl Pts',(16.1198489318777,176.800494136321,-23.9089517187017));
#1500=CARTESIAN_POINT('Ctrl Pts',(16.6007759079786,176.785182809034,-23.9069467386083));
#1501=CARTESIAN_POINT('Ctrl Pts',(18.3785311493871,176.775746031885,-23.9573523984981));
#1502=CARTESIAN_POINT('Ctrl Pts',(19.6696223344775,176.871663394316,-24.1382127683002));
#1503=CARTESIAN_POINT('Ctrl Pts',(20.9576096830794,177.042126409309,-24.5249168208816));
#1504=CARTESIAN_POINT('Ctrl Pts',(14.8868547580143,176.932498323986,-25.8542283479015));
#1505=CARTESIAN_POINT('Ctrl Pts',(15.3581444509345,176.912211680817,-25.799019517567));
#1506=CARTESIAN_POINT('Ctrl Pts',(15.8317566875194,176.904004629532,-25.7571796262597));
#1507=CARTESIAN_POINT('Ctrl Pts',(17.5853119400194,176.91655710708,-25.6669332411611));
#1508=CARTESIAN_POINT('Ctrl Pts',(18.8480887469651,177.005370776584,-25.7572544526892));
#1509=CARTESIAN_POINT('Ctrl Pts',(20.120599552625,177.173998979285,-25.9889454376549));
#1510=CARTESIAN_POINT('Ctrl Pts',(13.7849992833119,177.228777195003,-29.5983881698896));
#1511=CARTESIAN_POINT('Ctrl Pts',(14.2374971865294,177.220770591191,-29.4618252971026));
#1512=CARTESIAN_POINT('Ctrl Pts',(14.6892235751458,177.222411937733,-29.3359707585289));
#1513=CARTESIAN_POINT('Ctrl Pts',(16.3455096501085,177.260761024651,-28.9196825046776));
#1514=CARTESIAN_POINT('Ctrl Pts',(17.5269805911636,177.345935422228,-28.7049406565608));
#1515=CARTESIAN_POINT('Ctrl Pts',(18.7406062486765,177.472107814978,-28.5817357937281));
#1516=CARTESIAN_POINT('Ctrl Pts',(13.46894829341,177.417004537166,-31.3886717636282));
#1517=CARTESIAN_POINT('Ctrl Pts',(13.9064538460091,177.410018662148,-31.2093412385623));
#1518=CARTESIAN_POINT('Ctrl Pts',(14.3361486489125,177.411775385997,-31.0393895388916));
#1519=CARTESIAN_POINT('Ctrl Pts',(15.8811321175632,177.453152440301,-30.4486137981824));
#1520=CARTESIAN_POINT('Ctrl Pts',(16.9355626484648,177.524305362395,-29.9786696697599));
#1521=CARTESIAN_POINT('Ctrl Pts',(18.1881779085915,177.641970779939,-29.7352657254177));
#1522=CARTESIAN_POINT('Ctrl Pts',(13.3940914860794,177.636886882385,-33.1060225499385));
#1523=CARTESIAN_POINT('Ctrl Pts',(13.8016601317192,177.632766034018,-32.8870723194942));
#1524=CARTESIAN_POINT('Ctrl Pts',(14.1955913017287,177.63499699633,-32.6773716175524));
#1525=CARTESIAN_POINT('Ctrl Pts',(15.593909002142,177.665691348817,-31.9397835482119));
#1526=CARTESIAN_POINT('Ctrl Pts',(16.5555809169434,177.737730616587,-31.4653907805608));
#1527=CARTESIAN_POINT('Ctrl Pts',(17.6574126992001,177.806852866414,-31.0049777875957));
#1528=CARTESIAN_POINT('',(38.2345726287804,185.324045777304,4.18964910882755));
#1529=CARTESIAN_POINT('Ctrl Pts',(37.6575105708122,186.717021614949,8.72750463633916));
#1530=CARTESIAN_POINT('Ctrl Pts',(37.7073933278173,186.556431724702,8.29295946917126));
#1531=CARTESIAN_POINT('Ctrl Pts',(37.7545089862423,186.408330585165,7.87158927443557));
#1532=CARTESIAN_POINT('Ctrl Pts',(37.9171401469106,185.90853164593,6.37096540176259));
#1533=CARTESIAN_POINT('Ctrl Pts',(38.0353652167888,185.627844672545,5.3362408966451));
#1534=CARTESIAN_POINT('Ctrl Pts',(38.2345726287803,185.324045777303,4.18964910882761));
#1535=CARTESIAN_POINT('',(33.6977335277805,181.12396228284,-2.9518386714634));
#1536=CARTESIAN_POINT('Ctrl Pts',(33.6990221253544,181.12401006409,-2.95297314640134));
#1537=CARTESIAN_POINT('Ctrl Pts',(33.7000850511728,181.124970065039,-2.95109728368146));
#1538=CARTESIAN_POINT('Ctrl Pts',(33.7011479601851,181.125930111026,-2.94922156968221));
#1539=CARTESIAN_POINT('Ctrl Pts',(34.5764796579481,181.916601024784,-1.40462318711577));
#1540=CARTESIAN_POINT('Ctrl Pts',(35.3761841481122,182.654382796744,-0.0575610923458485));
#1541=CARTESIAN_POINT('Ctrl Pts',(36.8181095442806,184.016563007438,2.23026492148713));
#1542=CARTESIAN_POINT('Ctrl Pts',(37.4750903477009,184.653317674555,3.18907845201643));
#1543=CARTESIAN_POINT('Ctrl Pts',(38.2345726287803,185.324045777303,4.18964910882761));
#1544=CARTESIAN_POINT('',(21.9383841602182,176.927655300858,-22.8935779632012));
#1545=CARTESIAN_POINT('Ctrl Pts',(21.9402564666172,176.927881197293,-22.8942034607496));
#1546=CARTESIAN_POINT('Ctrl Pts',(23.8921409349198,176.701255406067,-19.6554945316111));
#1547=CARTESIAN_POINT('Ctrl Pts',(26.1768252983025,176.688306031335,-16.2481845518007));
#1548=CARTESIAN_POINT('Ctrl Pts',(30.1687958120821,178.097453864002,-9.50313519942061));
#1549=CARTESIAN_POINT('Ctrl Pts',(31.9564923780897,179.550212360858,-6.02820806382894));
#1550=CARTESIAN_POINT('Ctrl Pts',(33.6990221253544,181.12401006409,-2.95297314640134));
#1551=CARTESIAN_POINT('',(17.6574126992001,177.806852866414,-31.0049777875957));
#1552=CARTESIAN_POINT('Ctrl Pts',(17.6574126992001,177.806852866414,-31.0049777875957));
#1553=CARTESIAN_POINT('Ctrl Pts',(18.1881779085915,177.641970779939,-29.7352657254177));
#1554=CARTESIAN_POINT('Ctrl Pts',(18.7406062486765,177.472107814978,-28.5817357937281));
#1555=CARTESIAN_POINT('Ctrl Pts',(20.120599552625,177.173998979285,-25.9889454376549));
#1556=CARTESIAN_POINT('Ctrl Pts',(20.9576096830794,177.042126409309,-24.5249168208816));
#1557=CARTESIAN_POINT('Ctrl Pts',(21.9378870693303,176.928156391851,-22.898135078699));
#1558=CARTESIAN_POINT('Ctrl Pts',(21.9390717066674,176.92801875521,-22.896169300783));
#1559=CARTESIAN_POINT('Ctrl Pts',(21.9402564666172,176.927881197293,-22.8942034607496));
#1560=CARTESIAN_POINT('Ctrl Pts',(13.7628336718437,177.634882120026,-32.9084616714641));
#1561=CARTESIAN_POINT('Ctrl Pts',(14.0403968053415,177.63469219,-32.7601568439675));
#1562=CARTESIAN_POINT('Ctrl Pts',(14.3112736201947,177.637536329029,-32.616351222896));
#1563=CARTESIAN_POINT('Ctrl Pts',(15.593909002142,177.665691348817,-31.9397835482119));
#1564=CARTESIAN_POINT('Ctrl Pts',(16.5555809169434,177.737730616587,-31.4653907805608));
#1565=CARTESIAN_POINT('Ctrl Pts',(17.6574126992001,177.806852866414,-31.0049777875957));
#1566=CARTESIAN_POINT('Ctrl Pts',(38.2345726291512,185.324045777631,4.18964910931574));
#1567=CARTESIAN_POINT('Ctrl Pts',(39.1925731909282,185.689674819334,4.04448606769802));
#1568=CARTESIAN_POINT('Ctrl Pts',(40.0754419786452,186.017345173488,3.90303994013314));
#1569=CARTESIAN_POINT('Ctrl Pts',(41.9926219232654,186.841076006418,3.45941137274332));
#1570=CARTESIAN_POINT('Ctrl Pts',(43.0954732443965,187.371394221521,3.12418047569821));
#1571=CARTESIAN_POINT('Ctrl Pts',(46.6442112415985,189.216779220002,1.86913329131132));
#1572=CARTESIAN_POINT('Ctrl Pts',(48.9200187859108,190.745846289011,0.743805608697897));
#1573=CARTESIAN_POINT('Ctrl Pts',(51.0538604238986,193.577864934478,-1.10474554728096));
#1574=CARTESIAN_POINT('Ctrl Pts',(51.5963950580889,194.656208738446,-1.78070959389546));
#1575=CARTESIAN_POINT('Ctrl Pts',(51.999627742957,195.798510800058,-2.49091533307644));
#1576=CARTESIAN_POINT('Ctrl Pts',(37.4743826071047,184.65267359587,3.18847990255089));
#1577=CARTESIAN_POINT('Ctrl Pts',(38.4828807314751,184.941861497978,2.74022099455518));
#1578=CARTESIAN_POINT('Ctrl Pts',(39.4364259037946,185.287668966327,2.57881963231734));
#1579=CARTESIAN_POINT('Ctrl Pts',(41.4583993254224,186.076958733671,1.84632075401277));
#1580=CARTESIAN_POINT('Ctrl Pts',(42.5908902143662,186.606450119696,1.38953174829328));
#1581=CARTESIAN_POINT('Ctrl Pts',(46.0617133193552,188.397564737508,-0.0399346336108524));
#1582=CARTESIAN_POINT('Ctrl Pts',(48.3101287197132,189.922827121634,-1.20340749399234));
#1583=CARTESIAN_POINT('Ctrl Pts',(50.4508007380937,192.76286567079,-3.05736280252953));
#1584=CARTESIAN_POINT('Ctrl Pts',(51.0006311567518,193.844000523812,-3.72496437322704));
#1585=CARTESIAN_POINT('Ctrl Pts',(51.4179757354487,194.992731012651,-4.41183925992994));
#1586=CARTESIAN_POINT('Ctrl Pts',(36.8172491418775,184.016005651624,2.22989642269669));
#1587=CARTESIAN_POINT('Ctrl Pts',(37.7536692792604,184.230318867285,1.72072555109469));
#1588=CARTESIAN_POINT('Ctrl Pts',(38.7666264558606,184.520701611029,1.2310562211249));
#1589=CARTESIAN_POINT('Ctrl Pts',(40.913070101183,185.285215431184,0.217194367703324));
#1590=CARTESIAN_POINT('Ctrl Pts',(42.0486959790964,185.767643413546,-0.301402588643805));
#1591=CARTESIAN_POINT('Ctrl Pts',(45.4863341795763,187.518340753787,-1.92357318395103));
#1592=CARTESIAN_POINT('Ctrl Pts',(47.7344626391444,189.060102315808,-3.13818926025092));
#1593=CARTESIAN_POINT('Ctrl Pts',(49.8920527605638,191.927145537566,-5.00849322974942));
#1594=CARTESIAN_POINT('Ctrl Pts',(50.45716060033,193.020059135175,-5.67503736262527));
#1595=CARTESIAN_POINT('Ctrl Pts',(50.8906913434471,194.185117407551,-6.34453038268835));
#1596=CARTESIAN_POINT('Ctrl Pts',(35.3761354004442,182.654344789076,-0.0575869896087243));
#1597=CARTESIAN_POINT('Ctrl Pts',(36.3293807757986,182.730079705969,-0.872244761738835));
#1598=CARTESIAN_POINT('Ctrl Pts',(37.3905749659432,182.936276461433,-1.63946391592569));
#1599=CARTESIAN_POINT('Ctrl Pts',(39.6617056407063,183.615670979239,-3.03699327803169));
#1600=CARTESIAN_POINT('Ctrl Pts',(40.8362916890418,184.077541101096,-3.68246752764316));
#1601=CARTESIAN_POINT('Ctrl Pts',(44.3269686261419,185.783805320523,-5.64370271835147));
#1602=CARTESIAN_POINT('Ctrl Pts',(46.5562096838736,187.353150355719,-6.94611614762413));
#1603=CARTESIAN_POINT('Ctrl Pts',(48.7766800955009,190.300656625617,-8.8693872980955));
#1604=CARTESIAN_POINT('Ctrl Pts',(49.3682421424725,191.418996288707,-9.53470227132398));
#1605=CARTESIAN_POINT('Ctrl Pts',(49.8343996206035,192.623044572734,-10.1820217279843));
#1606=CARTESIAN_POINT('Ctrl Pts',(34.5764311238956,181.916570089446,-1.40464154664898));
#1607=CARTESIAN_POINT('Ctrl Pts',(35.5695226215469,181.953026886603,-2.33302106601581));
#1608=CARTESIAN_POINT('Ctrl Pts',(36.668603210582,182.125150327883,-3.14603871429763));
#1609=CARTESIAN_POINT('Ctrl Pts',(38.9913359726963,182.773523648318,-4.65434445980549));
#1610=CARTESIAN_POINT('Ctrl Pts',(40.1977952421123,183.229871489502,-5.37032859850205));
#1611=CARTESIAN_POINT('Ctrl Pts',(43.7321877196559,184.92289373443,-7.47421763668114));
#1612=CARTESIAN_POINT('Ctrl Pts',(45.958756608717,186.511267463269,-8.82184046417027));
#1613=CARTESIAN_POINT('Ctrl Pts',(48.217932324279,189.50897181665,-10.7780781837615));
#1614=CARTESIAN_POINT('Ctrl Pts',(48.8245964182079,190.6430937484,-11.4453167260936));
#1615=CARTESIAN_POINT('Ctrl Pts',(49.3069512155961,191.868539925685,-12.0860457797021));
#1616=CARTESIAN_POINT('Ctrl Pts',(31.9589696772485,179.550741947715,-6.02246665433103));
#1617=CARTESIAN_POINT('Ctrl Pts',(33.1318312889943,179.59488410815,-6.94593308970865));
#1618=CARTESIAN_POINT('Ctrl Pts',(34.3773895588994,179.771185251669,-7.84275324629842));
#1619=CARTESIAN_POINT('Ctrl Pts',(36.8910134464394,180.386493770187,-9.58036868063958));
#1620=CARTESIAN_POINT('Ctrl Pts',(38.1570578377493,180.825900047837,-10.4188106427715));
#1621=CARTESIAN_POINT('Ctrl Pts',(41.8102418304269,182.52839308516,-12.8402245707947));
#1622=CARTESIAN_POINT('Ctrl Pts',(44.0361551194741,184.175698406183,-14.31977728375));
#1623=CARTESIAN_POINT('Ctrl Pts',(46.4069544933314,187.318504438722,-16.3718269037625));
#1624=CARTESIAN_POINT('Ctrl Pts',(47.0579173418238,188.499892530035,-17.0454601735293));
#1625=CARTESIAN_POINT('Ctrl Pts',(47.5864047470182,189.783082262715,-17.6752070941785));
#1626=CARTESIAN_POINT('Ctrl Pts',(30.1700012877093,178.097854109877,-9.50105089706013));
#1627=CARTESIAN_POINT('Ctrl Pts',(31.4328732396979,178.156838167704,-10.3587274139311));
#1628=CARTESIAN_POINT('Ctrl Pts',(32.7401890005729,178.347798830599,-11.2204010255314));
#1629=CARTESIAN_POINT('Ctrl Pts',(35.3414666996718,178.993161985065,-12.9268834216599));
#1630=CARTESIAN_POINT('Ctrl Pts',(36.6340741196972,179.447764474385,-13.7708055855819));
#1631=CARTESIAN_POINT('Ctrl Pts',(40.3417105336564,181.198533155225,-16.243126211212));
#1632=CARTESIAN_POINT('Ctrl Pts',(42.5747084434092,182.881990779049,-17.8059681941442));
#1633=CARTESIAN_POINT('Ctrl Pts',(45.0133209917766,186.11386322691,-19.9167837439884));
#1634=CARTESIAN_POINT('Ctrl Pts',(45.6915543600084,187.325584064379,-20.5947344067432));
#1635=CARTESIAN_POINT('Ctrl Pts',(46.2452382429049,188.637349067925,-21.2267732933712));
#1636=CARTESIAN_POINT('Ctrl Pts',(26.1756271707175,176.687909025006,-16.2502611525919));
#1637=CARTESIAN_POINT('Ctrl Pts',(27.5458032623216,176.794244398104,-16.9118603206964));
#1638=CARTESIAN_POINT('Ctrl Pts',(28.9214198531186,177.01462229063,-17.6511284686556));
#1639=CARTESIAN_POINT('Ctrl Pts',(31.6050039679398,177.694793955335,-19.2139315012481));
#1640=CARTESIAN_POINT('Ctrl Pts',(32.9113924588891,178.154750837562,-20.0367292223418));
#1641=CARTESIAN_POINT('Ctrl Pts',(36.617959986632,179.903595431965,-22.5224899365894));
#1642=CARTESIAN_POINT('Ctrl Pts',(38.7936278887038,181.561933594877,-24.1952407366147));
#1643=CARTESIAN_POINT('Ctrl Pts',(41.2324205752173,184.794102145075,-26.3060608126154));
#1644=CARTESIAN_POINT('Ctrl Pts',(41.9255245227444,186.012839422861,-26.9574636817032));
#1645=CARTESIAN_POINT('Ctrl Pts',(42.4946269369926,187.332399659042,-27.5618520385036));
#1646=CARTESIAN_POINT('Ctrl Pts',(23.8887901000566,176.69985494198,-19.6603094397358));
#1647=CARTESIAN_POINT('Ctrl Pts',(25.2679312771977,176.835884941205,-20.2078106678452));
#1648=CARTESIAN_POINT('Ctrl Pts',(26.6440517095807,177.069438397972,-20.8709384191628));
#1649=CARTESIAN_POINT('Ctrl Pts',(29.3172557731843,177.753455373785,-22.3297403200505));
#1650=CARTESIAN_POINT('Ctrl Pts',(30.6112200271022,178.204000599502,-23.1247816833449));
#1651=CARTESIAN_POINT('Ctrl Pts',(34.2664084648606,179.904398470858,-25.5643585335925));
#1652=CARTESIAN_POINT('Ctrl Pts',(36.3834422618942,181.503177106192,-27.2533634300337));
#1653=CARTESIAN_POINT('Ctrl Pts',(38.7540341076177,184.646090679159,-29.3056098779046));
#1654=CARTESIAN_POINT('Ctrl Pts',(39.4334649230795,185.840957899704,-29.928001077379));
#1655=CARTESIAN_POINT('Ctrl Pts',(39.9907404115877,187.138882189845,-30.5056791858622));
#1656=CARTESIAN_POINT('Ctrl Pts',(20.957596655544,177.042122165082,-24.5248641843782));
#1657=CARTESIAN_POINT('Ctrl Pts',(22.2471928164661,177.212870821733,-24.9127841559182));
#1658=CARTESIAN_POINT('Ctrl Pts',(23.4782234393131,177.448755173611,-25.4849129531136));
#1659=CARTESIAN_POINT('Ctrl Pts',(25.8620640903312,178.135267258462,-26.8841472873313));
#1660=CARTESIAN_POINT('Ctrl Pts',(27.0240633684422,178.576487420973,-27.6826650617114));
#1661=CARTESIAN_POINT('Ctrl Pts',(30.3686150555956,180.19417268312,-30.1455451960136));
#1662=CARTESIAN_POINT('Ctrl Pts',(32.3992253931578,181.693128174834,-31.8680316903815));
#1663=CARTESIAN_POINT('Ctrl Pts',(34.6572103009621,184.689684416399,-33.8231563028525));
#1664=CARTESIAN_POINT('Ctrl Pts',(35.313961074791,185.847368693175,-34.3985952039968));
#1665=CARTESIAN_POINT('Ctrl Pts',(35.8630938306819,187.104408093109,-34.9182523605078));
#1666=CARTESIAN_POINT('Ctrl Pts',(20.1205940053601,177.173992079934,-25.9888891917668));
#1667=CARTESIAN_POINT('Ctrl Pts',(21.2888916788378,177.355730902296,-26.4041822394838));
#1668=CARTESIAN_POINT('Ctrl Pts',(22.4587651682305,177.617139614597,-26.9720541810122));
#1669=CARTESIAN_POINT('Ctrl Pts',(24.7182267022138,178.309862817813,-28.3821679203956));
#1670=CARTESIAN_POINT('Ctrl Pts',(25.8054023747002,178.741363752363,-29.185267525871));
#1671=CARTESIAN_POINT('Ctrl Pts',(29.0110332910991,180.335814717789,-31.6740369464791));
#1672=CARTESIAN_POINT('Ctrl Pts',(31.0127724291724,181.800799899746,-33.4098588054624));
#1673=CARTESIAN_POINT('Ctrl Pts',(33.2318314744081,184.746619137416,-35.3311640365439));
#1674=CARTESIAN_POINT('Ctrl Pts',(33.8808299902808,185.891873437679,-35.8905126373533));
#1675=CARTESIAN_POINT('Ctrl Pts',(34.429516629312,187.134270296795,-36.3881871045049));
#1676=CARTESIAN_POINT('Ctrl Pts',(18.7404739908378,177.471788007425,-28.5805320665911));
#1677=CARTESIAN_POINT('Ctrl Pts',(19.6267193204859,177.690291193563,-29.1583671974974));
#1678=CARTESIAN_POINT('Ctrl Pts',(20.5276968704618,177.952554989871,-29.8336931211153));
#1679=CARTESIAN_POINT('Ctrl Pts',(22.3914777801827,178.627357254483,-31.3323321369665));
#1680=CARTESIAN_POINT('Ctrl Pts',(23.3514786164428,179.045403970515,-32.1630469127046));
#1681=CARTESIAN_POINT('Ctrl Pts',(26.2499320959049,180.583630442085,-34.7644663805535));
#1682=CARTESIAN_POINT('Ctrl Pts',(28.2015730475727,181.988398942464,-36.5409803772101));
#1683=CARTESIAN_POINT('Ctrl Pts',(30.3570310265784,184.852329055803,-38.4070083592204));
#1684=CARTESIAN_POINT('Ctrl Pts',(30.9956457252407,185.97941078874,-38.9367631193578));
#1685=CARTESIAN_POINT('Ctrl Pts',(31.5498767304627,187.199195546054,-39.387040846575));
#1686=CARTESIAN_POINT('Ctrl Pts',(18.1883792656511,177.641658077287,-29.7341446097967));
#1687=CARTESIAN_POINT('Ctrl Pts',(19.0465949759182,177.898025396156,-30.4189012092195));
#1688=CARTESIAN_POINT('Ctrl Pts',(19.6385470343089,178.115598729107,-31.2096498691351));
#1689=CARTESIAN_POINT('Ctrl Pts',(21.2030625393389,178.745570253791,-32.7407684743942));
#1690=CARTESIAN_POINT('Ctrl Pts',(22.1009957877735,179.187752320805,-33.6115936992365));
#1691=CARTESIAN_POINT('Ctrl Pts',(24.855743037009,180.694899371497,-36.3343060364958));
#1692=CARTESIAN_POINT('Ctrl Pts',(26.7724463762804,182.06628505722,-38.1265806600706));
#1693=CARTESIAN_POINT('Ctrl Pts',(28.9093432842913,184.901919680908,-39.9764281647313));
#1694=CARTESIAN_POINT('Ctrl Pts',(29.5419863419002,186.021329767274,-40.4897543719671));
#1695=CARTESIAN_POINT('Ctrl Pts',(30.1034739616304,187.234865841922,-40.91452803753));
#1696=CARTESIAN_POINT('Ctrl Pts',(17.6574126983589,177.806852866688,-31.0049777896745));
#1697=CARTESIAN_POINT('Ctrl Pts',(18.2277380193197,178.039516636239,-31.8137624759879));
#1698=CARTESIAN_POINT('Ctrl Pts',(18.7663366264676,178.243366613041,-32.5548732299493));
#1699=CARTESIAN_POINT('Ctrl Pts',(20.032745091604,178.824529778216,-34.1467925658862));
#1700=CARTESIAN_POINT('Ctrl Pts',(20.8160847917674,179.231806714622,-35.049003589318));
#1701=CARTESIAN_POINT('Ctrl Pts',(23.4657165328323,180.714477522877,-37.9296428027714));
#1702=CARTESIAN_POINT('Ctrl Pts',(25.3684809860222,182.07011503549,-39.7615590148328));
#1703=CARTESIAN_POINT('Ctrl Pts',(27.4982367305777,184.897230519966,-41.6052401273919));
#1704=CARTESIAN_POINT('Ctrl Pts',(28.1335370666476,186.01843976314,-42.1081023572519));
#1705=CARTESIAN_POINT('Ctrl Pts',(28.7064027282626,187.236968116031,-42.5091929297969));
#1706=CARTESIAN_POINT('',(28.7064027303997,187.236968115751,-42.5091929271199));
#1707=CARTESIAN_POINT('',(47.5165472891624,189.954724543168,1.33295257081046));
#1708=CARTESIAN_POINT('Ctrl Pts',(28.706402730399,187.236968115752,-42.5091929271192));
#1709=CARTESIAN_POINT('Ctrl Pts',(29.9508428730331,186.91126580542,-40.807986072227));
#1710=CARTESIAN_POINT('Ctrl Pts',(31.2343270697233,186.537810661643,-39.1424529723766));
#1711=CARTESIAN_POINT('Ctrl Pts',(32.5111411556448,186.169463909089,-37.4780603890021));
#1712=CARTESIAN_POINT('Ctrl Pts',(33.7772460235495,185.804206647575,-35.8276278200398));
#1713=CARTESIAN_POINT('Ctrl Pts',(35.0355292721521,185.443645494713,-34.1816030845435));
#1714=CARTESIAN_POINT('Ctrl Pts',(36.2379897603568,185.137673338129,-32.5170417524076));
#1715=CARTESIAN_POINT('Ctrl Pts',(37.3916857397457,184.844109557598,-30.9199849383425));
#1716=CARTESIAN_POINT('Ctrl Pts',(38.5118690978784,184.601161886201,-29.2694648813417));
#1717=CARTESIAN_POINT('Ctrl Pts',(39.4403310789874,184.460844784093,-27.7565950051415));
#1718=CARTESIAN_POINT('Ctrl Pts',(40.5421120738593,184.294334232769,-25.961312795179));
#1719=CARTESIAN_POINT('Ctrl Pts',(41.4264387007203,184.252680126139,-24.3021070829303));
#1720=CARTESIAN_POINT('Ctrl Pts',(42.1624985975148,184.32874871129,-22.6583584893194));
#1721=CARTESIAN_POINT('Ctrl Pts',(42.2032919857087,184.332964530324,-22.5672598236208));
#1722=CARTESIAN_POINT('Ctrl Pts',(42.2436189533434,184.337552135928,-22.4762063382117));
#1723=CARTESIAN_POINT('Ctrl Pts',(42.2834867657462,184.342514263274,-22.3851771005658));
#1724=CARTESIAN_POINT('Ctrl Pts',(43.0619449211142,184.439404668526,-20.6077419178588));
#1725=CARTESIAN_POINT('Ctrl Pts',(43.6796549061018,184.674872720299,-18.821098753527));
#1726=CARTESIAN_POINT('Ctrl Pts',(44.2154060413516,185.014098634196,-16.9512248645417));
#1727=CARTESIAN_POINT('Ctrl Pts',(44.7782852751383,185.3705014674,-14.9866687252089));
#1728=CARTESIAN_POINT('Ctrl Pts',(45.2302247032777,185.837197463682,-12.9809907167977));
#1729=CARTESIAN_POINT('Ctrl Pts',(45.6111264187117,186.354164589848,-10.9972672980192));
#1730=CARTESIAN_POINT('Ctrl Pts',(46.0092086025774,186.894449377846,-8.92406857316371));
#1731=CARTESIAN_POINT('Ctrl Pts',(46.3281324099602,187.482379106905,-6.89519879738674));
#1732=CARTESIAN_POINT('Ctrl Pts',(46.6271702199834,188.089196420801,-4.86105163329167));
#1733=CARTESIAN_POINT('Ctrl Pts',(46.9307726842197,188.705276480463,-2.79585428720751));
#1734=CARTESIAN_POINT('Ctrl Pts',(47.2099428496669,189.341026095097,-0.732562327441573));
#1735=CARTESIAN_POINT('Ctrl Pts',(47.5165472890986,189.954724543214,1.3329525708062));
#1736=CARTESIAN_POINT('',(21.7024299112259,179.728100310255,-36.0120480633899));
#1737=CARTESIAN_POINT('Ctrl Pts',(21.7024299112259,179.728100310255,-36.0120480633899));
#1738=CARTESIAN_POINT('Ctrl Pts',(21.9288627969945,179.855410023162,-36.2586166083959));
#1739=CARTESIAN_POINT('Ctrl Pts',(22.158132404765,179.988707029514,-36.5041578513991));
#1740=CARTESIAN_POINT('Ctrl Pts',(22.3887474033768,180.128489275852,-36.7474527165492));
#1741=CARTESIAN_POINT('Ctrl Pts',(22.6141289988952,180.265099409167,-36.9852264312644));
#1742=CARTESIAN_POINT('Ctrl Pts',(22.8407947537027,180.407904023086,-37.2208538655974));
#1743=CARTESIAN_POINT('Ctrl Pts',(23.0673478995942,180.557321130074,-37.4531866786316));
#1744=CARTESIAN_POINT('Ctrl Pts',(23.285151710939,180.700967845965,-37.6765469501484));
#1745=CARTESIAN_POINT('Ctrl Pts',(23.5028506160742,180.850726214199,-37.8968614587264));
#1746=CARTESIAN_POINT('Ctrl Pts',(23.7192111998391,181.006921998556,-38.1131101520584));
#1747=CARTESIAN_POINT('Ctrl Pts',(23.9253792574378,181.155759559009,-38.3191715902682));
#1748=CARTESIAN_POINT('Ctrl Pts',(24.1303313492689,181.310442094949,-38.5215405828985));
#1749=CARTESIAN_POINT('Ctrl Pts',(24.3330186872325,181.471210451757,-38.7193446080702));
#1750=CARTESIAN_POINT('Ctrl Pts',(24.5253067598867,181.623730277538,-38.906999915726));
#1751=CARTESIAN_POINT('Ctrl Pts',(24.7155558365882,181.781726999958,-39.0905460381434));
#1752=CARTESIAN_POINT('Ctrl Pts',(24.9028975314704,181.94537317925,-39.2692564724203));
#1753=CARTESIAN_POINT('Ctrl Pts',(25.0752066459361,182.095888142067,-39.4336269116616));
#1754=CARTESIAN_POINT('Ctrl Pts',(25.2450559133237,182.251181581616,-39.5939062041973));
#1755=CARTESIAN_POINT('Ctrl Pts',(25.4117998243827,182.411367426448,-39.749551790516));
#1756=CARTESIAN_POINT('Ctrl Pts',(25.5711003514587,182.564402636848,-39.8982494177946));
#1757=CARTESIAN_POINT('Ctrl Pts',(25.7275662093252,182.721902483672,-40.0427174007458));
#1758=CARTESIAN_POINT('Ctrl Pts',(25.880668413671,182.883956886007,-40.1825098440478));
#1759=CARTESIAN_POINT('Ctrl Pts',(26.0272230836316,183.039080906273,-40.3163239552074));
#1760=CARTESIAN_POINT('Ctrl Pts',(26.1706954380655,183.198377398472,-40.445853604948));
#1761=CARTESIAN_POINT('Ctrl Pts',(26.310657388096,183.361927718305,-40.5707380181633));
#1762=CARTESIAN_POINT('Ctrl Pts',(26.4429933325864,183.516566790153,-40.6888179446817));
#1763=CARTESIAN_POINT('Ctrl Pts',(26.572191057794,183.675007931987,-40.8027450072973));
#1764=CARTESIAN_POINT('Ctrl Pts',(26.697922320028,183.837334165179,-40.9122440582665));
#1765=CARTESIAN_POINT('Ctrl Pts',(26.7287187421611,183.877094103255,-40.93906458752));
#1766=CARTESIAN_POINT('Ctrl Pts',(26.7593073562598,183.917087230933,-40.9656196065925));
#1767=CARTESIAN_POINT('Ctrl Pts',(26.7896836564076,183.957315001635,-40.9919053653781));
#1768=CARTESIAN_POINT('Ctrl Pts',(26.9142740707976,184.122311877405,-41.0997181524435));
#1769=CARTESIAN_POINT('Ctrl Pts',(27.0365871269508,184.292971846562,-41.2041211121153));
#1770=CARTESIAN_POINT('Ctrl Pts',(27.156695900223,184.468872303183,-41.3051680365386));
#1771=CARTESIAN_POINT('Ctrl Pts',(27.2822658503649,184.65277070599,-41.4108094223936));
#1772=CARTESIAN_POINT('Ctrl Pts',(27.4054256966932,184.842396982178,-41.5127820611608));
#1773=CARTESIAN_POINT('Ctrl Pts',(27.5262428468418,185.037214695568,-41.6111347747586));
#1774=CARTESIAN_POINT('Ctrl Pts',(27.6561433998664,185.246679400514,-41.7168819461834));
#1775=CARTESIAN_POINT('Ctrl Pts',(27.7833349044126,185.462145426101,-41.8184438066052));
#1776=CARTESIAN_POINT('Ctrl Pts',(27.9078964003991,185.682885689775,-41.9158764178661));
#1777=CARTESIAN_POINT('Ctrl Pts',(28.0380603296828,185.913554243034,-42.0176912798476));
#1778=CARTESIAN_POINT('Ctrl Pts',(28.1653515735591,186.149981479195,-42.1149965283052));
#1779=CARTESIAN_POINT('Ctrl Pts',(28.2898685181813,186.391280549922,-42.2078608370513));
#1780=CARTESIAN_POINT('Ctrl Pts',(28.4221983104566,186.647719992782,-42.3065519406875));
#1781=CARTESIAN_POINT('Ctrl Pts',(28.5513940615054,186.909661039087,-42.4002268347901));
#1782=CARTESIAN_POINT('Ctrl Pts',(28.677594684719,187.175987452673,-42.488981733572));
#1783=CARTESIAN_POINT('Ctrl Pts',(28.6872147359126,187.196289046023,-42.4957473631562));
#1784=CARTESIAN_POINT('Ctrl Pts',(28.6968173952656,187.216616101637,-42.5024844120872));
#1785=CARTESIAN_POINT('Ctrl Pts',(28.7064027303991,187.236968115751,-42.5091929271189));
#1786=CARTESIAN_POINT('Ctrl Pts',(17.6574126992001,177.806852866415,-31.0049777875957));
#1787=CARTESIAN_POINT('Ctrl Pts',(17.739903936079,177.840655067513,-31.1218819882554));
#1788=CARTESIAN_POINT('Ctrl Pts',(17.8217207073874,177.873760478581,-31.2373999361838));
#1789=CARTESIAN_POINT('Ctrl Pts',(17.9032184580207,177.906548038242,-31.3518363470157));
#1790=CARTESIAN_POINT('Ctrl Pts',(17.9868401035949,177.940190067277,-31.4692550599619));
#1791=CARTESIAN_POINT('Ctrl Pts',(18.0701243152376,177.973497434308,-31.5855359383316));
#1792=CARTESIAN_POINT('Ctrl Pts',(18.1534713237783,178.006878470008,-31.701061343719));
#1793=CARTESIAN_POINT('Ctrl Pts',(18.2393123482835,178.041258375823,-31.8200436482848));
#1794=CARTESIAN_POINT('Ctrl Pts',(18.3252194025115,178.075716306069,-31.9382252493141));
#1795=CARTESIAN_POINT('Ctrl Pts',(18.4116630007551,178.110698370412,-32.0560687792038));
#1796=CARTESIAN_POINT('Ctrl Pts',(18.5070454521022,178.149297816964,-32.186098127642));
#1797=CARTESIAN_POINT('Ctrl Pts',(18.6030807053606,178.188535074716,-32.3157165439644));
#1798=CARTESIAN_POINT('Ctrl Pts',(18.7004501126075,178.229012981706,-32.4455897333753));
#1799=CARTESIAN_POINT('Ctrl Pts',(18.8086534375283,178.273994708987,-32.5899134106951));
#1800=CARTESIAN_POINT('Ctrl Pts',(18.9185048000453,178.32050790941,-32.7345535137874));
#1801=CARTESIAN_POINT('Ctrl Pts',(19.0309983313846,178.369392004316,-32.8804556755529));
#1802=CARTESIAN_POINT('Ctrl Pts',(19.1506390853841,178.421381926789,-33.0356276613191));
#1803=CARTESIAN_POINT('Ctrl Pts',(19.2732708711579,178.476053136397,-33.1922299280267));
#1804=CARTESIAN_POINT('Ctrl Pts',(19.4001293401983,178.53443762748,-33.3513959322937));
#1805=CARTESIAN_POINT('Ctrl Pts',(19.5604772970245,178.608235095841,-33.5525803212704));
#1806=CARTESIAN_POINT('Ctrl Pts',(19.729230558043,178.688639269361,-33.7595026249761));
#1807=CARTESIAN_POINT('Ctrl Pts',(19.9062455423229,178.77566918953,-33.9719882813981));
#1808=CARTESIAN_POINT('Ctrl Pts',(20.0939607344837,178.867959897318,-34.1973182781153));
#1809=CARTESIAN_POINT('Ctrl Pts',(20.2909669190179,178.96770108486,-34.4289051528462));
#1810=CARTESIAN_POINT('Ctrl Pts',(20.4971391010848,179.074898715052,-34.6665807190158));
#1811=CARTESIAN_POINT('Ctrl Pts',(20.7231537189934,179.192413266169,-34.92713067166));
#1812=CARTESIAN_POINT('Ctrl Pts',(20.9601835970277,179.318888191273,-35.1949981954477));
#1813=CARTESIAN_POINT('Ctrl Pts',(21.2081156404784,179.45431906866,-35.4699994086114));
#1814=CARTESIAN_POINT('Ctrl Pts',(21.3683399242864,179.541840290334,-35.6477169469023));
#1815=CARTESIAN_POINT('Ctrl Pts',(21.5331183215179,179.633101569043,-35.8284144510943));
#1816=CARTESIAN_POINT('Ctrl Pts',(21.7024299112259,179.728100310255,-36.0120480633899));
#1817=CARTESIAN_POINT('',(44.2821849995093,187.988810031891,2.70378580152944));
#1818=CARTESIAN_POINT('Ctrl Pts',(38.2345726287805,185.324045777304,4.18964910882742));
#1819=CARTESIAN_POINT('Ctrl Pts',(38.3740033493051,185.377411537,4.16841196436329));
#1820=CARTESIAN_POINT('Ctrl Pts',(38.5118690197726,185.429891405383,4.14730940025433));
#1821=CARTESIAN_POINT('Ctrl Pts',(38.6485627490664,185.481877132305,4.12606460834171));
#1822=CARTESIAN_POINT('Ctrl Pts',(38.7880249552708,185.534915733309,4.10438954273486));
#1823=CARTESIAN_POINT('Ctrl Pts',(38.926267134914,185.587440425301,4.08256798818783));
#1824=CARTESIAN_POINT('Ctrl Pts',(39.0637597705363,185.639877929265,4.06031527574709));
#1825=CARTESIAN_POINT('Ctrl Pts',(39.2051851804904,185.693815330795,4.03742605724256));
#1826=CARTESIAN_POINT('Ctrl Pts',(39.3458178152685,185.747660607233,4.0140814253872));
#1827=CARTESIAN_POINT('Ctrl Pts',(39.4862245032421,185.801885132086,3.98996400739176));
#1828=CARTESIAN_POINT('Ctrl Pts',(39.6410949745262,185.861695514628,3.96336216993646));
#1829=CARTESIAN_POINT('Ctrl Pts',(39.7956909325012,185.921967180489,3.93582087831705));
#1830=CARTESIAN_POINT('Ctrl Pts',(39.9508350768402,185.983341160476,3.90689258476373));
#1831=CARTESIAN_POINT('Ctrl Pts',(40.1232450422395,186.051545383143,3.8747448932615));
#1832=CARTESIAN_POINT('Ctrl Pts',(40.2963338910507,186.12111065267,3.84088490638541));
#1833=CARTESIAN_POINT('Ctrl Pts',(40.471286103961,186.192930090956,3.80466083348662));
#1834=CARTESIAN_POINT('Ctrl Pts',(40.6565453163902,186.268980644149,3.76630268354056));
#1835=CARTESIAN_POINT('Ctrl Pts',(40.8438976598605,186.347558701121,3.72529302879952));
#1836=CARTESIAN_POINT('Ctrl Pts',(41.0347615193419,186.429741963633,3.68081767395659));
#1837=CARTESIAN_POINT('Ctrl Pts',(41.2763820394614,186.533780322111,3.62451493336001));
#1838=CARTESIAN_POINT('Ctrl Pts',(41.5257643291962,186.644417595012,3.56181490714789));
#1839=CARTESIAN_POINT('Ctrl Pts',(41.782675957234,186.761657975214,3.49274789082556));
#1840=CARTESIAN_POINT('Ctrl Pts',(42.0542002670907,186.885566782165,3.41975246401669));
#1841=CARTESIAN_POINT('Ctrl Pts',(42.3341354126419,187.016850779035,3.33964541750536));
#1842=CARTESIAN_POINT('Ctrl Pts',(42.6222664686764,187.155498026701,3.25245168599204));
#1843=CARTESIAN_POINT('Ctrl Pts',(42.9368984990295,187.306897412927,3.1572382745755));
#1844=CARTESIAN_POINT('Ctrl Pts',(43.2613038417759,187.467076532859,3.05357493772255));
#1845=CARTESIAN_POINT('Ctrl Pts',(43.5952633426552,187.636006024712,2.94147682099404));
#1846=CARTESIAN_POINT('Ctrl Pts',(43.8199302792204,187.749651156323,2.8660642622442));
#1847=CARTESIAN_POINT('Ctrl Pts',(44.0489224414199,187.86725622227,2.78683394338743));
#1848=CARTESIAN_POINT('Ctrl Pts',(44.2821849995093,187.988810031891,2.70378580152942));
#1849=CARTESIAN_POINT('Ctrl Pts',(44.2821849995093,187.988810031891,2.7037858015294));
#1850=CARTESIAN_POINT('Ctrl Pts',(44.596446906906,188.152800674301,2.59279105156193));
#1851=CARTESIAN_POINT('Ctrl Pts',(44.9098704387092,188.322089603969,2.47638599574619));
#1852=CARTESIAN_POINT('Ctrl Pts',(45.2203893802698,188.496941966611,2.35504775996194));
#1853=CARTESIAN_POINT('Ctrl Pts',(45.5216161131452,188.666561912079,2.23734054327991));
#1854=CARTESIAN_POINT('Ctrl Pts',(45.820108478737,188.841417474444,2.11499125890933));
#1855=CARTESIAN_POINT('Ctrl Pts',(46.1139855793684,189.02170517014,1.98844797925224));
#1856=CARTESIAN_POINT('Ctrl Pts',(46.3904998117299,189.191341095064,1.86938113886315));
#1857=CARTESIAN_POINT('Ctrl Pts',(46.6629271650991,189.365786051523,1.74660158327393));
#1858=CARTESIAN_POINT('Ctrl Pts',(46.9297186946335,189.545163225115,1.62048936946966));
#1859=CARTESIAN_POINT('Ctrl Pts',(47.1286723106334,189.67892960584,1.52644410123379));
#1860=CARTESIAN_POINT('Ctrl Pts',(47.3244920116343,189.815437998437,1.43054570468878));
#1861=CARTESIAN_POINT('Ctrl Pts',(47.5165472891098,189.954724543219,1.33295257077906));
#1862=CARTESIAN_POINT('Ctrl Pts',(50.6368726260293,200.389851393132,21.568500657468));
#1863=CARTESIAN_POINT('Ctrl Pts',(50.8080363444139,200.026339897327,21.2258472398423));
#1864=CARTESIAN_POINT('Ctrl Pts',(50.948902226038,199.672406451678,20.8593815730175));
#1865=CARTESIAN_POINT('Ctrl Pts',(51.6572314632099,197.487675837704,18.3867356241534));
#1866=CARTESIAN_POINT('Ctrl Pts',(51.3853124738394,195.928825704168,15.5540584961918));
#1867=CARTESIAN_POINT('Ctrl Pts',(50.2682676070468,193.711688057287,10.5709850692144));
#1868=CARTESIAN_POINT('Ctrl Pts',(49.7812980885466,192.992672893463,8.80204920267519));
#1869=CARTESIAN_POINT('Ctrl Pts',(48.6993756478332,191.521086227111,5.13718511720527));
#1870=CARTESIAN_POINT('Ctrl Pts',(48.1039697690935,190.769926439108,3.24352250577887));
#1871=CARTESIAN_POINT('Ctrl Pts',(47.5165472891098,189.954724543219,1.33295257077907));
#1872=CARTESIAN_POINT('Ctrl Pts',(49.4528842506105,199.524448769949,21.8840142607867));
#1873=CARTESIAN_POINT('Ctrl Pts',(49.6210222722666,199.16056913087,21.5443827465732));
#1874=CARTESIAN_POINT('Ctrl Pts',(49.7594989418611,198.806730114292,21.1809370670002));
#1875=CARTESIAN_POINT('Ctrl Pts',(50.4564989635283,196.626602453334,18.7276357582304));
#1876=CARTESIAN_POINT('Ctrl Pts',(50.2034804401068,195.09307247254,15.9145035043831));
#1877=CARTESIAN_POINT('Ctrl Pts',(49.1510854219627,192.921421176938,10.9767133830704));
#1878=CARTESIAN_POINT('Ctrl Pts',(48.6901608338065,192.217983220213,9.22570433145184));
#1879=CARTESIAN_POINT('Ctrl Pts',(47.6584221576121,190.773970408189,5.60082194861736));
#1880=CARTESIAN_POINT('Ctrl Pts',(47.0857298811942,190.035686409087,3.72978259716202));
#1881=CARTESIAN_POINT('Ctrl Pts',(46.5110824276796,189.225519242075,1.84388082098355));
#1882=CARTESIAN_POINT('Ctrl Pts',(48.07834234573,198.691833359167,22.0337446939944));
#1883=CARTESIAN_POINT('Ctrl Pts',(48.2426102928184,198.328086631045,21.6979716463553));
#1884=CARTESIAN_POINT('Ctrl Pts',(48.3781811642938,197.974987706082,21.3385499365151));
#1885=CARTESIAN_POINT('Ctrl Pts',(49.0623109307634,195.804462801959,18.912247862217));
#1886=CARTESIAN_POINT('Ctrl Pts',(48.8365699721224,194.300955020479,16.1317137753208));
#1887=CARTESIAN_POINT('Ctrl Pts',(47.8768106227939,192.184385153553,11.2704412414366));
#1888=CARTESIAN_POINT('Ctrl Pts',(47.4537593871407,191.500126342502,9.5499218037882));
#1889=CARTESIAN_POINT('Ctrl Pts',(46.4965352687379,190.092887686629,5.99091232678529));
#1890=CARTESIAN_POINT('Ctrl Pts',(45.9573680858934,189.373542237932,4.15646413756716));
#1891=CARTESIAN_POINT('Ctrl Pts',(45.4020594889193,188.573191824959,2.30825523921376));
#1892=CARTESIAN_POINT('Ctrl Pts',(44.9662880457527,197.024436534149,21.9184459103522));
#1893=CARTESIAN_POINT('Ctrl Pts',(45.1242862514187,196.66186073917,21.5922290103079));
#1894=CARTESIAN_POINT('Ctrl Pts',(45.2562904681968,196.311145308865,21.2430456336563));
#1895=CARTESIAN_POINT('Ctrl Pts',(45.9321672813017,194.165702081203,18.8867383442051));
#1896=CARTESIAN_POINT('Ctrl Pts',(45.790156066864,192.722940708315,16.1958383850209));
#1897=CARTESIAN_POINT('Ctrl Pts',(45.0997261008042,190.738422648956,11.5627041501011));
#1898=CARTESIAN_POINT('Ctrl Pts',(44.7924803482172,190.10423700689,9.93343405267301));
#1899=CARTESIAN_POINT('Ctrl Pts',(44.0544929540378,188.80051278603,6.57652148379647));
#1900=CARTESIAN_POINT('Ctrl Pts',(43.588881793074,188.129717825678,4.86599869949204));
#1901=CARTESIAN_POINT('Ctrl Pts',(43.0842115163394,187.364542503073,3.13029862290695));
#1902=CARTESIAN_POINT('Ctrl Pts',(43.215223829448,196.192217726722,21.6326108573918));
#1903=CARTESIAN_POINT('Ctrl Pts',(43.3709351394746,195.830577017821,21.3120789166997));
#1904=CARTESIAN_POINT('Ctrl Pts',(43.5024440365049,195.48145722574,20.969172551249));
#1905=CARTESIAN_POINT('Ctrl Pts',(44.1838170936741,193.351335659078,18.6564644376341));
#1906=CARTESIAN_POINT('Ctrl Pts',(44.0999496567052,191.938469133138,16.0216784467378));
#1907=CARTESIAN_POINT('Ctrl Pts',(43.5954410198236,190.029469592115,11.5459195692452));
#1908=CARTESIAN_POINT('Ctrl Pts',(43.3651798137879,189.431422608922,9.97970614091779));
#1909=CARTESIAN_POINT('Ctrl Pts',(42.7794995839703,188.194099888857,6.74750428015303));
#1910=CARTESIAN_POINT('Ctrl Pts',(42.4006996941915,187.540746334229,5.11815458416453));
#1911=CARTESIAN_POINT('Ctrl Pts',(41.9981893004879,186.844580259705,3.4563184285342));
#1912=CARTESIAN_POINT('Ctrl Pts',(41.2140720972097,195.294798016628,21.0350349369365));
#1913=CARTESIAN_POINT('Ctrl Pts',(41.3703958496956,194.933517564683,20.7218131682031));
#1914=CARTESIAN_POINT('Ctrl Pts',(41.5047349098539,194.585332305353,20.3868966622318));
#1915=CARTESIAN_POINT('Ctrl Pts',(42.214847686549,192.466031998933,18.1284493622369));
#1916=CARTESIAN_POINT('Ctrl Pts',(42.2145250303226,191.078744269644,15.5648531390521));
#1917=CARTESIAN_POINT('Ctrl Pts',(41.9440882780631,189.254507703197,11.2811068121735));
#1918=CARTESIAN_POINT('Ctrl Pts',(41.8026879082497,188.691520597156,9.79451721226944));
#1919=CARTESIAN_POINT('Ctrl Pts',(41.4317257656145,187.564358255115,6.76552516047142));
#1920=CARTESIAN_POINT('Ctrl Pts',(41.2065077793626,186.997796952803,5.2407808962538));
#1921=CARTESIAN_POINT('Ctrl Pts',(40.9528545934456,186.394474006615,3.69990373667812));
#1922=CARTESIAN_POINT('Ctrl Pts',(39.3618936315634,194.468117872476,20.461775306472));
#1923=CARTESIAN_POINT('Ctrl Pts',(39.5189671028193,194.107089422357,20.1553816653745));
#1924=CARTESIAN_POINT('Ctrl Pts',(39.656158568634,193.759692362869,19.8279329795999));
#1925=CARTESIAN_POINT('Ctrl Pts',(40.3943862538537,191.649816097012,17.6200066576202));
#1926=CARTESIAN_POINT('Ctrl Pts',(40.4725458241828,190.285400253393,15.1234455609893));
#1927=CARTESIAN_POINT('Ctrl Pts',(40.4263653278601,188.542055203713,11.014656240979));
#1928=CARTESIAN_POINT('Ctrl Pts',(40.3569489936196,188.005904125312,9.60513499496593));
#1929=CARTESIAN_POINT('Ctrl Pts',(40.1888877429262,186.984897510177,6.77135532878753));
#1930=CARTESIAN_POINT('Ctrl Pts',(40.1140143427688,186.508699483634,5.35460029408542));
#1931=CARTESIAN_POINT('Ctrl Pts',(39.9966834822685,185.98736449635,3.91707559380817));
#1932=CARTESIAN_POINT('Ctrl Pts',(37.4224004024395,193.644730855619,19.6210762794006));
#1933=CARTESIAN_POINT('Ctrl Pts',(37.5832070667132,193.283233754771,19.3226872146027));
#1934=CARTESIAN_POINT('Ctrl Pts',(37.7264316737113,192.935798767896,19.0038179794733));
#1935=CARTESIAN_POINT('Ctrl Pts',(38.5152083703917,190.8287348995,16.8514985485594));
#1936=CARTESIAN_POINT('Ctrl Pts',(38.6896116638124,189.481646825406,14.4313408889742));
#1937=CARTESIAN_POINT('Ctrl Pts',(38.8957778685216,187.820367699256,10.4930042609221));
#1938=CARTESIAN_POINT('Ctrl Pts',(38.9396267414409,187.305163814685,9.16812955177387));
#1939=CARTESIAN_POINT('Ctrl Pts',(38.9752535541926,186.43135346117,6.64535302889877));
#1940=CARTESIAN_POINT('Ctrl Pts',(39.1062164786994,186.138816803605,5.46370339463783));
#1941=CARTESIAN_POINT('Ctrl Pts',(39.111758209987,185.659780074308,4.05604213297694));
#1942=CARTESIAN_POINT('Ctrl Pts',(35.6226757002746,192.880627912687,18.6045323338337));
#1943=CARTESIAN_POINT('Ctrl Pts',(35.7908206361585,192.516785185592,18.314187386127));
#1944=CARTESIAN_POINT('Ctrl Pts',(35.9434955898694,192.167448053875,18.0039675339006));
#1945=CARTESIAN_POINT('Ctrl Pts',(36.804567161135,190.050382837666,15.907800759394));
#1946=CARTESIAN_POINT('Ctrl Pts',(37.089389883407,188.708768443312,13.5575771008077));
#1947=CARTESIAN_POINT('Ctrl Pts',(37.5319422754451,187.094218473183,9.76372365066015));
#1948=CARTESIAN_POINT('Ctrl Pts',(37.6808759504936,186.636355417722,8.55612659795378));
#1949=CARTESIAN_POINT('Ctrl Pts',(37.9159783272217,185.909032682043,6.3726635322025));
#1950=CARTESIAN_POINT('Ctrl Pts',(38.0353652167887,185.627844672544,5.3362408966451));
#1951=CARTESIAN_POINT('Ctrl Pts',(38.2345726287805,185.324045777304,4.18964910882762));
#1952=CARTESIAN_POINT('Ctrl Pts',(47.5165472890956,189.954724543208,1.33295257078627));
#1953=CARTESIAN_POINT('Ctrl Pts',(48.1525309098108,191.227707288614,5.61740991936491));
#1954=CARTESIAN_POINT('Ctrl Pts',(48.8975358710561,192.371699497947,9.81257230806984));
#1955=CARTESIAN_POINT('Ctrl Pts',(49.2655219414933,194.519803301869,15.6404643770936));
#1956=CARTESIAN_POINT('Ctrl Pts',(49.2132320331602,195.419380073101,17.6707437502568));
#1957=CARTESIAN_POINT('Ctrl Pts',(48.5941741863864,197.008015808833,20.2090771078772));
#1958=CARTESIAN_POINT('Ctrl Pts',(48.3090110325389,197.562055447931,20.9566264854967));
#1959=CARTESIAN_POINT('Ctrl Pts',(47.8430056829868,198.28854263912,21.7537929843304));
#1960=CARTESIAN_POINT('Ctrl Pts',(47.7712313894028,198.397172397993,21.8688289635127));
#1961=CARTESIAN_POINT('Ctrl Pts',(47.6967140862558,198.506862768319,21.9809281598306));
#1962=CARTESIAN_POINT('Ctrl Pts',(-2.56004188493976,186.524643066196,-38.8535916508852));
#1963=CARTESIAN_POINT('Ctrl Pts',(-2.24704443505803,185.888413558639,-39.0123495259068));
#1964=CARTESIAN_POINT('Ctrl Pts',(-1.81339864880252,185.176994112996,-39.118917272583));
#1965=CARTESIAN_POINT('Ctrl Pts',(0.126420253142759,182.39786521866,-39.3378176307256));
#1966=CARTESIAN_POINT('Ctrl Pts',(2.29468970195818,180.475267595491,-38.8674721018351));
#1967=CARTESIAN_POINT('Ctrl Pts',(6.58829239120169,178.260660451381,-37.0150712348411));
#1968=CARTESIAN_POINT('Ctrl Pts',(8.82177329666789,177.849847992905,-35.626604059117));
#1969=CARTESIAN_POINT('Ctrl Pts',(12.4238858707034,177.642420140647,-33.6201698627187));
#1970=CARTESIAN_POINT('Ctrl Pts',(13.5629019575528,177.621273549271,-33.0142679620302));
#1971=CARTESIAN_POINT('Ctrl Pts',(15.5893280805917,177.66539665533,-31.939833592351));
#1972=CARTESIAN_POINT('Ctrl Pts',(16.556663089316,177.737262724361,-31.4655213817688));
#1973=CARTESIAN_POINT('Ctrl Pts',(17.6574127008523,177.80685286652,-31.0049777869145));
#1974=CARTESIAN_POINT('Ctrl Pts',(-2.62786668425538,186.522689629945,-40.0949603714064));
#1975=CARTESIAN_POINT('Ctrl Pts',(-2.30271808371895,185.865578282011,-40.3108391141364));
#1976=CARTESIAN_POINT('Ctrl Pts',(-1.85180746945544,185.141598360118,-40.4510616799457));
#1977=CARTESIAN_POINT('Ctrl Pts',(0.109069424494948,182.383620736167,-40.7413684643928));
#1978=CARTESIAN_POINT('Ctrl Pts',(2.29569689642244,180.483216962838,-40.2546267227921));
#1979=CARTESIAN_POINT('Ctrl Pts',(6.59463724036813,178.316850514655,-38.3061169389877));
#1980=CARTESIAN_POINT('Ctrl Pts',(8.82971129458955,177.933434151197,-36.8386523583189));
#1981=CARTESIAN_POINT('Ctrl Pts',(12.4298075494369,177.7631530699,-34.6558271896647));
#1982=CARTESIAN_POINT('Ctrl Pts',(13.5984850837215,177.747909230669,-33.9497664859301));
#1983=CARTESIAN_POINT('Ctrl Pts',(15.7479667723581,177.803752914122,-32.6481918457046));
#1984=CARTESIAN_POINT('Ctrl Pts',(16.7928222220144,177.899061757809,-32.1334700740642));
#1985=CARTESIAN_POINT('Ctrl Pts',(17.9842117417677,177.940569704337,-31.4679247827001));
#1986=CARTESIAN_POINT('Ctrl Pts',(-2.63114108232049,186.581454779237,-42.1426053613306));
#1987=CARTESIAN_POINT('Ctrl Pts',(-2.27797971087607,185.884463910614,-42.4533006456896));
#1988=CARTESIAN_POINT('Ctrl Pts',(-1.81919203882722,185.162669103163,-42.6604032441304));
#1989=CARTESIAN_POINT('Ctrl Pts',(0.20430186004739,182.424741953016,-43.0869055206517));
#1990=CARTESIAN_POINT('Ctrl Pts',(2.43404903081441,180.548434961346,-42.5824896825058));
#1991=CARTESIAN_POINT('Ctrl Pts',(6.75340294739649,178.446749037874,-40.4916346954783));
#1992=CARTESIAN_POINT('Ctrl Pts',(9.00761819228771,178.100870045478,-38.8941114907624));
#1993=CARTESIAN_POINT('Ctrl Pts',(12.6090530114502,177.981083834468,-36.3972760583493));
#1994=CARTESIAN_POINT('Ctrl Pts',(13.8011002163303,177.989456738979,-35.5401996436759));
#1995=CARTESIAN_POINT('Ctrl Pts',(16.1409765039685,178.061341028978,-33.8637170256444));
#1996=CARTESIAN_POINT('Ctrl Pts',(17.304467017327,178.138690842462,-33.1159639368488));
#1997=CARTESIAN_POINT('Ctrl Pts',(18.5346947617515,178.155394815049,-32.236447353121));
#1998=CARTESIAN_POINT('Ctrl Pts',(-2.47364197323609,186.772152218948,-44.0054786435577));
#1999=CARTESIAN_POINT('Ctrl Pts',(-2.08865570052894,186.044481823031,-44.3883091545724));
#2000=CARTESIAN_POINT('Ctrl Pts',(-1.6180483126173,185.324671513514,-44.6467899777402));
#2001=CARTESIAN_POINT('Ctrl Pts',(0.495246121158469,182.577927519524,-45.2239887226742));
#2002=CARTESIAN_POINT('Ctrl Pts',(2.76888463855113,180.717124023343,-44.7194028849569));
#2003=CARTESIAN_POINT('Ctrl Pts',(7.13020062315008,178.65143015816,-42.5242888683832));
#2004=CARTESIAN_POINT('Ctrl Pts',(9.40880950046767,178.3302119129,-40.8131252455686));
#2005=CARTESIAN_POINT('Ctrl Pts',(13.0313528428753,178.248426758196,-38.0122379249272));
#2006=CARTESIAN_POINT('Ctrl Pts',(14.2400462118114,178.280253595633,-37.0402527853649));
#2007=CARTESIAN_POINT('Ctrl Pts',(16.6845849456806,178.363482196943,-35.0469743601297));
#2008=CARTESIAN_POINT('Ctrl Pts',(17.9010544787424,178.405623567033,-34.0409047368615));
#2009=CARTESIAN_POINT('Ctrl Pts',(19.1272870641007,178.40875668647,-33.0088557089578));
#2010=CARTESIAN_POINT('Ctrl Pts',(-2.16858069827519,187.134130859173,-46.565133887055));
#2011=CARTESIAN_POINT('Ctrl Pts',(-1.74024815259874,186.378677107935,-47.0354656283502));
#2012=CARTESIAN_POINT('Ctrl Pts',(-1.23049318323711,185.643518989896,-47.3531246436582));
#2013=CARTESIAN_POINT('Ctrl Pts',(1.02017544036413,182.863196327004,-48.1445754920623));
#2014=CARTESIAN_POINT('Ctrl Pts',(3.34772971020274,181.027789455464,-47.648482585427));
#2015=CARTESIAN_POINT('Ctrl Pts',(7.78323923710842,178.998475231801,-45.3245217135995));
#2016=CARTESIAN_POINT('Ctrl Pts',(10.0895186092012,178.706709465285,-43.462603379446));
#2017=CARTESIAN_POINT('Ctrl Pts',(13.7640432650739,178.679509660104,-40.2473110482805));
#2018=CARTESIAN_POINT('Ctrl Pts',(15.0026937105894,178.730953719628,-39.1185844834445));
#2019=CARTESIAN_POINT('Ctrl Pts',(17.5299850436504,178.82974666155,-36.7207954824807));
#2020=CARTESIAN_POINT('Ctrl Pts',(18.7683758198542,178.851654086598,-35.4514488325252));
#2021=CARTESIAN_POINT('Ctrl Pts',(20.0375329499871,178.827681954759,-34.1510619874234));
#2022=CARTESIAN_POINT('Ctrl Pts',(-1.80964111363987,187.510103781899,-48.1644273668608));
#2023=CARTESIAN_POINT('Ctrl Pts',(-1.3494197775644,186.743351061866,-48.6802660101776));
#2024=CARTESIAN_POINT('Ctrl Pts',(-0.797618391735817,185.986010321565,-49.0375175454987));
#2025=CARTESIAN_POINT('Ctrl Pts',(1.55859426145515,183.17713340039,-49.9693857406371));
#2026=CARTESIAN_POINT('Ctrl Pts',(3.92077394430307,181.358012829256,-49.4952951051886));
#2027=CARTESIAN_POINT('Ctrl Pts',(8.4228853950196,179.332340097093,-47.1146940121529));
#2028=CARTESIAN_POINT('Ctrl Pts',(10.7517774653506,179.049630953126,-45.1641201164329));
#2029=CARTESIAN_POINT('Ctrl Pts',(14.4620061539575,179.049121073582,-41.6948085187845));
#2030=CARTESIAN_POINT('Ctrl Pts',(15.7180133990398,179.10690116727,-40.4583930102094));
#2031=CARTESIAN_POINT('Ctrl Pts',(18.2628005077147,179.218539552791,-37.8615071221811));
#2032=CARTESIAN_POINT('Ctrl Pts',(19.519343974625,179.268862120927,-36.4801177533139));
#2033=CARTESIAN_POINT('Ctrl Pts',(20.8068892059405,179.225522944555,-35.0407065653957));
#2034=CARTESIAN_POINT('Ctrl Pts',(-0.362187153235639,188.94958208322,-52.452040913988));
#2035=CARTESIAN_POINT('Ctrl Pts',(0.187405149247537,188.135970183064,-53.07673835997));
#2036=CARTESIAN_POINT('Ctrl Pts',(0.816823588669021,187.361364828107,-53.5309146244806));
#2037=CARTESIAN_POINT('Ctrl Pts',(3.46457967827096,184.508449758344,-54.7428103790417));
#2038=CARTESIAN_POINT('Ctrl Pts',(5.93481456589666,182.731320125492,-54.3522643000844));
#2039=CARTESIAN_POINT('Ctrl Pts',(10.6258058821584,180.701343571644,-51.873727961083));
#2040=CARTESIAN_POINT('Ctrl Pts',(13.0198561738322,180.416004384201,-49.7086195704216));
#2041=CARTESIAN_POINT('Ctrl Pts',(16.8105366185684,180.443487643003,-45.6563683066638));
#2042=CARTESIAN_POINT('Ctrl Pts',(18.0912486629841,180.517536106358,-44.1867004218603));
#2043=CARTESIAN_POINT('Ctrl Pts',(20.7248409852775,180.661864096969,-41.1147909502612));
#2044=CARTESIAN_POINT('Ctrl Pts',(22.0703788205247,180.727759185758,-39.5208766121808));
#2045=CARTESIAN_POINT('Ctrl Pts',(23.4601940259537,180.708629127595,-37.9244607705766));
#2046=CARTESIAN_POINT('Ctrl Pts',(1.09352179781082,190.394764917621,-54.6495563468446));
#2047=CARTESIAN_POINT('Ctrl Pts',(1.67471507714105,189.547877348769,-55.2860808688224));
#2048=CARTESIAN_POINT('Ctrl Pts',(2.33718193116503,188.749621847437,-55.7487112441019));
#2049=CARTESIAN_POINT('Ctrl Pts',(5.11311015897369,185.860884270015,-56.9810492083142));
#2050=CARTESIAN_POINT('Ctrl Pts',(7.65067160917693,184.136940844184,-56.6316758802558));
#2051=CARTESIAN_POINT('Ctrl Pts',(12.4436055751111,182.114481574226,-54.1784771780016));
#2052=CARTESIAN_POINT('Ctrl Pts',(14.8687379858747,181.799109353017,-51.9511982626191));
#2053=CARTESIAN_POINT('Ctrl Pts',(18.6813523353733,181.796880221981,-47.7478515579876));
#2054=CARTESIAN_POINT('Ctrl Pts',(19.967723800984,181.864310419124,-46.2235915849359));
#2055=CARTESIAN_POINT('Ctrl Pts',(22.613031333763,182.00719929525,-43.044296826338));
#2056=CARTESIAN_POINT('Ctrl Pts',(23.965782332527,182.078016363125,-41.3991156241039));
#2057=CARTESIAN_POINT('Ctrl Pts',(25.3704792096874,182.074769875336,-39.7636526408299));
#2058=CARTESIAN_POINT('Ctrl Pts',(3.27631934917974,193.286072696063,-56.5387241589846));
#2059=CARTESIAN_POINT('Ctrl Pts',(3.85317285457189,192.433526977102,-57.1716996552816));
#2060=CARTESIAN_POINT('Ctrl Pts',(4.5132849686869,191.63218823626,-57.6325025438901));
#2061=CARTESIAN_POINT('Ctrl Pts',(7.2828766550978,188.734207617751,-58.8591242933744));
#2062=CARTESIAN_POINT('Ctrl Pts',(9.84027196570487,187.036464158376,-58.5257779018113));
#2063=CARTESIAN_POINT('Ctrl Pts',(14.6360168821053,185.019080859383,-56.0751036579087));
#2064=CARTESIAN_POINT('Ctrl Pts',(17.0283015612274,184.660409755904,-53.819664563106));
#2065=CARTESIAN_POINT('Ctrl Pts',(20.7704683272814,184.56508308441,-49.5555559128235));
#2066=CARTESIAN_POINT('Ctrl Pts',(22.0336835371061,184.601887447623,-48.0113299238682));
#2067=CARTESIAN_POINT('Ctrl Pts',(24.6449840121947,184.69965105843,-44.8026625213538));
#2068=CARTESIAN_POINT('Ctrl Pts',(25.9884119256932,184.758050236456,-43.1494342709457));
#2069=CARTESIAN_POINT('Ctrl Pts',(27.3991750404923,184.762775608607,-41.519245990612));
#2070=CARTESIAN_POINT('Ctrl Pts',(4.73004264445127,195.405793855642,-57.4167791734983));
#2071=CARTESIAN_POINT('Ctrl Pts',(5.2920545870625,194.563880840467,-58.0429285240927));
#2072=CARTESIAN_POINT('Ctrl Pts',(5.94003027973008,193.77370881211,-58.5011148781619));
#2073=CARTESIAN_POINT('Ctrl Pts',(8.67708751200087,190.916916937689,-59.7365029303632));
#2074=CARTESIAN_POINT('Ctrl Pts',(11.2542018917498,189.259922381727,-59.4285801106438));
#2075=CARTESIAN_POINT('Ctrl Pts',(16.0416924834635,187.281471714491,-56.9960834959608));
#2076=CARTESIAN_POINT('Ctrl Pts',(18.3948716697645,186.899567075475,-54.7425095247331));
#2077=CARTESIAN_POINT('Ctrl Pts',(22.0676322160977,186.735852884042,-50.4869089824556));
#2078=CARTESIAN_POINT('Ctrl Pts',(23.3082669143209,186.748413473009,-48.9471240570152));
#2079=CARTESIAN_POINT('Ctrl Pts',(25.8828251048228,186.804495125318,-45.7541491615173));
#2080=CARTESIAN_POINT('Ctrl Pts',(27.2127192001077,186.846936653034,-44.1124557670475));
#2081=CARTESIAN_POINT('Ctrl Pts',(28.6202121179345,186.848957440008,-42.5004175954132));
#2082=CARTESIAN_POINT('Ctrl Pts',(6.26047063456977,197.811580753893,-57.469997599363));
#2083=CARTESIAN_POINT('Ctrl Pts',(6.79917666293469,197.021214801724,-58.0768838091687));
#2084=CARTESIAN_POINT('Ctrl Pts',(7.43213242221437,196.277505437625,-58.5261737053704));
#2085=CARTESIAN_POINT('Ctrl Pts',(10.1286903806895,193.58438467412,-59.765082002675));
#2086=CARTESIAN_POINT('Ctrl Pts',(12.7296482062755,192.004456731357,-59.4890580701032));
#2087=CARTESIAN_POINT('Ctrl Pts',(17.4693770608034,190.096016809385,-57.1153772995687));
#2088=CARTESIAN_POINT('Ctrl Pts',(19.7514910683648,189.680678355613,-54.9169005310767));
#2089=CARTESIAN_POINT('Ctrl Pts',(23.2889376076489,189.388569048593,-50.8010801339114));
#2090=CARTESIAN_POINT('Ctrl Pts',(24.4820020438131,189.350452728745,-49.3166105096582));
#2091=CARTESIAN_POINT('Ctrl Pts',(26.9611624313559,189.310508293956,-46.2441306627933));
#2092=CARTESIAN_POINT('Ctrl Pts',(28.2424353914184,189.313295284441,-44.6648332144691));
#2093=CARTESIAN_POINT('Ctrl Pts',(29.6164314019201,189.301255557883,-43.1139219508734));
#2094=CARTESIAN_POINT('Ctrl Pts',(7.13753568904042,199.147868279417,-57.2499180786213));
#2095=CARTESIAN_POINT('Ctrl Pts',(7.66741380636595,198.401162255423,-57.8416589540708));
#2096=CARTESIAN_POINT('Ctrl Pts',(8.29862979796096,197.695569745591,-58.2830806284908));
#2097=CARTESIAN_POINT('Ctrl Pts',(10.9902288323028,195.134886131235,-59.5105619345143));
#2098=CARTESIAN_POINT('Ctrl Pts',(13.6016918892849,193.602376974583,-59.2444943219931));
#2099=CARTESIAN_POINT('Ctrl Pts',(18.2973877350772,191.724475001129,-56.9165729868035));
#2100=CARTESIAN_POINT('Ctrl Pts',(20.5334547097765,191.279936929896,-54.7669636327821));
#2101=CARTESIAN_POINT('Ctrl Pts',(23.9717914315404,190.883746523536,-50.7752298526113));
#2102=CARTESIAN_POINT('Ctrl Pts',(25.1282219708669,190.803768163514,-49.3404402777223));
#2103=CARTESIAN_POINT('Ctrl Pts',(27.5280509989507,190.685079109719,-46.3748439828793));
#2104=CARTESIAN_POINT('Ctrl Pts',(28.7655611512531,190.656776751261,-44.8497018609783));
#2105=CARTESIAN_POINT('Ctrl Pts',(30.1071692762926,190.635899189068,-43.3488041080216));
#2106=CARTESIAN_POINT('Ctrl Pts',(7.1150022177145,199.113596364188,-57.2555015446612));
#2107=CARTESIAN_POINT('Ctrl Pts',(7.48828770291936,198.635260262235,-57.6482595284617));
#2108=CARTESIAN_POINT('Ctrl Pts',(7.93209571216343,198.106230331896,-58.021089955937));
#2109=CARTESIAN_POINT('Ctrl Pts',(8.46042599472852,197.530768550911,-58.3360500429243));
#2110=CARTESIAN_POINT('Ctrl Pts',(8.62012525253371,197.356822778066,-58.4312535430643));
#2111=CARTESIAN_POINT('Ctrl Pts',(8.79053718331266,197.175559153608,-58.5225218758768));
#2112=CARTESIAN_POINT('Ctrl Pts',(8.96161539126166,196.997891328315,-58.603934684651));
#2113=CARTESIAN_POINT('Ctrl Pts',(9.91151438772952,196.011403972777,-59.055973236383));
#2114=CARTESIAN_POINT('Ctrl Pts',(10.8012814588792,195.215333075652,-59.1757933467146));
#2115=CARTESIAN_POINT('Ctrl Pts',(11.4964737117722,194.62678633525,-59.1900779399372));
#2116=CARTESIAN_POINT('Ctrl Pts',(11.9543894704318,194.239116843802,-59.1994870498855));
#2117=CARTESIAN_POINT('Ctrl Pts',(12.3138162096993,193.950699242043,-59.1692175342502));
#2118=CARTESIAN_POINT('Ctrl Pts',(12.7066717191147,193.646437212912,-59.1100827167989));
#2119=CARTESIAN_POINT('Ctrl Pts',(13.4719545668022,193.053734535933,-58.994888044936));
#2120=CARTESIAN_POINT('Ctrl Pts',(14.2486631511713,192.502809607958,-58.757862144631));
#2121=CARTESIAN_POINT('Ctrl Pts',(15.0119843563845,192.013467939988,-58.4013449079218));
#2122=CARTESIAN_POINT('Ctrl Pts',(15.1617073049953,191.917485178202,-58.3314152222978));
#2123=CARTESIAN_POINT('Ctrl Pts',(15.3095975035026,191.824671979709,-58.2576092826585));
#2124=CARTESIAN_POINT('Ctrl Pts',(15.4604207613652,191.732172472818,-58.1772282324988));
#2125=CARTESIAN_POINT('Ctrl Pts',(16.2812207543483,191.228777998498,-57.7397839925182));
#2126=CARTESIAN_POINT('Ctrl Pts',(17.2018877721189,190.727199197939,-57.0994978000501));
#2127=CARTESIAN_POINT('Ctrl Pts',(18.2601528629212,190.25488242426,-56.1162448221352));
#2128=CARTESIAN_POINT('Ctrl Pts',(19.016297579363,189.917405703154,-55.4136972746086));
#2129=CARTESIAN_POINT('Ctrl Pts',(19.7849711223793,189.6221171131,-54.586151946213));
#2130=CARTESIAN_POINT('Ctrl Pts',(20.5409825599779,189.366324493462,-53.6900751760961));
#2131=CARTESIAN_POINT('Ctrl Pts',(20.9776079582195,189.218594513646,-53.1725567138754));
#2132=CARTESIAN_POINT('Ctrl Pts',(21.4136273187409,189.082419547497,-52.6288289677329));
#2133=CARTESIAN_POINT('Ctrl Pts',(21.8506695296535,188.954429057402,-52.0636502748106));
#2134=CARTESIAN_POINT('Ctrl Pts',(22.9540766050811,188.63128953259,-50.6367350865746));
#2135=CARTESIAN_POINT('Ctrl Pts',(24.0672759033317,188.359374262416,-49.0688243950768));
#2136=CARTESIAN_POINT('Ctrl Pts',(25.1544650468528,188.10107900804,-47.5203082777878));
#2137=CARTESIAN_POINT('Ctrl Pts',(26.3316919962155,187.821392500724,-45.8435486121319));
#2138=CARTESIAN_POINT('Ctrl Pts',(27.5000681558353,187.552697209106,-44.1583077195731));
#2139=CARTESIAN_POINT('Ctrl Pts',(28.706402730399,187.236968115752,-42.5091929271192));
#2140=CARTESIAN_POINT('Ctrl Pts',(27.8711795706721,203.169178628674,21.5647063956847));
#2141=CARTESIAN_POINT('Ctrl Pts',(28.567725918913,202.357228937996,22.0244759276108));
#2142=CARTESIAN_POINT('Ctrl Pts',(29.219329182854,201.561046536956,22.3799235524514));
#2143=CARTESIAN_POINT('Ctrl Pts',(30.5974201840672,199.71306884737,22.722844904655));
#2144=CARTESIAN_POINT('Ctrl Pts',(31.3239079213395,198.661273558824,22.7103186320179));
#2145=CARTESIAN_POINT('Ctrl Pts',(33.6156978431531,195.122468361924,22.1207789678899));
#2146=CARTESIAN_POINT('Ctrl Pts',(36.4055706426357,190.061157130697,19.4753086888461));
#2147=CARTESIAN_POINT('Ctrl Pts',(37.3645700615193,187.221033329867,14.360673937919));
#2148=CARTESIAN_POINT('Ctrl Pts',(37.9938193502014,185.582313447879,10.402126219325));
#2149=CARTESIAN_POINT('Ctrl Pts',(38.1853239916359,185.127934306194,9.17044920093346));
#2150=CARTESIAN_POINT('Ctrl Pts',(38.5318430315858,184.40289766078,6.88277293976332));
#2151=CARTESIAN_POINT('Ctrl Pts',(38.6868574301012,184.132240157051,5.8267736969847));
#2152=CARTESIAN_POINT('Ctrl Pts',(38.8826598364227,183.832810646839,4.69736193805251));
#2153=CARTESIAN_POINT('Ctrl Pts',(26.2917108461834,203.095195570603,20.5236569925698));
#2154=CARTESIAN_POINT('Ctrl Pts',(26.7700784346115,202.062462896929,20.8640980152657));
#2155=CARTESIAN_POINT('Ctrl Pts',(27.4386433306047,201.181166619565,21.2779739936377));
#2156=CARTESIAN_POINT('Ctrl Pts',(28.6793068765181,199.049644714021,21.5570026809934));
#2157=CARTESIAN_POINT('Ctrl Pts',(29.3687117213137,197.902794043026,21.508270656883));
#2158=CARTESIAN_POINT('Ctrl Pts',(31.5015147144073,194.299696367625,20.8968213075856));
#2159=CARTESIAN_POINT('Ctrl Pts',(34.2916273716845,189.217390845397,18.3660190901501));
#2160=CARTESIAN_POINT('Ctrl Pts',(35.5386309963819,186.374576879045,13.4335696182159));
#2161=CARTESIAN_POINT('Ctrl Pts',(36.4619816186004,184.789047386564,9.63608158819816));
#2162=CARTESIAN_POINT('Ctrl Pts',(36.7761891656817,184.331253045841,8.3888548149874));
#2163=CARTESIAN_POINT('Ctrl Pts',(37.4393840303662,183.652685081992,6.00939308134556));
#2164=CARTESIAN_POINT('Ctrl Pts',(37.6764233164166,183.382059594028,4.87914667792634));
#2165=CARTESIAN_POINT('Ctrl Pts',(38.1303450555885,183.170104461932,3.71120376022091));
#2166=CARTESIAN_POINT('Ctrl Pts',(24.7797118288649,203.004381429295,19.4583033391556));
#2167=CARTESIAN_POINT('Ctrl Pts',(25.1316877714595,201.934549571884,19.7649928330273));
#2168=CARTESIAN_POINT('Ctrl Pts',(25.57635759133,200.795765553337,19.9331706636456));
#2169=CARTESIAN_POINT('Ctrl Pts',(26.667736183031,198.440634897489,20.0824447056945));
#2170=CARTESIAN_POINT('Ctrl Pts',(27.3195290594073,197.217487444209,20.0438497877746));
#2171=CARTESIAN_POINT('Ctrl Pts',(29.3312512164005,193.489186625031,19.3644342268125));
#2172=CARTESIAN_POINT('Ctrl Pts',(32.1637968333631,188.361162974561,16.9555313263233));
#2173=CARTESIAN_POINT('Ctrl Pts',(33.7445987934743,185.486566294006,12.2173548303376));
#2174=CARTESIAN_POINT('Ctrl Pts',(34.9919722178448,183.927498608659,8.57124252060749));
#2175=CARTESIAN_POINT('Ctrl Pts',(35.4180586850161,183.507289351055,7.34045842774068));
#2176=CARTESIAN_POINT('Ctrl Pts',(36.3657238585345,182.880395594859,4.98384506848707));
#2177=CARTESIAN_POINT('Ctrl Pts',(36.8833368649485,182.673104815603,3.86766354661907));
#2178=CARTESIAN_POINT('Ctrl Pts',(37.4500952303426,182.525259032194,2.75914413409183));
#2179=CARTESIAN_POINT('Ctrl Pts',(21.3561524963077,202.624312632159,16.4988406851245));
#2180=CARTESIAN_POINT('Ctrl Pts',(21.3953843132618,201.313572305463,16.6042882069558));
#2181=CARTESIAN_POINT('Ctrl Pts',(21.658904366226,199.961862233743,16.6222366542823));
#2182=CARTESIAN_POINT('Ctrl Pts',(22.5186352133281,197.258078021034,16.5898118871336));
#2183=CARTESIAN_POINT('Ctrl Pts',(23.0961351714099,195.909037336256,16.500027472014));
#2184=CARTESIAN_POINT('Ctrl Pts',(24.993920208207,191.901932224238,15.7828391472851));
#2185=CARTESIAN_POINT('Ctrl Pts',(27.9650606907409,186.665837254392,13.6323611693261));
#2186=CARTESIAN_POINT('Ctrl Pts',(30.2470723245999,183.710172781655,9.31679430214774));
#2187=CARTESIAN_POINT('Ctrl Pts',(32.1204783376597,182.187072204218,5.92860313040568));
#2188=CARTESIAN_POINT('Ctrl Pts',(32.7719298899572,181.794979974592,4.77395340293197));
#2189=CARTESIAN_POINT('Ctrl Pts',(34.2231511646952,181.263702840307,2.52601292424899));
#2190=CARTESIAN_POINT('Ctrl Pts',(35.0262841944502,181.128871856943,1.46570314610016));
#2191=CARTESIAN_POINT('Ctrl Pts',(35.9386392881237,181.130286284993,0.456132117491043));
#2192=CARTESIAN_POINT('Ctrl Pts',(19.4445921810689,202.33505797633,14.6047316845076));
#2193=CARTESIAN_POINT('Ctrl Pts',(19.3887316571217,200.931402599641,14.6102122514245));
#2194=CARTESIAN_POINT('Ctrl Pts',(19.6025512745678,199.522091272055,14.6529398188243));
#2195=CARTESIAN_POINT('Ctrl Pts',(20.4058465396095,196.683852355228,14.576859323976));
#2196=CARTESIAN_POINT('Ctrl Pts',(20.9564907985379,195.269984921926,14.4507702786476));
#2197=CARTESIAN_POINT('Ctrl Pts',(22.8268526980203,191.125187566038,13.7336311485307));
#2198=CARTESIAN_POINT('Ctrl Pts',(25.89415508644,185.826739405059,11.7196787761557));
#2199=CARTESIAN_POINT('Ctrl Pts',(28.5435780586333,182.821789854343,7.63244856183624));
#2200=CARTESIAN_POINT('Ctrl Pts',(30.7301516084134,181.312556425885,4.38491747260693));
#2201=CARTESIAN_POINT('Ctrl Pts',(31.4916106487631,180.929475792199,3.27724448642243));
#2202=CARTESIAN_POINT('Ctrl Pts',(33.1572485318226,180.428699737258,1.09643467086812));
#2203=CARTESIAN_POINT('Ctrl Pts',(34.0672654783487,180.332328430121,0.0481337353349848));
#2204=CARTESIAN_POINT('Ctrl Pts',(35.1074331711507,180.380158967529,-0.894820272980676));
#2205=CARTESIAN_POINT('Ctrl Pts',(13.1105692884722,201.169633237061,7.6792716618528));
#2206=CARTESIAN_POINT('Ctrl Pts',(13.131492739288,199.603851251843,7.78557815899347));
#2207=CARTESIAN_POINT('Ctrl Pts',(13.3489376183329,198.014961950302,7.82123681149597));
#2208=CARTESIAN_POINT('Ctrl Pts',(14.0887569552714,194.875747597155,7.73176666641397));
#2209=CARTESIAN_POINT('Ctrl Pts',(14.6111314131649,193.325422545549,7.60663786882947));
#2210=CARTESIAN_POINT('Ctrl Pts',(16.5034792387035,188.859462089505,6.96083265972936));
#2211=CARTESIAN_POINT('Ctrl Pts',(19.8938748777096,183.398220678175,5.37864220400509));
#2212=CARTESIAN_POINT('Ctrl Pts',(23.6089884848669,180.280186448244,2.04234988812809));
#2213=CARTESIAN_POINT('Ctrl Pts',(26.6633257231405,178.787949149019,-0.713801969840026));
#2214=CARTESIAN_POINT('Ctrl Pts',(27.7261051413827,178.431584778147,-1.67484135933947));
#2215=CARTESIAN_POINT('Ctrl Pts',(29.9653701213104,177.995549774177,-3.614255082609));
#2216=CARTESIAN_POINT('Ctrl Pts',(31.1418556829959,177.915879141079,-4.59262941637909));
#2217=CARTESIAN_POINT('Ctrl Pts',(32.3873803826406,177.97185418355,-5.54601659090977));
#2218=CARTESIAN_POINT('Ctrl Pts',(4.31263283933588,198.807974618105,-4.22572836912605));
#2219=CARTESIAN_POINT('Ctrl Pts',(4.46305715454797,197.164351081782,-3.94237658920546));
#2220=CARTESIAN_POINT('Ctrl Pts',(4.78530772665872,195.504612356788,-3.75120053415252));
#2221=CARTESIAN_POINT('Ctrl Pts',(5.72270800766808,192.237133891318,-3.5449834585727));
#2222=CARTESIAN_POINT('Ctrl Pts',(6.33785771656669,190.629394150841,-3.52994243804581));
#2223=CARTESIAN_POINT('Ctrl Pts',(8.54652548293009,186.01051744897,-3.73669730544033));
#2224=CARTESIAN_POINT('Ctrl Pts',(12.4599988771947,180.396928565303,-4.68404493923345));
#2225=CARTESIAN_POINT('Ctrl Pts',(17.4985843175345,177.220836242345,-6.84327888421251));
#2226=CARTESIAN_POINT('Ctrl Pts',(21.5238349201486,175.718307174586,-8.80070473035966));
#2227=CARTESIAN_POINT('Ctrl Pts',(22.9066370414131,175.364054181077,-9.50951341031085));
#2228=CARTESIAN_POINT('Ctrl Pts',(25.7250775422421,174.942974746244,-11.0203880694706));
#2229=CARTESIAN_POINT('Ctrl Pts',(27.1607159218066,174.876148304921,-11.8224540486791));
#2230=CARTESIAN_POINT('Ctrl Pts',(28.6081386392778,174.950158386707,-12.6614439292428));
#2231=CARTESIAN_POINT('Ctrl Pts',(-1.30440408003683,195.351699728043,-17.882708812255));
#2232=CARTESIAN_POINT('Ctrl Pts',(-1.09572076577725,193.874628351869,-17.4236607380944));
#2233=CARTESIAN_POINT('Ctrl Pts',(-0.71569982804025,192.362551106527,-17.0825729364817));
#2234=CARTESIAN_POINT('Ctrl Pts',(0.336003064181098,189.370691888993,-16.5861122275505));
#2235=CARTESIAN_POINT('Ctrl Pts',(1.00768501866546,187.890909916801,-16.430739320232));
#2236=CARTESIAN_POINT('Ctrl Pts',(3.3837010619285,183.653467427181,-16.1678844635159));
#2237=CARTESIAN_POINT('Ctrl Pts',(7.51430959910575,178.541953246237,-16.3594482951991));
#2238=CARTESIAN_POINT('Ctrl Pts',(12.753864745284,176.144169526188,-16.8317956620016));
#2239=CARTESIAN_POINT('Ctrl Pts',(16.8800416819196,175.158342653007,-17.5742987103785));
#2240=CARTESIAN_POINT('Ctrl Pts',(18.2881857569651,174.965152181423,-17.8865068137167));
#2241=CARTESIAN_POINT('Ctrl Pts',(21.1334200324944,174.815418542876,-18.6874953110855));
#2242=CARTESIAN_POINT('Ctrl Pts',(22.5705102329783,174.858875375914,-19.1762757051163));
#2243=CARTESIAN_POINT('Ctrl Pts',(24.0037947960668,175.003561027431,-19.776921302627));
#2244=CARTESIAN_POINT('Ctrl Pts',(-3.87621855570279,192.910399299798,-26.7687345975474));
#2245=CARTESIAN_POINT('Ctrl Pts',(-3.65630678021687,191.637037630145,-26.2451648393825));
#2246=CARTESIAN_POINT('Ctrl Pts',(-3.31715117696071,190.294551818199,-25.9553268462398));
#2247=CARTESIAN_POINT('Ctrl Pts',(-2.2968806884249,187.57569600841,-25.5979627195321));
#2248=CARTESIAN_POINT('Ctrl Pts',(-1.6329976066775,186.223205691273,-25.4992592803083));
#2249=CARTESIAN_POINT('Ctrl Pts',(0.736881450005336,182.332510271563,-25.2502692708116));
#2250=CARTESIAN_POINT('Ctrl Pts',(5.03479420995972,177.615486668282,-24.9522928039223));
#2251=CARTESIAN_POINT('Ctrl Pts',(10.2737691638969,175.834018692604,-24.174571408983));
#2252=CARTESIAN_POINT('Ctrl Pts',(14.3287516514457,175.189453666881,-23.9396451844396));
#2253=CARTESIAN_POINT('Ctrl Pts',(15.6969061193966,175.085142126428,-23.9195812157853));
#2254=CARTESIAN_POINT('Ctrl Pts',(18.4396120480361,175.076377564045,-24.1027364014749));
#2255=CARTESIAN_POINT('Ctrl Pts',(19.7942153519433,175.18245105946,-24.3274433937301));
#2256=CARTESIAN_POINT('Ctrl Pts',(21.1101553441784,175.360575303904,-24.7523082107978));
#2257=CARTESIAN_POINT('Ctrl Pts',(-4.47624403148086,192.180604803197,-29.3366143273889));
#2258=CARTESIAN_POINT('Ctrl Pts',(-4.30562659425654,190.943069699596,-28.9673017970628));
#2259=CARTESIAN_POINT('Ctrl Pts',(-3.93025090708356,189.653309830318,-28.7252822508277));
#2260=CARTESIAN_POINT('Ctrl Pts',(-2.93998444679204,187.036503318408,-28.4737468694006));
#2261=CARTESIAN_POINT('Ctrl Pts',(-2.30324998051162,185.728434665456,-28.4323751429097));
#2262=CARTESIAN_POINT('Ctrl Pts',(0.058824696668931,181.966662946477,-28.2375632797));
#2263=CARTESIAN_POINT('Ctrl Pts',(4.41324767514785,177.384125294188,-27.7892896387882));
#2264=CARTESIAN_POINT('Ctrl Pts',(9.62681131973468,175.813526615332,-26.5973946852501));
#2265=CARTESIAN_POINT('Ctrl Pts',(13.6291158844061,175.270292214464,-26.0258031432178));
#2266=CARTESIAN_POINT('Ctrl Pts',(14.9785727111684,175.194999848887,-25.8889942413939));
#2267=CARTESIAN_POINT('Ctrl Pts',(17.6666652445255,175.222801600051,-25.8519685414678));
#2268=CARTESIAN_POINT('Ctrl Pts',(18.9779046703495,175.318932905137,-25.9716362565023));
#2269=CARTESIAN_POINT('Ctrl Pts',(20.2905255622315,175.498330624337,-26.2462669241343));
#2270=CARTESIAN_POINT('Ctrl Pts',(-5.16180295081591,190.888960435621,-33.6841160565602));
#2271=CARTESIAN_POINT('Ctrl Pts',(-5.03344860147894,189.74729735413,-33.7457783659145));
#2272=CARTESIAN_POINT('Ctrl Pts',(-4.72331248721151,188.569993833751,-33.7920204405622));
#2273=CARTESIAN_POINT('Ctrl Pts',(-3.82059219231958,186.17396598613,-33.9233524849636));
#2274=CARTESIAN_POINT('Ctrl Pts',(-3.20755158051708,184.953982333497,-34.0018883375049));
#2275=CARTESIAN_POINT('Ctrl Pts',(-0.85927254151307,181.427640062996,-33.9832949422896));
#2276=CARTESIAN_POINT('Ctrl Pts',(3.62951872008284,177.082140202059,-33.2806345410991));
#2277=CARTESIAN_POINT('Ctrl Pts',(8.78676239311792,175.897299344445,-31.2998048192635));
#2278=CARTESIAN_POINT('Ctrl Pts',(12.6669575456625,175.539210778591,-30.065400011951));
#2279=CARTESIAN_POINT('Ctrl Pts',(13.9623996628054,175.508271602866,-29.6958013235242));
#2280=CARTESIAN_POINT('Ctrl Pts',(16.4873271428106,175.57834660327,-29.1630595311878));
#2281=CARTESIAN_POINT('Ctrl Pts',(17.705176082509,175.676851772663,-29.002045045081));
#2282=CARTESIAN_POINT('Ctrl Pts',(18.9410994023696,175.811342388423,-28.905177172033));
#2283=CARTESIAN_POINT('Ctrl Pts',(-5.24733639437287,190.327110564647,-35.46373805589));
#2284=CARTESIAN_POINT('Ctrl Pts',(-5.08476533503786,189.184793055429,-35.6559460582512));
#2285=CARTESIAN_POINT('Ctrl Pts',(-4.90347395499898,188.117879262607,-36.0892415694479));
#2286=CARTESIAN_POINT('Ctrl Pts',(-4.06695281487522,185.856996668841,-36.4752210055752));
#2287=CARTESIAN_POINT('Ctrl Pts',(-3.4387440510273,184.70582356331,-36.6012873933115));
#2288=CARTESIAN_POINT('Ctrl Pts',(-1.0993130263587,181.254464504601,-36.7417325959909));
#2289=CARTESIAN_POINT('Ctrl Pts',(3.46733629982971,177.011516484024,-35.934982608544));
#2290=CARTESIAN_POINT('Ctrl Pts',(8.59367131066341,176.00156415083,-33.5793916770098));
#2291=CARTESIAN_POINT('Ctrl Pts',(12.4265141571926,175.736564505683,-31.9936765002545));
#2292=CARTESIAN_POINT('Ctrl Pts',(13.682560857706,175.699168654723,-31.509118270165));
#2293=CARTESIAN_POINT('Ctrl Pts',(16.0842423352614,175.780396899847,-30.7167598744982));
#2294=CARTESIAN_POINT('Ctrl Pts',(17.177770610241,175.869831584445,-30.3061953394885));
#2295=CARTESIAN_POINT('Ctrl Pts',(18.4113030244545,175.986598832075,-30.0701287065953));
#2296=CARTESIAN_POINT('Ctrl Pts',(-5.26851663436564,189.745262623197,-37.2761125564219));
#2297=CARTESIAN_POINT('Ctrl Pts',(-5.12521458929989,188.722135018556,-37.7788692317446));
#2298=CARTESIAN_POINT('Ctrl Pts',(-4.9187245192106,187.756373082513,-38.1973273096832));
#2299=CARTESIAN_POINT('Ctrl Pts',(-4.10970893205921,185.707570367327,-38.8193828056732));
#2300=CARTESIAN_POINT('Ctrl Pts',(-3.50718341499711,184.624529588185,-39.0229802237247));
#2301=CARTESIAN_POINT('Ctrl Pts',(-1.10555369335156,181.199488986108,-39.3114814880485));
#2302=CARTESIAN_POINT('Ctrl Pts',(3.55955939923189,177.024169603492,-38.4339665766099));
#2303=CARTESIAN_POINT('Ctrl Pts',(8.67470630694985,176.147694306951,-35.7405107556288));
#2304=CARTESIAN_POINT('Ctrl Pts',(12.4862609236643,175.950644490146,-33.8151942921798));
#2305=CARTESIAN_POINT('Ctrl Pts',(13.6624776774058,175.934187994457,-33.2387225385067));
#2306=CARTESIAN_POINT('Ctrl Pts',(15.826308281229,175.999728556239,-32.2163798327803));
#2307=CARTESIAN_POINT('Ctrl Pts',(16.8139221313106,176.081725613709,-31.770508880727));
#2308=CARTESIAN_POINT('Ctrl Pts',(17.8924090795613,176.149124131857,-31.3184801063109));
#2309=CARTESIAN_POINT('',(17.8924090795613,176.149124131857,-31.318480106311));
#2310=CARTESIAN_POINT('Ctrl Pts',(10.3404785317675,176.074459813542,-34.9005685496326));
#2311=CARTESIAN_POINT('Ctrl Pts',(10.6323210259809,176.050519492542,-34.7523901554518));
#2312=CARTESIAN_POINT('Ctrl Pts',(10.9241407617723,176.031403005419,-34.6042622626051));
#2313=CARTESIAN_POINT('Ctrl Pts',(12.4862609236643,175.950644490146,-33.8151942921798));
#2314=CARTESIAN_POINT('Ctrl Pts',(13.6624776774058,175.934187994457,-33.2387225385067));
#2315=CARTESIAN_POINT('Ctrl Pts',(15.826308281229,175.999728556239,-32.2163798327803));
#2316=CARTESIAN_POINT('Ctrl Pts',(16.8139221313106,176.081725613709,-31.770508880727));
#2317=CARTESIAN_POINT('Ctrl Pts',(17.8924090795613,176.149124131857,-31.3184801063109));
#2318=CARTESIAN_POINT('',(38.8826598364227,183.832810646839,4.69736193805251));
#2319=CARTESIAN_POINT('Ctrl Pts',(17.8924090795613,176.149124131857,-31.3184801063109));
#2320=CARTESIAN_POINT('Ctrl Pts',(18.4113030244545,175.986598832075,-30.0701287065953));
#2321=CARTESIAN_POINT('Ctrl Pts',(18.9410994023696,175.811342388423,-28.905177172033));
#2322=CARTESIAN_POINT('Ctrl Pts',(20.2905255622315,175.498330624337,-26.2462669241343));
#2323=CARTESIAN_POINT('Ctrl Pts',(21.1101553441784,175.360575303904,-24.7523082107978));
#2324=CARTESIAN_POINT('Ctrl Pts',(24.0037947960668,175.003561027431,-19.776921302627));
#2325=CARTESIAN_POINT('Ctrl Pts',(28.6081386392778,174.950158386707,-12.6614439292428));
#2326=CARTESIAN_POINT('Ctrl Pts',(32.3873803826406,177.97185418355,-5.54601659090977));
#2327=CARTESIAN_POINT('Ctrl Pts',(35.1074331711507,180.380158967529,-0.894820272980676));
#2328=CARTESIAN_POINT('Ctrl Pts',(35.9386392881237,181.130286284993,0.456132117491043));
#2329=CARTESIAN_POINT('Ctrl Pts',(37.4500952303426,182.525259032194,2.75914413409183));
#2330=CARTESIAN_POINT('Ctrl Pts',(38.1303450555885,183.170104461932,3.71120376022091));
#2331=CARTESIAN_POINT('Ctrl Pts',(38.8826598364227,183.832810646839,4.69736193805251));
#2332=CARTESIAN_POINT('Ctrl Pts',(37.6366854437884,186.517924916289,12.6260935493044));
#2333=CARTESIAN_POINT('Ctrl Pts',(37.687004182567,186.383591556363,12.3262252256399));
#2334=CARTESIAN_POINT('Ctrl Pts',(37.7359319146959,186.253915745218,12.0244716678397));
#2335=CARTESIAN_POINT('Ctrl Pts',(37.9938193502014,185.582313447879,10.402126219325));
#2336=CARTESIAN_POINT('Ctrl Pts',(38.1853239916359,185.127934306194,9.17044920093346));
#2337=CARTESIAN_POINT('Ctrl Pts',(38.5318430315858,184.40289766078,6.88277293976332));
#2338=CARTESIAN_POINT('Ctrl Pts',(38.6868574301012,184.132240157051,5.8267736969847));
#2339=CARTESIAN_POINT('Ctrl Pts',(38.8826598364227,183.832810646839,4.69736193805251));
#2340=CARTESIAN_POINT('Ctrl Pts',(38.8826598364227,183.832810646839,4.69736193805251));
#2341=CARTESIAN_POINT('Ctrl Pts',(39.8307770235785,184.196087321535,4.5541083569519));
#2342=CARTESIAN_POINT('Ctrl Pts',(40.7494673003484,184.528214060367,4.39163190031945));
#2343=CARTESIAN_POINT('Ctrl Pts',(42.7945135776747,185.396060353761,3.87377633609831));
#2344=CARTESIAN_POINT('Ctrl Pts',(43.920869578231,185.931779908322,3.5183972285096));
#2345=CARTESIAN_POINT('Ctrl Pts',(47.6114361655794,187.844327795602,2.16290592930908));
#2346=CARTESIAN_POINT('Ctrl Pts',(52.551951150286,191.08029745215,-0.319536599668942));
#2347=CARTESIAN_POINT('Ctrl Pts',(54.106068172768,196.445262271206,-3.45714422532973));
#2348=CARTESIAN_POINT('Ctrl Pts',(54.638822045519,200.125718345751,-5.75625148977377));
#2349=CARTESIAN_POINT('Ctrl Pts',(54.7363163721842,201.210761362606,-6.45991625305304));
#2350=CARTESIAN_POINT('Ctrl Pts',(54.7711244303444,203.097296046998,-7.74183712987411));
#2351=CARTESIAN_POINT('Ctrl Pts',(54.7084381618394,203.898787714535,-8.32009324341591));
#2352=CARTESIAN_POINT('Ctrl Pts',(54.6471847223397,204.709997442447,-8.94427632949539));
#2353=CARTESIAN_POINT('Ctrl Pts',(38.1303450555885,183.170104461932,3.71120376022091));
#2354=CARTESIAN_POINT('Ctrl Pts',(39.1213572094614,183.461680303541,3.28754039080504));
#2355=CARTESIAN_POINT('Ctrl Pts',(40.1067070110416,183.799322200287,3.07661520793381));
#2356=CARTESIAN_POINT('Ctrl Pts',(42.26967866866,184.638564696311,2.26627906295508));
#2357=CARTESIAN_POINT('Ctrl Pts',(43.4323396706871,185.182832038616,1.807652081679));
#2358=CARTESIAN_POINT('Ctrl Pts',(47.0435823251073,187.039797004056,0.275428405522944));
#2359=CARTESIAN_POINT('Ctrl Pts',(51.9231121718676,190.268393099048,-2.28877416758572));
#2360=CARTESIAN_POINT('Ctrl Pts',(53.5382143322958,195.64073147966,-5.34462174911587));
#2361=CARTESIAN_POINT('Ctrl Pts',(54.1502921379751,199.376770476044,-7.46699663660437));
#2362=CARTESIAN_POINT('Ctrl Pts',(54.2896911013195,200.556839852598,-8.13509127737487));
#2363=CARTESIAN_POINT('Ctrl Pts',(54.3967968921353,202.723893535775,-9.28913881125486));
#2364=CARTESIAN_POINT('Ctrl Pts',(54.333623225347,203.607502743253,-9.87620743668641));
#2365=CARTESIAN_POINT('Ctrl Pts',(54.3383018153334,204.634534458843,-10.314152840917));
#2366=CARTESIAN_POINT('Ctrl Pts',(37.4500952303426,182.525259032194,2.75914413409183));
#2367=CARTESIAN_POINT('Ctrl Pts',(38.4199295472724,182.753207691039,2.24602886347118));
#2368=CARTESIAN_POINT('Ctrl Pts',(39.4613963067299,183.041782636865,1.71670379609137));
#2369=CARTESIAN_POINT('Ctrl Pts',(41.6983720011933,183.838331945703,0.65591268047239));
#2370=CARTESIAN_POINT('Ctrl Pts',(42.891719762325,184.346506487995,0.122611114992845));
#2371=CARTESIAN_POINT('Ctrl Pts',(46.4892773566537,186.175109908052,-1.60781390753796));
#2372=CARTESIAN_POINT('Ctrl Pts',(51.3327256449149,189.424127249939,-4.26310147382484));
#2373=CARTESIAN_POINT('Ctrl Pts',(53.0237549165735,194.8288124216,-7.26234392255082));
#2374=CARTESIAN_POINT('Ctrl Pts',(53.7181900978716,198.684156697436,-9.24594220968122));
#2375=CARTESIAN_POINT('Ctrl Pts',(53.8540290295633,199.936243188897,-9.86283604715567));
#2376=CARTESIAN_POINT('Ctrl Pts',(54.0208553158123,202.323083378579,-10.8821454943509));
#2377=CARTESIAN_POINT('Ctrl Pts',(54.0538281292503,203.457404195629,-11.2825735340167));
#2378=CARTESIAN_POINT('Ctrl Pts',(54.063677030345,204.52686409754,-11.6172151208841));
#2379=CARTESIAN_POINT('Ctrl Pts',(35.9386392881237,181.130286284993,0.456132117491043));
#2380=CARTESIAN_POINT('Ctrl Pts',(36.951737077668,181.220897186523,-0.381172380824405));
#2381=CARTESIAN_POINT('Ctrl Pts',(38.0654978223795,181.447181000857,-1.15674413054344));
#2382=CARTESIAN_POINT('Ctrl Pts',(40.4368014834785,182.162643207573,-2.59936994286642));
#2383=CARTESIAN_POINT('Ctrl Pts',(41.6715139519116,182.646346849197,-3.27721454850996));
#2384=CARTESIAN_POINT('Ctrl Pts',(45.3410823367194,184.443015742126,-5.3435652266052));
#2385=CARTESIAN_POINT('Ctrl Pts',(50.1416561284856,187.760062180844,-8.18621109383782));
#2386=CARTESIAN_POINT('Ctrl Pts',(51.9950965548328,193.255022369505,-11.1015348227402));
#2387=CARTESIAN_POINT('Ctrl Pts',(52.8004747185522,197.384589482421,-12.9075242578668));
#2388=CARTESIAN_POINT('Ctrl Pts',(52.9714837471185,198.762503015297,-13.4461035093173));
#2389=CARTESIAN_POINT('Ctrl Pts',(53.2080346527253,201.500660078359,-14.2601526625148));
#2390=CARTESIAN_POINT('Ctrl Pts',(53.28456253718,202.850692596526,-14.5145825798658));
#2391=CARTESIAN_POINT('Ctrl Pts',(53.3321835122864,204.164806794386,-14.5951580554588));
#2392=CARTESIAN_POINT('Ctrl Pts',(35.1074331711507,180.380158967529,-0.894820272980676));
#2393=CARTESIAN_POINT('Ctrl Pts',(36.1476008639526,180.427989504937,-1.83777428129634));
#2394=CARTESIAN_POINT('Ctrl Pts',(37.3122132305296,180.619640221149,-2.66805202969007));
#2395=CARTESIAN_POINT('Ctrl Pts',(39.7592430454691,181.310674284999,-4.23414612873123));
#2396=CARTESIAN_POINT('Ctrl Pts',(41.0220613218764,181.787994354797,-4.97993727589898));
#2397=CARTESIAN_POINT('Ctrl Pts',(44.7471922852385,183.575608672204,-7.19607423261152));
#2398=CARTESIAN_POINT('Ctrl Pts',(49.540973139009,186.940262960857,-10.1349934076117));
#2399=CARTESIAN_POINT('Ctrl Pts',(51.4808976088144,192.49315137547,-13.0230035494946));
#2400=CARTESIAN_POINT('Ctrl Pts',(52.3296033363049,196.762734700146,-14.7647800778368));
#2401=CARTESIAN_POINT('Ctrl Pts',(52.5173008563803,198.206353539214,-15.2741749854455));
#2402=CARTESIAN_POINT('Ctrl Pts',(52.763899953812,201.082530943428,-16.0389796299754));
#2403=CARTESIAN_POINT('Ctrl Pts',(52.8194542552689,202.506764475848,-16.2645581431494));
#2404=CARTESIAN_POINT('Ctrl Pts',(52.8753147792161,203.910419852537,-16.2700387100664));
#2405=CARTESIAN_POINT('Ctrl Pts',(32.3873803826406,177.97185418355,-5.54601659090977));
#2406=CARTESIAN_POINT('Ctrl Pts',(33.6329050822853,178.027829226022,-6.49940376544045));
#2407=CARTESIAN_POINT('Ctrl Pts',(34.9474689198891,178.219449944063,-7.42780378073173));
#2408=CARTESIAN_POINT('Ctrl Pts',(37.5988948118496,178.875623783702,-9.23472151274488));
#2409=CARTESIAN_POINT('Ctrl Pts',(38.9357568662063,179.3401769053,-10.1132392294668));
#2410=CARTESIAN_POINT('Ctrl Pts',(42.8061202656581,181.145696454054,-12.6741069616425));
#2411=CARTESIAN_POINT('Ctrl Pts',(47.5926774286111,184.651349676287,-15.8894361565704));
#2412=CARTESIAN_POINT('Ctrl Pts',(49.7788989056212,190.379847384982,-18.7079154407699));
#2413=CARTESIAN_POINT('Ctrl Pts',(50.7491744277703,194.984855505643,-20.3358352318569));
#2414=CARTESIAN_POINT('Ctrl Pts',(50.9610345042187,196.571297352387,-20.7974852168754));
#2415=CARTESIAN_POINT('Ctrl Pts',(51.2125803446826,199.75957068504,-21.5026184703017));
#2416=CARTESIAN_POINT('Ctrl Pts',(51.2522661086982,201.361402170949,-21.7461017387094));
#2417=CARTESIAN_POINT('Ctrl Pts',(51.2313426578825,202.927184156168,-21.85240823585));
#2418=CARTESIAN_POINT('Ctrl Pts',(28.6081386392778,174.950158386707,-12.6614439292428));
#2419=CARTESIAN_POINT('Ctrl Pts',(30.0555613567489,175.024168468493,-13.5004338098065));
#2420=CARTESIAN_POINT('Ctrl Pts',(31.5147684121268,175.239015073389,-14.3763475917254));
#2421=CARTESIAN_POINT('Ctrl Pts',(34.3779693814462,175.951173159104,-16.158813561881));
#2422=CARTESIAN_POINT('Ctrl Pts',(35.7819632953877,176.448484639924,-17.0653657501177));
#2423=CARTESIAN_POINT('Ctrl Pts',(39.792952599183,178.365304140831,-19.7661658297158));
#2424=CARTESIAN_POINT('Ctrl Pts',(44.6049585028322,182.054090297898,-23.3169486422145));
#2425=CARTESIAN_POINT('Ctrl Pts',(47.0844956609958,188.021599375309,-26.0758131918356));
#2426=CARTESIAN_POINT('Ctrl Pts',(48.1477481311644,192.824671157377,-27.7659459987931));
#2427=CARTESIAN_POINT('Ctrl Pts',(48.3694322214783,194.480268413735,-28.2661543335692));
#2428=CARTESIAN_POINT('Ctrl Pts',(48.5603794994719,197.812762730934,-29.1265580919222));
#2429=CARTESIAN_POINT('Ctrl Pts',(48.5296426871517,199.489659791775,-29.486753515499));
#2430=CARTESIAN_POINT('Ctrl Pts',(48.3792183719396,201.133283328098,-29.7701052954196));
#2431=CARTESIAN_POINT('Ctrl Pts',(24.0037947960668,175.003561027431,-19.776921302627));
#2432=CARTESIAN_POINT('Ctrl Pts',(25.4370793591553,175.148246678948,-20.3775669001378));
#2433=CARTESIAN_POINT('Ctrl Pts',(26.8665582848486,175.394161148944,-21.0900777011286));
#2434=CARTESIAN_POINT('Ctrl Pts',(29.6514995947031,176.113416809272,-22.6461620643878));
#2435=CARTESIAN_POINT('Ctrl Pts',(31.0069619788644,176.586757999604,-23.4897356266562));
#2436=CARTESIAN_POINT('Ctrl Pts',(34.8627164189384,178.385375276167,-26.078048986854));
#2437=CARTESIAN_POINT('Ctrl Pts',(39.4420351059438,181.793114859768,-29.6827139294978));
#2438=CARTESIAN_POINT('Ctrl Pts',(41.8354950589014,187.619526207095,-32.1118574659814));
#2439=CARTESIAN_POINT('Ctrl Pts',(42.8203795404284,192.231436599947,-33.7123316290463));
#2440=CARTESIAN_POINT('Ctrl Pts',(43.0136392870722,193.809090377956,-34.2089257685183));
#2441=CARTESIAN_POINT('Ctrl Pts',(43.1316697096421,196.934281889921,-35.1648923906985));
#2442=CARTESIAN_POINT('Ctrl Pts',(43.0564403855682,198.481819623875,-35.6242648734067));
#2443=CARTESIAN_POINT('Ctrl Pts',(42.8477570713086,199.958891000049,-36.0833129475673));
#2444=CARTESIAN_POINT('Ctrl Pts',(21.1101553441784,175.360575303904,-24.7523082107978));
#2445=CARTESIAN_POINT('Ctrl Pts',(22.4260953364135,175.538699548347,-25.1771730278655));
#2446=CARTESIAN_POINT('Ctrl Pts',(23.6944065995557,175.786952938481,-25.8009896183753));
#2447=CARTESIAN_POINT('Ctrl Pts',(26.1697964026361,176.508255364096,-27.2879876469736));
#2448=CARTESIAN_POINT('Ctrl Pts',(27.3774807702616,176.967401748875,-28.1253055792276));
#2449=CARTESIAN_POINT('Ctrl Pts',(30.8861258255178,178.670829153946,-30.7204573785109));
#2450=CARTESIAN_POINT('Ctrl Pts',(35.2893043811796,181.850936185671,-34.3931951028821));
#2451=CARTESIAN_POINT('Ctrl Pts',(37.6198311490936,187.588371857212,-36.5473866953941));
#2452=CARTESIAN_POINT('Ctrl Pts',(38.6850227846902,191.942142094224,-37.9101483811655));
#2453=CARTESIAN_POINT('Ctrl Pts',(38.9278542135472,193.403934618311,-38.3280165036879));
#2454=CARTESIAN_POINT('Ctrl Pts',(39.1460933228381,196.24984366076,-39.1719172186607));
#2455=CARTESIAN_POINT('Ctrl Pts',(39.0979487277297,197.617474519258,-39.6039568897186));
#2456=CARTESIAN_POINT('Ctrl Pts',(38.8780369522438,198.890836188911,-40.1275266478835));
#2457=CARTESIAN_POINT('Ctrl Pts',(20.2905255622315,175.498330624337,-26.2462669241343));
#2458=CARTESIAN_POINT('Ctrl Pts',(21.495974622562,175.690951094517,-26.7051711809578));
#2459=CARTESIAN_POINT('Ctrl Pts',(22.6893570228191,175.963955573804,-27.3172293133233));
#2460=CARTESIAN_POINT('Ctrl Pts',(25.0197535299455,176.685394185237,-28.7979818754531));
#2461=CARTESIAN_POINT('Ctrl Pts',(26.1558561710705,177.135493392341,-29.6412100727872));
#2462=CARTESIAN_POINT('Ctrl Pts',(29.5141100513382,178.811047200918,-32.2526761796972));
#2463=CARTESIAN_POINT('Ctrl Pts',(33.8583044434085,181.912468778389,-35.9527150286639));
#2464=CARTESIAN_POINT('Ctrl Pts',(36.1681242694516,187.623053828297,-38.0106457758322));
#2465=CARTESIAN_POINT('Ctrl Pts',(37.2848169377111,191.873736025565,-39.2715197821441));
#2466=CARTESIAN_POINT('Ctrl Pts',(37.5544357935855,193.285253992961,-39.644715441904));
#2467=CARTESIAN_POINT('Ctrl Pts',(37.8318938531649,196.017434651306,-40.4206378452947));
#2468=CARTESIAN_POINT('Ctrl Pts',(37.828800082074,197.32074650452,-40.8385813799991));
#2469=CARTESIAN_POINT('Ctrl Pts',(37.6840697863941,198.532851133731,-41.2975570970841));
#2470=CARTESIAN_POINT('Ctrl Pts',(18.9410994023696,175.811342388423,-28.905177172033));
#2471=CARTESIAN_POINT('Ctrl Pts',(19.8343858338276,176.036947507898,-29.5103391257598));
#2472=CARTESIAN_POINT('Ctrl Pts',(20.7770199062467,176.303870556301,-30.1870131421387));
#2473=CARTESIAN_POINT('Ctrl Pts',(22.7107110528154,177.005365387779,-31.7437569248573));
#2474=CARTESIAN_POINT('Ctrl Pts',(23.7038246203014,177.44040861623,-32.6203730495247));
#2475=CARTESIAN_POINT('Ctrl Pts',(26.7504385559709,179.051654592467,-35.3201227759047));
#2476=CARTESIAN_POINT('Ctrl Pts',(30.9919857587617,182.016292669809,-39.106192684086));
#2477=CARTESIAN_POINT('Ctrl Pts',(33.2849161158907,187.705357106015,-40.9746527909176));
#2478=CARTESIAN_POINT('Ctrl Pts',(34.5302949558479,191.778058825671,-41.9889263741987));
#2479=CARTESIAN_POINT('Ctrl Pts',(34.8663680811854,193.103276630973,-42.2625056524854));
#2480=CARTESIAN_POINT('Ctrl Pts',(35.3364789153291,195.585171298015,-42.7858624325809));
#2481=CARTESIAN_POINT('Ctrl Pts',(35.4682844158055,196.741144012489,-43.0389415232477));
#2482=CARTESIAN_POINT('Ctrl Pts',(35.554681202372,197.812947453768,-43.2815364270089));
#2483=CARTESIAN_POINT('Ctrl Pts',(18.4113030244545,175.986598832075,-30.0701287065953));
#2484=CARTESIAN_POINT('Ctrl Pts',(19.2339829706254,176.238262075449,-30.7494021411564));
#2485=CARTESIAN_POINT('Ctrl Pts',(19.8756833952344,176.45814432907,-31.5376743455031));
#2486=CARTESIAN_POINT('Ctrl Pts',(21.5579253935193,177.131841076964,-33.1569019130852));
#2487=CARTESIAN_POINT('Ctrl Pts',(22.4675617456094,177.581153040742,-34.0532486497405));
#2488=CARTESIAN_POINT('Ctrl Pts',(25.3587828347833,179.152043937042,-36.8553505709261));
#2489=CARTESIAN_POINT('Ctrl Pts',(29.556667011886,182.058583968511,-40.7001504137262));
#2490=CARTESIAN_POINT('Ctrl Pts',(31.8534148419719,187.752978412647,-42.4754007255649));
#2491=CARTESIAN_POINT('Ctrl Pts',(33.1855142128974,191.77509147817,-43.3278973680239));
#2492=CARTESIAN_POINT('Ctrl Pts',(33.5779378261788,193.050116233251,-43.5582722534152));
#2493=CARTESIAN_POINT('Ctrl Pts',(34.1657732763281,195.382715664558,-43.9034283646918));
#2494=CARTESIAN_POINT('Ctrl Pts',(34.4462489865111,196.384084515162,-43.9131499686479));
#2495=CARTESIAN_POINT('Ctrl Pts',(34.6192597841995,197.451028828986,-44.0954853077332));
#2496=CARTESIAN_POINT('Ctrl Pts',(17.8924090795613,176.149124131857,-31.3184801063109));
#2497=CARTESIAN_POINT('Ctrl Pts',(18.4520020829189,176.379047949787,-32.1148027316105));
#2498=CARTESIAN_POINT('Ctrl Pts',(19.0212962218176,176.586818441363,-32.8713627253317));
#2499=CARTESIAN_POINT('Ctrl Pts',(20.3994093746535,177.20760502975,-34.5380389181314));
#2500=CARTESIAN_POINT('Ctrl Pts',(21.2082283885908,177.62062112656,-35.44815511721));
#2501=CARTESIAN_POINT('Ctrl Pts',(23.9939727429607,179.167537824842,-38.408838022482));
#2502=CARTESIAN_POINT('Ctrl Pts',(28.1637858187553,182.03937515578,-42.3391864125714));
#2503=CARTESIAN_POINT('Ctrl Pts',(30.4886047501492,187.768472300447,-44.0288881771208));
#2504=CARTESIAN_POINT('Ctrl Pts',(31.9261808558788,191.814559563989,-44.7228038354934));
#2505=CARTESIAN_POINT('Ctrl Pts',(32.341212169163,193.022306038596,-44.8717315072828));
#2506=CARTESIAN_POINT('Ctrl Pts',(33.0429533518135,195.155900427995,-45.0048317555252));
#2507=CARTESIAN_POINT('Ctrl Pts',(33.3296632211798,196.081748342787,-44.9890043319783));
#2508=CARTESIAN_POINT('Ctrl Pts',(33.6569339654783,197.026310927464,-44.9601183738588));
#2509=CARTESIAN_POINT('',(29.6659808203309,186.068944049955,-43.3726824130205));
#2510=CARTESIAN_POINT('',(48.8675472755601,188.856189799674,1.41246679611874));
#2511=CARTESIAN_POINT('Ctrl Pts',(29.6659808203309,186.068944049955,-43.3726824130206));
#2512=CARTESIAN_POINT('Ctrl Pts',(32.4294254188013,185.355732627308,-39.5710741717091));
#2513=CARTESIAN_POINT('Ctrl Pts',(35.5136810098014,184.3631090263,-35.794598779753));
#2514=CARTESIAN_POINT('Ctrl Pts',(41.1239474415118,183.070703116393,-27.7076765187811));
#2515=CARTESIAN_POINT('Ctrl Pts',(42.7894528084257,183.001686075374,-24.5604161305339));
#2516=CARTESIAN_POINT('Ctrl Pts',(46.874520617104,183.930249456715,-14.2363552398878));
#2517=CARTESIAN_POINT('Ctrl Pts',(47.7354952191128,186.658881030113,-6.05111610085234));
#2518=CARTESIAN_POINT('Ctrl Pts',(48.8675472755601,188.856189799674,1.41246679611874));
#2519=CARTESIAN_POINT('Ctrl Pts',(38.8826598364227,183.832810646839,4.69736193805251));
#2520=CARTESIAN_POINT('Ctrl Pts',(39.8307770235785,184.196087321535,4.5541083569519));
#2521=CARTESIAN_POINT('Ctrl Pts',(40.7494673003484,184.528214060367,4.39163190031945));
#2522=CARTESIAN_POINT('Ctrl Pts',(42.7945135776746,185.396060353761,3.87377633609831));
#2523=CARTESIAN_POINT('Ctrl Pts',(43.920869578231,185.931779908322,3.5183972285096));
#2524=CARTESIAN_POINT('Ctrl Pts',(46.4270540997289,187.230550110208,2.59791219384661));
#2525=CARTESIAN_POINT('Ctrl Pts',(47.7057070646258,187.984046475831,2.03846585804377));
#2526=CARTESIAN_POINT('Ctrl Pts',(48.8675472755584,188.856189799672,1.41246679611969));
#2527=CARTESIAN_POINT('Ctrl Pts',(17.8924090795613,176.149124131857,-31.3184801063109));
#2528=CARTESIAN_POINT('Ctrl Pts',(18.4520020829189,176.379047949787,-32.1148027316105));
#2529=CARTESIAN_POINT('Ctrl Pts',(19.0212962218176,176.586818441363,-32.8713627253317));
#2530=CARTESIAN_POINT('Ctrl Pts',(20.3994093746535,177.20760502975,-34.5380389181314));
#2531=CARTESIAN_POINT('Ctrl Pts',(21.2082283885908,177.62062112656,-35.44815511721));
#2532=CARTESIAN_POINT('Ctrl Pts',(23.9939727429607,179.167537824842,-38.408838022482));
#2533=CARTESIAN_POINT('Ctrl Pts',(27.0327065634799,181.260377255753,-41.2730629559012));
#2534=CARTESIAN_POINT('Ctrl Pts',(29.0916184947505,184.870622970721,-42.9473466548517));
#2535=CARTESIAN_POINT('Ctrl Pts',(29.665980820332,186.068944049958,-43.3726824130214));
#2536=CARTESIAN_POINT('Ctrl Pts',(43.635704456589,224.046365424281,7.92306812813675));
#2537=CARTESIAN_POINT('Ctrl Pts',(44.775682678658,223.821658934907,7.99911932647282));
#2538=CARTESIAN_POINT('Ctrl Pts',(45.8329109828564,223.562651602302,8.00356429747549));
#2539=CARTESIAN_POINT('Ctrl Pts',(47.9909644082299,222.747589356764,7.67155473170516));
#2540=CARTESIAN_POINT('Ctrl Pts',(49.0917895294049,222.191534443831,7.33510019493215));
#2541=CARTESIAN_POINT('Ctrl Pts',(52.459660118395,220.077798334542,5.81438732294968));
#2542=CARTESIAN_POINT('Ctrl Pts',(56.1766503752975,216.244282072088,2.36664732266933));
#2543=CARTESIAN_POINT('Ctrl Pts',(56.2085323367612,212.176363302485,-1.94571770702121));
#2544=CARTESIAN_POINT('Ctrl Pts',(55.7617009582669,209.112574332886,-4.97309221776068));
#2545=CARTESIAN_POINT('Ctrl Pts',(55.5788682157986,208.162454815588,-5.88084097201633));
#2546=CARTESIAN_POINT('Ctrl Pts',(55.1454248315882,206.404502726125,-7.49358631521259));
#2547=CARTESIAN_POINT('Ctrl Pts',(54.8948141898462,205.596670153961,-8.19858290415322));
#2548=CARTESIAN_POINT('Ctrl Pts',(54.6471847223397,204.709997442447,-8.94427632949539));
#2549=CARTESIAN_POINT('Ctrl Pts',(43.6317630851807,223.757811770423,9.27178466650564));
#2550=CARTESIAN_POINT('Ctrl Pts',(45.0658432044461,223.418822318433,9.73305542568992));
#2551=CARTESIAN_POINT('Ctrl Pts',(46.2594310582254,223.130048662989,9.81712879400097));
#2552=CARTESIAN_POINT('Ctrl Pts',(48.763477842913,222.137355249867,9.77711173165028));
#2553=CARTESIAN_POINT('Ctrl Pts',(49.9509575126815,221.498528045532,9.48558274529964));
#2554=CARTESIAN_POINT('Ctrl Pts',(53.3492419983119,219.27881330115,8.09803865492536));
#2555=CARTESIAN_POINT('Ctrl Pts',(56.9935952439896,215.370414739279,4.59827858184969));
#2556=CARTESIAN_POINT('Ctrl Pts',(56.8098701530696,211.401062725617,0.0410802843532637));
#2557=CARTESIAN_POINT('Ctrl Pts',(56.1975104731186,208.454354480105,-3.25861301140124));
#2558=CARTESIAN_POINT('Ctrl Pts',(55.9505898063126,207.493717647587,-4.32797949062829));
#2559=CARTESIAN_POINT('Ctrl Pts',(55.3504014322229,205.676321191316,-6.38839547456373));
#2560=CARTESIAN_POINT('Ctrl Pts',(55.0346563149397,204.814534878387,-7.218836802071));
#2561=CARTESIAN_POINT('Ctrl Pts',(54.7084381618394,203.898787714535,-8.32009324341591));
#2562=CARTESIAN_POINT('Ctrl Pts',(43.6152867140938,223.437335202715,10.4947053369194));
#2563=CARTESIAN_POINT('Ctrl Pts',(45.1287007598739,223.06351442013,11.1282719842648));
#2564=CARTESIAN_POINT('Ctrl Pts',(46.564195554138,222.575050392249,11.494448427679));
#2565=CARTESIAN_POINT('Ctrl Pts',(49.2955314299986,221.398260923882,11.6698103139267));
#2566=CARTESIAN_POINT('Ctrl Pts',(50.5803788513635,220.706507361148,11.4702711819002));
#2567=CARTESIAN_POINT('Ctrl Pts',(54.0530951561773,218.320395343204,10.18545017846));
#2568=CARTESIAN_POINT('Ctrl Pts',(57.6651810045129,214.309975773306,6.64247922091081));
#2569=CARTESIAN_POINT('Ctrl Pts',(57.3134664788174,210.41251283827,1.85095741958012));
#2570=CARTESIAN_POINT('Ctrl Pts',(56.5627130027755,207.55713135691,-1.7402626224629));
#2571=CARTESIAN_POINT('Ctrl Pts',(56.2313005804665,206.61662348311,-2.93693241831807));
#2572=CARTESIAN_POINT('Ctrl Pts',(55.5137751778338,204.817855574676,-5.33889651025971));
#2573=CARTESIAN_POINT('Ctrl Pts',(55.1373230296902,203.963230265073,-6.53669028652839));
#2574=CARTESIAN_POINT('Ctrl Pts',(54.7711244303444,203.097296046998,-7.74183712987411));
#2575=CARTESIAN_POINT('Ctrl Pts',(43.3817748221911,222.479463309197,12.9682275965403));
#2576=CARTESIAN_POINT('Ctrl Pts',(45.1985813544076,221.918556583178,14.05106544937));
#2577=CARTESIAN_POINT('Ctrl Pts',(46.863845034016,221.243671798186,14.6681059916264));
#2578=CARTESIAN_POINT('Ctrl Pts',(49.9577453477425,219.745494883351,15.1835727145841));
#2579=CARTESIAN_POINT('Ctrl Pts',(51.3574703813804,218.916804931102,15.0808144829592));
#2580=CARTESIAN_POINT('Ctrl Pts',(55.0549253486176,216.199716023635,13.9728552580775));
#2581=CARTESIAN_POINT('Ctrl Pts',(58.6469449484636,211.96088001176,10.3630842115493));
#2582=CARTESIAN_POINT('Ctrl Pts',(58.0388007464644,208.174792716911,5.13971934245078));
#2583=CARTESIAN_POINT('Ctrl Pts',(57.0264522869356,205.439355596881,1.00608114190008));
#2584=CARTESIAN_POINT('Ctrl Pts',(56.5962960824211,204.544897948722,-0.407817349737949));
#2585=CARTESIAN_POINT('Ctrl Pts',(55.6761071744732,202.815644774499,-3.35056829167446));
#2586=CARTESIAN_POINT('Ctrl Pts',(55.2026732679655,202.00099606056,-4.86989334963655));
#2587=CARTESIAN_POINT('Ctrl Pts',(54.7363163721842,201.210761362606,-6.45991625305304));
#2588=CARTESIAN_POINT('Ctrl Pts',(43.1647393013753,221.842067983388,14.2188291857476));
#2589=CARTESIAN_POINT('Ctrl Pts',(45.067215108709,221.193379776698,15.4246112204113));
#2590=CARTESIAN_POINT('Ctrl Pts',(46.8481565306108,220.464390582506,16.1474298574044));
#2591=CARTESIAN_POINT('Ctrl Pts',(50.0834875575999,218.828191741525,16.7700020245569));
#2592=CARTESIAN_POINT('Ctrl Pts',(51.5332714413802,217.922752875171,16.6982927324493));
#2593=CARTESIAN_POINT('Ctrl Pts',(55.3529023831926,215.037454662012,15.6728488141604));
#2594=CARTESIAN_POINT('Ctrl Pts',(58.957123131891,210.672223216187,12.0394885631268));
#2595=CARTESIAN_POINT('Ctrl Pts',(58.2605386883635,206.925622482899,6.61860413009457));
#2596=CARTESIAN_POINT('Ctrl Pts',(57.1386238467164,204.241613662699,2.23830064363463));
#2597=CARTESIAN_POINT('Ctrl Pts',(56.6713380664455,203.370532165467,0.726612747659797));
#2598=CARTESIAN_POINT('Ctrl Pts',(55.6697189357924,201.674007622714,-2.41504702235578));
#2599=CARTESIAN_POINT('Ctrl Pts',(55.1273519530628,200.874666215457,-4.04550634294316));
#2600=CARTESIAN_POINT('Ctrl Pts',(54.638822045519,200.125718345751,-5.75625148977376));
#2601=CARTESIAN_POINT('Ctrl Pts',(42.2127940143349,219.454503868807,18.0121553315596));
#2602=CARTESIAN_POINT('Ctrl Pts',(44.360461118917,218.697444494691,19.3354334594523));
#2603=CARTESIAN_POINT('Ctrl Pts',(46.3407574916588,217.79955436626,20.1691261000034));
#2604=CARTESIAN_POINT('Ctrl Pts',(49.9090681570886,215.826615769542,21.0314184561109));
#2605=CARTESIAN_POINT('Ctrl Pts',(51.4970824497766,214.751567301256,21.0600181716674));
#2606=CARTESIAN_POINT('Ctrl Pts',(55.5863912832002,211.417439139777,20.1992950053773));
#2607=CARTESIAN_POINT('Ctrl Pts',(59.2395122753909,206.681314240154,16.5276046157658));
#2608=CARTESIAN_POINT('Ctrl Pts',(58.3734018341969,203.035998672301,10.5930440187196));
#2609=CARTESIAN_POINT('Ctrl Pts',(57.0366463837913,200.484373946578,5.62710145809456));
#2610=CARTESIAN_POINT('Ctrl Pts',(56.4765324637377,199.664226029698,3.88595025241279));
#2611=CARTESIAN_POINT('Ctrl Pts',(55.2951702784622,198.046935587785,0.287566172593713));
#2612=CARTESIAN_POINT('Ctrl Pts',(54.6739220132402,197.249793062753,-1.5696667015436));
#2613=CARTESIAN_POINT('Ctrl Pts',(54.106068172768,196.445262271206,-3.45714422532974));
#2614=CARTESIAN_POINT('Ctrl Pts',(40.0302698676472,215.225141750635,22.1614926111844));
#2615=CARTESIAN_POINT('Ctrl Pts',(42.3323190288722,214.383136350024,23.5331759011441));
#2616=CARTESIAN_POINT('Ctrl Pts',(44.4366693630927,213.37445922672,24.4213201441762));
#2617=CARTESIAN_POINT('Ctrl Pts',(48.205452876184,211.15873701622,25.3856497025441));
#2618=CARTESIAN_POINT('Ctrl Pts',(49.8698860550548,209.951691929022,25.46183501788));
#2619=CARTESIAN_POINT('Ctrl Pts',(54.1365306066315,206.235467943823,24.7051313215819));
#2620=CARTESIAN_POINT('Ctrl Pts',(57.8876433819722,201.026932700609,21.0688340137024));
#2621=CARTESIAN_POINT('Ctrl Pts',(57.0509508823376,197.470865302007,14.6597252720695));
#2622=CARTESIAN_POINT('Ctrl Pts',(55.6785753729505,195.016567985899,9.31772235704896));
#2623=CARTESIAN_POINT('Ctrl Pts',(55.0969741807112,194.23392775267,7.44785949224283));
#2624=CARTESIAN_POINT('Ctrl Pts',(53.8480815585881,192.671744662347,3.61384879784227));
#2625=CARTESIAN_POINT('Ctrl Pts',(53.1807901287042,191.892201805252,1.64970096824783));
#2626=CARTESIAN_POINT('Ctrl Pts',(52.5519511502859,191.08029745215,-0.319536599668946));
#2627=CARTESIAN_POINT('Ctrl Pts',(35.7181620071463,210.853569393202,23.6322054861984));
#2628=CARTESIAN_POINT('Ctrl Pts',(37.8658291117284,210.096510019087,24.9554836140911));
#2629=CARTESIAN_POINT('Ctrl Pts',(39.806279931739,209.145851852712,25.8236561150163));
#2630=CARTESIAN_POINT('Ctrl Pts',(43.2550539389752,207.014609142163,26.789388052246));
#2631=CARTESIAN_POINT('Ctrl Pts',(44.7633771262008,205.83402459799,26.8869474885505));
#2632=CARTESIAN_POINT('Ctrl Pts',(48.6136126432372,202.183288208849,26.2331034845048));
#2633=CARTESIAN_POINT('Ctrl Pts',(51.9479692135782,197.025019005676,22.8372519778856));
#2634=CARTESIAN_POINT('Ctrl Pts',(51.4006231942338,193.801847741373,16.626852497847));
#2635=CARTESIAN_POINT('Ctrl Pts',(50.3029410602155,191.566831243312,11.4540307749777));
#2636=CARTESIAN_POINT('Ctrl Pts',(49.8225182456244,190.852219402319,9.64391984854781));
#2637=CARTESIAN_POINT('Ctrl Pts',(48.7606927185424,189.393233074237,5.94209618760657));
#2638=CARTESIAN_POINT('Ctrl Pts',(48.1792900060516,188.648858587148,4.05038345309522));
#2639=CARTESIAN_POINT('Ctrl Pts',(47.6114361655794,187.844327795602,2.16290592930909));
#2640=CARTESIAN_POINT('Ctrl Pts',(32.4467868340873,207.648129545959,23.4934779040309));
#2641=CARTESIAN_POINT('Ctrl Pts',(34.349262641421,206.999441339269,24.6992599386947));
#2642=CARTESIAN_POINT('Ctrl Pts',(36.0216861950642,206.126740373065,25.5159831820784));
#2643=CARTESIAN_POINT('Ctrl Pts',(38.9545267909593,204.089949108301,26.4003117339138));
#2644=CARTESIAN_POINT('Ctrl Pts',(40.2257294269517,202.948012529821,26.4831355343872));
#2645=CARTESIAN_POINT('Ctrl Pts',(43.5394848216286,199.392776061669,25.8954448165505));
#2646=CARTESIAN_POINT('Ctrl Pts',(46.5913382961143,194.296036698734,22.7400688118022));
#2647=CARTESIAN_POINT('Ctrl Pts',(46.4471211267995,191.280943882556,16.8412001324847));
#2648=CARTESIAN_POINT('Ctrl Pts',(45.8310818322879,189.26687331735,12.0231434455725));
#2649=CARTESIAN_POINT('Ctrl Pts',(45.5423772998049,188.632289532243,10.3569224570166));
#2650=CARTESIAN_POINT('Ctrl Pts',(44.8432486002458,187.336357413273,6.95350630231829));
#2651=CARTESIAN_POINT('Ctrl Pts',(44.4093994857748,186.680727778029,5.2291423753402));
#2652=CARTESIAN_POINT('Ctrl Pts',(43.920869578231,185.931779908322,3.5183972285096));
#2653=CARTESIAN_POINT('Ctrl Pts',(31.4399720276816,206.664762300352,23.3019201856916));
#2654=CARTESIAN_POINT('Ctrl Pts',(33.1785689217481,206.000281426891,24.4524357896999));
#2655=CARTESIAN_POINT('Ctrl Pts',(34.708188005646,205.145760554992,25.1868547192545));
#2656=CARTESIAN_POINT('Ctrl Pts',(37.4230630841025,203.145635075627,26.030306281035));
#2657=CARTESIAN_POINT('Ctrl Pts',(38.5994125704693,202.021125676887,26.1208433396735));
#2658=CARTESIAN_POINT('Ctrl Pts',(41.6927856562486,198.50404245495,25.535618962208));
#2659=CARTESIAN_POINT('Ctrl Pts',(44.6554821084315,193.43178475713,22.4704249832376));
#2660=CARTESIAN_POINT('Ctrl Pts',(44.6766610540953,190.479119148227,16.7024830465813));
#2661=CARTESIAN_POINT('Ctrl Pts',(44.2683944760245,188.543676342666,12.0461099986144));
#2662=CARTESIAN_POINT('Ctrl Pts',(44.0616138187811,187.945038140998,10.4389162167129));
#2663=CARTESIAN_POINT('Ctrl Pts',(43.5204501461032,186.717733531305,7.1681804359536));
#2664=CARTESIAN_POINT('Ctrl Pts',(43.182660835306,186.082720904274,5.53147699069341));
#2665=CARTESIAN_POINT('Ctrl Pts',(42.7945135776746,185.396060353761,3.87377633609831));
#2666=CARTESIAN_POINT('Ctrl Pts',(29.5936295840978,204.868253216083,22.6281743671129));
#2667=CARTESIAN_POINT('Ctrl Pts',(30.8386108787802,204.138943084642,23.4940260034535));
#2668=CARTESIAN_POINT('Ctrl Pts',(32.0047365450556,203.293749650535,24.0932977181212));
#2669=CARTESIAN_POINT('Ctrl Pts',(34.1529945996527,201.34478184638,24.7732188458981));
#2670=CARTESIAN_POINT('Ctrl Pts',(35.1286921280811,200.243616638868,24.8411987821856));
#2671=CARTESIAN_POINT('Ctrl Pts',(37.7879837313838,196.780274602228,24.2602648680299));
#2672=CARTESIAN_POINT('Ctrl Pts',(40.6195699171678,191.736228115761,21.3926897211076));
#2673=CARTESIAN_POINT('Ctrl Pts',(41.0483550540239,188.872392097293,15.9257721091501));
#2674=CARTESIAN_POINT('Ctrl Pts',(41.1110262794931,187.094240634631,11.6306649778224));
#2675=CARTESIAN_POINT('Ctrl Pts',(41.0887637501207,186.563144405608,10.1664761136533));
#2676=CARTESIAN_POINT('Ctrl Pts',(40.9543161687514,185.536554832962,7.25995278018254));
#2677=CARTESIAN_POINT('Ctrl Pts',(40.8472331485965,185.038658929585,5.82906373266028));
#2678=CARTESIAN_POINT('Ctrl Pts',(40.7494673003484,184.528214060367,4.39163190031945));
#2679=CARTESIAN_POINT('Ctrl Pts',(28.7541019469198,204.055111377422,22.1459862668734));
#2680=CARTESIAN_POINT('Ctrl Pts',(29.8535771885604,203.27299987872,22.8968032531814));
#2681=CARTESIAN_POINT('Ctrl Pts',(30.6255324762475,202.425852158399,23.3457311914889));
#2682=CARTESIAN_POINT('Ctrl Pts',(32.430652383401,200.507559839864,23.9105219306917));
#2683=CARTESIAN_POINT('Ctrl Pts',(33.2791041213653,199.419753074621,23.9123666071528));
#2684=CARTESIAN_POINT('Ctrl Pts',(35.729880971899,195.945240356223,23.3447366281943));
#2685=CARTESIAN_POINT('Ctrl Pts',(38.5195139135869,190.904923415997,20.5845982875422));
#2686=CARTESIAN_POINT('Ctrl Pts',(39.1905091266567,188.067489780689,15.2877782576222));
#2687=CARTESIAN_POINT('Ctrl Pts',(39.5256570818024,186.375579509194,11.1681708504519));
#2688=CARTESIAN_POINT('Ctrl Pts',(39.6177643468006,185.863922237584,9.80543070841308));
#2689=CARTESIAN_POINT('Ctrl Pts',(39.7165028502449,184.972124686726,7.14020692292414));
#2690=CARTESIAN_POINT('Ctrl Pts',(39.822390299054,184.668712438675,5.94491102542045));
#2691=CARTESIAN_POINT('Ctrl Pts',(39.8307770235785,184.196087321535,4.5541083569519));
#2692=CARTESIAN_POINT('Ctrl Pts',(27.8711795706721,203.169178628674,21.5647063956847));
#2693=CARTESIAN_POINT('Ctrl Pts',(28.567725918913,202.357228937996,22.0244759276108));
#2694=CARTESIAN_POINT('Ctrl Pts',(29.219329182854,201.561046536956,22.3799235524514));
#2695=CARTESIAN_POINT('Ctrl Pts',(30.5974201840672,199.71306884737,22.722844904655));
#2696=CARTESIAN_POINT('Ctrl Pts',(31.3239079213395,198.661273558824,22.7103186320179));
#2697=CARTESIAN_POINT('Ctrl Pts',(33.6156978431531,195.122468361924,22.1207789678899));
#2698=CARTESIAN_POINT('Ctrl Pts',(36.4055706426357,190.061157130697,19.4753086888461));
#2699=CARTESIAN_POINT('Ctrl Pts',(37.3645700615193,187.221033329867,14.360673937919));
#2700=CARTESIAN_POINT('Ctrl Pts',(37.9938193502014,185.582313447879,10.402126219325));
#2701=CARTESIAN_POINT('Ctrl Pts',(38.1853239916359,185.127934306194,9.17044920093346));
#2702=CARTESIAN_POINT('Ctrl Pts',(38.5318430315858,184.40289766078,6.88277293976332));
#2703=CARTESIAN_POINT('Ctrl Pts',(38.6868574301012,184.132240157051,5.8267736969847));
#2704=CARTESIAN_POINT('Ctrl Pts',(38.8826598364227,183.832810646839,4.69736193805251));
#2705=CARTESIAN_POINT('Ctrl Pts',(48.8675472755601,188.856189799674,1.41246679611875));
#2706=CARTESIAN_POINT('Ctrl Pts',(49.7188921214752,190.508646932891,7.02535605788809));
#2707=CARTESIAN_POINT('Ctrl Pts',(50.766943226391,191.943223298798,12.5123761907106));
#2708=CARTESIAN_POINT('Ctrl Pts',(50.568193610316,194.625188861838,18.4801835588187));
#2709=CARTESIAN_POINT('Ctrl Pts',(50.36357529936,195.433611227552,19.9913738060405));
#2710=CARTESIAN_POINT('Ctrl Pts',(49.3881176333498,197.431875506591,22.7930260773516));
#2711=CARTESIAN_POINT('Ctrl Pts',(48.6453527401722,198.491500993962,23.8303634365685));
#2712=CARTESIAN_POINT('Ctrl Pts',(47.7663919904107,199.583165985291,24.6729584652725));
#2713=CARTESIAN_POINT('Ctrl Pts',(47.6658708081643,199.705776134162,24.7640142619536));
#2714=CARTESIAN_POINT('Ctrl Pts',(47.5632651372789,199.8287637584,24.8518216774333));
#2715=CARTESIAN_POINT('Origin',(26.939546221234,199.483364274255,-16.9673075564231));
#2716=CARTESIAN_POINT('Ctrl Pts',(5.28916491291319,200.460800103345,-57.689022868502));
#2717=CARTESIAN_POINT('Ctrl Pts',(5.89804050022396,199.575957574944,-58.5778606814709));
#2718=CARTESIAN_POINT('Ctrl Pts',(6.63197207883527,198.6512275527,-59.3127212918083));
#2719=CARTESIAN_POINT('Ctrl Pts',(8.53346433250387,196.544426378005,-60.5309312983663));
#2720=CARTESIAN_POINT('Ctrl Pts',(9.72280510883027,195.390441352559,-60.9043482758268));
#2721=CARTESIAN_POINT('Ctrl Pts',(12.2378699003812,193.240801393665,-61.0044186703065));
#2722=CARTESIAN_POINT('Ctrl Pts',(13.5280231005435,192.263549987888,-60.7581243223801));
#2723=CARTESIAN_POINT('Ctrl Pts',(15.9886284373377,190.636609322208,-59.7263639532096));
#2724=CARTESIAN_POINT('Ctrl Pts',(17.2905838953825,189.884134823705,-58.9233273828283));
#2725=CARTESIAN_POINT('Ctrl Pts',(22.4806832448097,187.546665196037,-54.1510879849452));
#2726=CARTESIAN_POINT('Ctrl Pts',(25.8433001437612,187.05553141457,-48.6314577733058));
#2727=CARTESIAN_POINT('Ctrl Pts',(29.6659808203309,186.068944049955,-43.3726824130206));
#2728=CARTESIAN_POINT('Ctrl Pts',(-5.26851663436563,189.745262623197,-37.2761125564219));
#2729=CARTESIAN_POINT('Ctrl Pts',(-5.12521458929989,188.722135018556,-37.7788692317446));
#2730=CARTESIAN_POINT('Ctrl Pts',(-4.9187245192106,187.756373082513,-38.1973273096831));
#2731=CARTESIAN_POINT('Ctrl Pts',(-4.10970893205921,185.707570367327,-38.8193828056732));
#2732=CARTESIAN_POINT('Ctrl Pts',(-3.50718341499711,184.624529588185,-39.0229802237247));
#2733=CARTESIAN_POINT('Ctrl Pts',(-1.10555369335156,181.199488986108,-39.3114814880485));
#2734=CARTESIAN_POINT('Ctrl Pts',(3.55955939923189,177.024169603492,-38.4339665766099));
#2735=CARTESIAN_POINT('Ctrl Pts',(8.67470630694985,176.147694306951,-35.7405107556288));
#2736=CARTESIAN_POINT('Ctrl Pts',(12.4862609236643,175.950644490146,-33.8151942921798));
#2737=CARTESIAN_POINT('Ctrl Pts',(13.6624776774058,175.934187994457,-33.2387225385067));
#2738=CARTESIAN_POINT('Ctrl Pts',(15.826308281229,175.999728556239,-32.2163798327803));
#2739=CARTESIAN_POINT('Ctrl Pts',(16.8139221313106,176.081725613709,-31.770508880727));
#2740=CARTESIAN_POINT('Ctrl Pts',(17.8924090795613,176.149124131857,-31.3184801063109));
#2741=CARTESIAN_POINT('Ctrl Pts',(-5.43299891942414,190.186542286389,-38.5857303816312));
#2742=CARTESIAN_POINT('Ctrl Pts',(-5.31924633973987,189.016999117339,-39.5669585004652));
#2743=CARTESIAN_POINT('Ctrl Pts',(-5.11469769685617,187.950947785182,-40.1087464499337));
#2744=CARTESIAN_POINT('Ctrl Pts',(-4.24141429819302,185.684997421446,-41.1528593737593));
#2745=CARTESIAN_POINT('Ctrl Pts',(-3.57562277896691,184.543235613059,-41.4446730541379));
#2746=CARTESIAN_POINT('Ctrl Pts',(-1.11179436034443,181.144513467616,-41.8812303801061));
#2747=CARTESIAN_POINT('Ctrl Pts',(3.65178249863406,177.036822722959,-40.9329505446757));
#2748=CARTESIAN_POINT('Ctrl Pts',(8.7557413032363,176.293824463072,-37.9016298342478));
#2749=CARTESIAN_POINT('Ctrl Pts',(12.546007690136,176.164724474609,-35.636712084105));
#2750=CARTESIAN_POINT('Ctrl Pts',(13.7835631866135,176.161909192828,-34.8970187896835));
#2751=CARTESIAN_POINT('Ctrl Pts',(16.1484824056296,176.248205207921,-33.4465269063184));
#2752=CARTESIAN_POINT('Ctrl Pts',(17.2283147689069,176.355773072192,-32.8873497012172));
#2753=CARTESIAN_POINT('Ctrl Pts',(18.4520020829189,176.379047949787,-32.1148027316105));
#2754=CARTESIAN_POINT('Ctrl Pts',(-5.52178778979275,190.601806276102,-39.7852346419141));
#2755=CARTESIAN_POINT('Ctrl Pts',(-5.43312030462632,189.412921260297,-40.9589744379068));
#2756=CARTESIAN_POINT('Ctrl Pts',(-5.1380668021992,188.224537222091,-41.8915490266562));
#2757=CARTESIAN_POINT('Ctrl Pts',(-4.16328058692653,185.827850159026,-43.2529035923172));
#2758=CARTESIAN_POINT('Ctrl Pts',(-3.47715265504387,184.627394878117,-43.6715092398146));
#2759=CARTESIAN_POINT('Ctrl Pts',(-0.884235209484547,181.207737989026,-44.2622905105201));
#2760=CARTESIAN_POINT('Ctrl Pts',(3.99841111769152,177.132752679929,-43.2765704133625));
#2761=CARTESIAN_POINT('Ctrl Pts',(9.11090237826371,176.481819968928,-39.9442811337395));
#2762=CARTESIAN_POINT('Ctrl Pts',(12.9069071697355,176.392505935613,-37.3404804841412));
#2763=CARTESIAN_POINT('Ctrl Pts',(14.1658481578999,176.42921550783,-36.4551163192949));
#2764=CARTESIAN_POINT('Ctrl Pts',(16.6208268147957,176.519338954564,-34.6602321371723));
#2765=CARTESIAN_POINT('Ctrl Pts',(17.810713714284,176.565856901909,-33.7591472966444));
#2766=CARTESIAN_POINT('Ctrl Pts',(19.0212962218176,176.586818441363,-32.8713627253317));
#2767=CARTESIAN_POINT('Ctrl Pts',(-5.39489919965376,191.653972832582,-42.2376640098469));
#2768=CARTESIAN_POINT('Ctrl Pts',(-5.28275572368615,190.332351096502,-43.972397021394));
#2769=CARTESIAN_POINT('Ctrl Pts',(-4.89574013415679,189.020453490576,-45.258361581959));
#2770=CARTESIAN_POINT('Ctrl Pts',(-3.72852940306521,186.414742722771,-47.1302078150654));
#2771=CARTESIAN_POINT('Ctrl Pts',(-2.94205402286177,185.148205623081,-47.7075757919633));
#2772=CARTESIAN_POINT('Ctrl Pts',(-0.0855873402884466,181.603542619856,
-48.6087816556836));
#2773=CARTESIAN_POINT('Ctrl Pts',(5.04847634837732,177.557187404475,-47.5946612953818));
#2774=CARTESIAN_POINT('Ctrl Pts',(10.1941708987731,177.025693669157,-43.7352543262545));
#2775=CARTESIAN_POINT('Ctrl Pts',(14.0454663544282,177.018408459643,-40.5183444237913));
#2776=CARTESIAN_POINT('Ctrl Pts',(15.3279022634563,177.081202571801,-39.3923153437007));
#2777=CARTESIAN_POINT('Ctrl Pts',(17.885187507106,177.192180010587,-37.0343181339964));
#2778=CARTESIAN_POINT('Ctrl Pts',(19.1377176389592,177.226075771488,-35.8095210007602));
#2779=CARTESIAN_POINT('Ctrl Pts',(20.3994093746535,177.20760502975,-34.5380389181314));
#2780=CARTESIAN_POINT('Ctrl Pts',(-5.17922173914616,192.290875399349,-43.4905891174967));
#2781=CARTESIAN_POINT('Ctrl Pts',(-5.02460919637492,190.932707408771,-45.3904586971331));
#2782=CARTESIAN_POINT('Ctrl Pts',(-4.62144826540669,189.547963544556,-46.8241497243049));
#2783=CARTESIAN_POINT('Ctrl Pts',(-3.35738658825081,186.853017266466,-48.8755339631038));
#2784=CARTESIAN_POINT('Ctrl Pts',(-2.50676994479192,185.555356164426,-49.5170680527305));
#2785=CARTESIAN_POINT('Ctrl Pts',(0.485501378047726,181.936122729276,-50.5742126704331));
#2786=CARTESIAN_POINT('Ctrl Pts',(5.75191296000563,177.885692172052,-49.5691323087144));
#2787=CARTESIAN_POINT('Ctrl Pts',(10.9222783442551,177.381571863529,-45.4835762192778));
#2788=CARTESIAN_POINT('Ctrl Pts',(14.8003097194978,177.402913729769,-41.9932045322001));
#2789=CARTESIAN_POINT('Ctrl Pts',(16.0898959640878,177.471033437249,-40.7601054000083));
#2790=CARTESIAN_POINT('Ctrl Pts',(18.6764191678342,177.597177782012,-38.1902142752622));
#2791=CARTESIAN_POINT('Ctrl Pts',(19.9488950315722,177.660089212379,-36.8430615846796));
#2792=CARTESIAN_POINT('Ctrl Pts',(21.2082283885908,177.62062112656,-35.44815511721));
#2793=CARTESIAN_POINT('Ctrl Pts',(-4.07548986130908,194.53404096523,-47.3294957114967));
#2794=CARTESIAN_POINT('Ctrl Pts',(-3.86048668902178,192.987944687368,-49.4471825589461));
#2795=CARTESIAN_POINT('Ctrl Pts',(-3.33389715502734,191.462346041716,-51.0927837366883));
#2796=CARTESIAN_POINT('Ctrl Pts',(-1.82608360977487,188.553657304248,-53.5598656972171));
#2797=CARTESIAN_POINT('Ctrl Pts',(-0.844859598516816,187.170567212431,-54.3813464800038));
#2798=CARTESIAN_POINT('Ctrl Pts',(2.5279567819269,183.387329701858,-55.7896846526191));
#2799=CARTESIAN_POINT('Ctrl Pts',(8.16943021363721,179.319100394098,-54.8511910807867));
#2800=CARTESIAN_POINT('Ctrl Pts',(13.4030615558419,178.827258462988,-50.2009570163248));
#2801=CARTESIAN_POINT('Ctrl Pts',(17.3323515588078,178.874263277451,-46.0721090952141));
#2802=CARTESIAN_POINT('Ctrl Pts',(18.6427926425152,178.95924592607,-44.5889643927164));
#2803=CARTESIAN_POINT('Ctrl Pts',(21.2911981886803,179.113630143666,-41.5340725821283));
#2804=CARTESIAN_POINT('Ctrl Pts',(22.629162651138,179.183031712642,-39.9623254740379));
#2805=CARTESIAN_POINT('Ctrl Pts',(23.9939727429607,179.167537824842,-38.408838022482));
#2806=CARTESIAN_POINT('Ctrl Pts',(-1.27358728762967,198.192088992594,-51.6374081068252));
#2807=CARTESIAN_POINT('Ctrl Pts',(-0.993258297953701,196.51897042615,-53.8739983836274));
#2808=CARTESIAN_POINT('Ctrl Pts',(-0.378027663510712,194.899795598516,-55.6410146474552));
#2809=CARTESIAN_POINT('Ctrl Pts',(1.32998578561379,191.850021105815,-58.3345834493635));
#2810=CARTESIAN_POINT('Ctrl Pts',(2.42276860029526,190.419421440749,-59.261135987444));
#2811=CARTESIAN_POINT('Ctrl Pts',(6.12906865075403,186.531516716827,-60.9281244633671));
#2812=CARTESIAN_POINT('Ctrl Pts',(12.2120063351371,182.424695141668,-60.1836580624155));
#2813=CARTESIAN_POINT('Ctrl Pts',(17.5013348383332,181.762979305846,-55.083905060326));
#2814=CARTESIAN_POINT('Ctrl Pts',(21.4468421554927,181.728149420807,-50.5777088786601));
#2815=CARTESIAN_POINT('Ctrl Pts',(22.7584297511729,181.793448957765,-48.9620799130883));
#2816=CARTESIAN_POINT('Ctrl Pts',(25.4204609862389,181.939457418886,-45.6623366794666));
#2817=CARTESIAN_POINT('Ctrl Pts',(26.7709046256246,182.02016634305,-43.9782224114166));
#2818=CARTESIAN_POINT('Ctrl Pts',(28.1637858187553,182.03937515578,-42.3391864125714));
#2819=CARTESIAN_POINT('Ctrl Pts',(2.4191421458795,203.134975440835,-52.9495458661356));
#2820=CARTESIAN_POINT('Ctrl Pts',(2.63414531816679,201.588879162972,-55.0672327135849));
#2821=CARTESIAN_POINT('Ctrl Pts',(3.20058040489243,200.116048555264,-56.7473137517011));
#2822=CARTESIAN_POINT('Ctrl Pts',(4.82793060833852,197.365663931627,-59.3178352933522));
#2823=CARTESIAN_POINT('Ctrl Pts',(5.88884572505901,196.088109915697,-60.2082757968869));
#2824=CARTESIAN_POINT('Ctrl Pts',(9.50073542188994,192.621480632786,-61.8234931317466));
#2825=CARTESIAN_POINT('Ctrl Pts',(15.4609732754499,188.975395628575,-61.1608384429065));
#2826=CARTESIAN_POINT('Ctrl Pts',(20.3758401958049,188.061409393917,-56.2347654954522));
#2827=CARTESIAN_POINT('Ctrl Pts',(24.0660568823836,187.791805980717,-51.8990384120972));
#2828=CARTESIAN_POINT('Ctrl Pts',(25.2968068606286,187.771252553449,-50.3469339888514));
#2829=CARTESIAN_POINT('Ctrl Pts',(27.8256757486001,187.767332657214,-47.1886025971412));
#2830=CARTESIAN_POINT('Ctrl Pts',(29.1237946583266,187.783966188247,-45.5823756286767));
#2831=CARTESIAN_POINT('Ctrl Pts',(30.4886047501492,187.768472300447,-44.0288881771208));
#2832=CARTESIAN_POINT('Ctrl Pts',(5.53873072814182,206.484813836777,-52.7652378357801));
#2833=CARTESIAN_POINT('Ctrl Pts',(5.69334327091307,205.126645846199,-54.6651074154165));
#2834=CARTESIAN_POINT('Ctrl Pts',(6.20502207013985,203.885613753997,-56.1927030489789));
#2835=CARTESIAN_POINT('Ctrl Pts',(7.77157417838978,201.59125989969,-58.5058436724607));
#2836=CARTESIAN_POINT('Ctrl Pts',(8.80077206963663,200.530096509775,-59.3019108546684));
#2837=CARTESIAN_POINT('Ctrl Pts',(12.2989189396117,197.580801329619,-60.7968086728232));
#2838=CARTESIAN_POINT('Ctrl Pts',(18.1176977957823,194.261878689504,-60.2697125573898));
#2839=CARTESIAN_POINT('Ctrl Pts',(22.735695905819,193.026250463872,-55.7061722216679));
#2840=CARTESIAN_POINT('Ctrl Pts',(26.1078517339264,192.377654075118,-51.7780473341379));
#2841=CARTESIAN_POINT('Ctrl Pts',(27.2188567307284,192.209276070473,-50.3904151093651));
#2842=CARTESIAN_POINT('Ctrl Pts',(29.5028895033808,191.934827991453,-47.5587675999362));
#2843=CARTESIAN_POINT('Ctrl Pts',(30.6668474988602,191.854027649807,-46.1177103029629));
#2844=CARTESIAN_POINT('Ctrl Pts',(31.9261808558788,191.814559563989,-44.7228038354934));
#2845=CARTESIAN_POINT('Ctrl Pts',(6.54690359485576,207.468673841428,-52.5713565989982));
#2846=CARTESIAN_POINT('Ctrl Pts',(6.73725670897334,206.250626252788,-54.3737673617239));
#2847=CARTESIAN_POINT('Ctrl Pts',(7.25991689421318,205.11836473377,-55.7771103095871));
#2848=CARTESIAN_POINT('Ctrl Pts',(8.80615286057481,203.014602530495,-57.9769413815164));
#2849=CARTESIAN_POINT('Ctrl Pts',(9.81600378804934,202.043884877296,-58.7476046486776));
#2850=CARTESIAN_POINT('Ctrl Pts',(13.2765523520806,199.29921618854,-60.1715453598141));
#2851=CARTESIAN_POINT('Ctrl Pts',(19.0399391884094,196.086282659105,-59.7020020670701));
#2852=CARTESIAN_POINT('Ctrl Pts',(23.5563105911421,194.721367237841,-55.298018030385));
#2853=CARTESIAN_POINT('Ctrl Pts',(26.8035241653393,193.914087713858,-51.5583732805056));
#2854=CARTESIAN_POINT('Ctrl Pts',(27.8625845270963,193.681062379525,-50.2390489101516));
#2855=CARTESIAN_POINT('Ctrl Pts',(30.040844535476,193.290091253781,-47.5530668616244));
#2856=CARTESIAN_POINT('Ctrl Pts',(31.1577300716187,193.144350927775,-46.2108913410901));
#2857=CARTESIAN_POINT('Ctrl Pts',(32.341212169163,193.022306038596,-44.8717315072828));
#2858=CARTESIAN_POINT('Ctrl Pts',(8.49986934020321,209.170888262734,-51.9187036721077));
#2859=CARTESIAN_POINT('Ctrl Pts',(8.8569695764674,208.337492595785,-53.3247284570954));
#2860=CARTESIAN_POINT('Ctrl Pts',(9.4213922068832,207.505837963805,-54.4903983170985));
#2861=CARTESIAN_POINT('Ctrl Pts',(10.9792562434193,205.881329236527,-56.3563121242886));
#2862=CARTESIAN_POINT('Ctrl Pts',(11.9745340682385,205.090285600396,-57.0424368400999));
#2863=CARTESIAN_POINT('Ctrl Pts',(15.380876215309,202.747858730002,-58.33710520009));
#2864=CARTESIAN_POINT('Ctrl Pts',(21.0440222050366,199.706500337474,-58.0267809135593));
#2865=CARTESIAN_POINT('Ctrl Pts',(25.3760138030572,198.021940709905,-54.0190958233094));
#2866=CARTESIAN_POINT('Ctrl Pts',(28.3585938930179,196.855396657892,-50.7114080844265));
#2867=CARTESIAN_POINT('Ctrl Pts',(29.3083849882457,196.482694585332,-49.5585248512662));
#2868=CARTESIAN_POINT('Ctrl Pts',(31.1802858238781,195.800639696278,-47.2590814276145));
#2869=CARTESIAN_POINT('Ctrl Pts',(32.1008035953777,195.490428237397,-46.1249013158331));
#2870=CARTESIAN_POINT('Ctrl Pts',(33.0429533518135,195.155900427995,-45.0048317555252));
#2871=CARTESIAN_POINT('Ctrl Pts',(9.44466221883674,209.889242679389,-51.459931981999));
#2872=CARTESIAN_POINT('Ctrl Pts',(9.89301967614579,209.162821557051,-52.7307063279566));
#2873=CARTESIAN_POINT('Ctrl Pts',(10.5192008851218,208.655144289773,-53.6373488474215));
#2874=CARTESIAN_POINT('Ctrl Pts',(12.091411161319,207.314792831449,-55.2862695728007));
#2875=CARTESIAN_POINT('Ctrl Pts',(13.0962306123493,206.62201058397,-55.871456915991));
#2876=CARTESIAN_POINT('Ctrl Pts',(16.5075666660685,204.478086412543,-57.127928353375));
#2877=CARTESIAN_POINT('Ctrl Pts',(22.1258638290368,201.502314046241,-56.9192702503683));
#2878=CARTESIAN_POINT('Ctrl Pts',(26.3751023296492,199.627397407999,-53.1483278075167));
#2879=CARTESIAN_POINT('Ctrl Pts',(29.2178610814522,198.24349944552,-50.0634959459581));
#2880=CARTESIAN_POINT('Ctrl Pts',(30.1163886461256,197.79170460283,-49.0304289887249));
#2881=CARTESIAN_POINT('Ctrl Pts',(31.7823809876075,196.952401712512,-46.9751293038062));
#2882=CARTESIAN_POINT('Ctrl Pts',(32.4405807847925,196.501595511905,-46.0510975287087));
#2883=CARTESIAN_POINT('Ctrl Pts',(33.3296632211798,196.081748342787,-44.9890043319783));
#2884=CARTESIAN_POINT('Ctrl Pts',(10.4960082515513,210.622449418805,-50.9177508239698));
#2885=CARTESIAN_POINT('Ctrl Pts',(11.0827421704451,210.186565015467,-51.8042258328825));
#2886=CARTESIAN_POINT('Ctrl Pts',(11.6948572807918,209.757978147858,-52.5736865646591));
#2887=CARTESIAN_POINT('Ctrl Pts',(13.2838352921035,208.742090876721,-53.870672978623));
#2888=CARTESIAN_POINT('Ctrl Pts',(14.2606981930683,208.154790473192,-54.3981986608104));
#2889=CARTESIAN_POINT('Ctrl Pts',(17.7384085818903,206.154818958726,-55.6178731329887));
#2890=CARTESIAN_POINT('Ctrl Pts',(23.3306391318937,203.207294544882,-55.5426279427867));
#2891=CARTESIAN_POINT('Ctrl Pts',(27.5186685821917,201.103024279569,-52.0469024005691));
#2892=CARTESIAN_POINT('Ctrl Pts',(30.2541425317297,199.480905375153,-49.1904127292654));
#2893=CARTESIAN_POINT('Ctrl Pts',(31.0560219015685,198.968708503851,-48.2900127114564));
#2894=CARTESIAN_POINT('Ctrl Pts',(32.4398900812314,198.001333621584,-46.5927390877562));
#2895=CARTESIAN_POINT('Ctrl Pts',(33.0218788910555,197.54615561062,-45.795865481865));
#2896=CARTESIAN_POINT('Ctrl Pts',(33.6569339654783,197.026310927464,-44.9601183738588));
#2897=CARTESIAN_POINT('',(0.,0.,0.));
#2898=CARTESIAN_POINT('',(0.,0.,0.));
#2899=CARTESIAN_POINT('',(0.,0.,0.));
#2900=CARTESIAN_POINT('Origin',(0.,0.,0.));
#2901=UNCERTAINTY_MEASURE_WITH_UNIT(LENGTH_MEASURE(0.01),#2911,
'DISTANCE_ACCURACY_VALUE',
'Maximum model space distance between geometric entities at asserted c
onnectivities');
#2902=UNCERTAINTY_MEASURE_WITH_UNIT(LENGTH_MEASURE(0.01),#2911,
'DISTANCE_ACCURACY_VALUE',
'Maximum model space distance between geometric entities at asserted c
onnectivities');
#2903=UNCERTAINTY_MEASURE_WITH_UNIT(LENGTH_MEASURE(0.01),#2911,
'DISTANCE_ACCURACY_VALUE',
'Maximum model space distance between geometric entities at asserted c
onnectivities');
#2904=UNCERTAINTY_MEASURE_WITH_UNIT(LENGTH_MEASURE(0.01),#2911,
'DISTANCE_ACCURACY_VALUE',
'Maximum model space distance between geometric entities at asserted c
onnectivities');
#2905=UNCERTAINTY_MEASURE_WITH_UNIT(LENGTH_MEASURE(0.01),#2911,
'DISTANCE_ACCURACY_VALUE',
'Maximum model space distance between geometric entities at asserted c
onnectivities');
#2906=(
GEOMETRIC_REPRESENTATION_CONTEXT(3)
GLOBAL_UNCERTAINTY_ASSIGNED_CONTEXT((#2901))
GLOBAL_UNIT_ASSIGNED_CONTEXT((#2911,#2913,#2914))
REPRESENTATION_CONTEXT('','3D')
);
#2907=(
GEOMETRIC_REPRESENTATION_CONTEXT(3)
GLOBAL_UNCERTAINTY_ASSIGNED_CONTEXT((#2902))
GLOBAL_UNIT_ASSIGNED_CONTEXT((#2911,#2913,#2914))
REPRESENTATION_CONTEXT('','3D')
);
#2908=(
GEOMETRIC_REPRESENTATION_CONTEXT(3)
GLOBAL_UNCERTAINTY_ASSIGNED_CONTEXT((#2903))
GLOBAL_UNIT_ASSIGNED_CONTEXT((#2911,#2913,#2914))
REPRESENTATION_CONTEXT('','3D')
);
#2909=(
GEOMETRIC_REPRESENTATION_CONTEXT(3)
GLOBAL_UNCERTAINTY_ASSIGNED_CONTEXT((#2904))
GLOBAL_UNIT_ASSIGNED_CONTEXT((#2911,#2913,#2914))
REPRESENTATION_CONTEXT('','3D')
);
#2910=(
GEOMETRIC_REPRESENTATION_CONTEXT(3)
GLOBAL_UNCERTAINTY_ASSIGNED_CONTEXT((#2905))
GLOBAL_UNIT_ASSIGNED_CONTEXT((#2911,#2913,#2914))
REPRESENTATION_CONTEXT('','3D')
);
#2911=(
LENGTH_UNIT()
NAMED_UNIT(*)
SI_UNIT(.MILLI.,.METRE.)
);
#2912=(
LENGTH_UNIT()
NAMED_UNIT(*)
SI_UNIT($,.METRE.)
);
#2913=(
NAMED_UNIT(*)
PLANE_ANGLE_UNIT()
SI_UNIT($,.RADIAN.)
);
#2914=(
NAMED_UNIT(*)
SI_UNIT($,.STERADIAN.)
SOLID_ANGLE_UNIT()
);
#2915=SHAPE_DEFINITION_REPRESENTATION(#2919,#2926);
#2916=SHAPE_DEFINITION_REPRESENTATION(#2920,#2927);
#2917=SHAPE_DEFINITION_REPRESENTATION(#2921,#2928);
#2918=SHAPE_DEFINITION_REPRESENTATION(#2922,#2929);
#2919=PRODUCT_DEFINITION_SHAPE('',$,#2931);
#2920=PRODUCT_DEFINITION_SHAPE('',$,#2932);
#2921=PRODUCT_DEFINITION_SHAPE('',$,#2933);
#2922=PRODUCT_DEFINITION_SHAPE('',$,#2934);
#2923=PRODUCT_DEFINITION_SHAPE($,$,#24);
#2924=PRODUCT_DEFINITION_SHAPE($,$,#25);
#2925=PRODUCT_DEFINITION_SHAPE($,$,#26);
#2926=SHAPE_REPRESENTATION('',(#672,#743,#744,#745),#2906);
#2927=SHAPE_REPRESENTATION('',(#673),#2907);
#2928=SHAPE_REPRESENTATION('',(#731),#2908);
#2929=SHAPE_REPRESENTATION('',(#738),#2909);
#2930=PRODUCT_DEFINITION_CONTEXT('part definition',#2944,'design');
#2931=PRODUCT_DEFINITION('martini glass_kathzerrato',
'martini glass_kathzerrato v0',#2935,#2930);
#2932=PRODUCT_DEFINITION('martini glass','martini glass',#2936,#2930);
#2933=PRODUCT_DEFINITION('liquid','liquid',#2937,#2930);
#2934=PRODUCT_DEFINITION('lemon','lemon',#2938,#2930);
#2935=PRODUCT_DEFINITION_FORMATION('',$,#2946);
#2936=PRODUCT_DEFINITION_FORMATION('',$,#2947);
#2937=PRODUCT_DEFINITION_FORMATION('',$,#2948);
#2938=PRODUCT_DEFINITION_FORMATION('',$,#2949);
#2939=PRODUCT_RELATED_PRODUCT_CATEGORY('martini glass_kathzerrato v0',
'martini glass_kathzerrato v0',(#2946));
#2940=PRODUCT_RELATED_PRODUCT_CATEGORY('martini glass','martini glass',
(#2947));
#2941=PRODUCT_RELATED_PRODUCT_CATEGORY('liquid','liquid',(#2948));
#2942=PRODUCT_RELATED_PRODUCT_CATEGORY('lemon','lemon',(#2949));
#2943=APPLICATION_PROTOCOL_DEFINITION('international standard',
'automotive_design',2009,#2944);
#2944=APPLICATION_CONTEXT(
'Core Data for Automotive Mechanical Design Process');
#2945=PRODUCT_CONTEXT('part definition',#2944,'mechanical');
#2946=PRODUCT('martini glass_kathzerrato',
'martini glass_kathzerrato v0',$,(#2945));
#2947=PRODUCT('martini glass','martini glass',$,(#2945));
#2948=PRODUCT('liquid','liquid',$,(#2945));
#2949=PRODUCT('lemon','lemon',$,(#2945));
#2950=PRESENTATION_STYLE_ASSIGNMENT((#2955));
#2951=PRESENTATION_STYLE_ASSIGNMENT((#2956));
#2952=PRESENTATION_STYLE_ASSIGNMENT((#2957));
#2953=PRESENTATION_STYLE_ASSIGNMENT((#2958));
#2954=PRESENTATION_STYLE_ASSIGNMENT((NULL_STYLE(.NULL.)));
#2955=SURFACE_STYLE_USAGE(.BOTH.,#2959);
#2956=SURFACE_STYLE_USAGE(.BOTH.,#2960);
#2957=SURFACE_STYLE_USAGE(.BOTH.,#2961);
#2958=SURFACE_STYLE_USAGE(.BOTH.,#2962);
#2959=SURFACE_SIDE_STYLE('',(#2963));
#2960=SURFACE_SIDE_STYLE('',(#2964));
#2961=SURFACE_SIDE_STYLE('',(#2965));
#2962=SURFACE_SIDE_STYLE('',(#2966));
#2963=SURFACE_STYLE_FILL_AREA(#2967);
#2964=SURFACE_STYLE_FILL_AREA(#2968);
#2965=SURFACE_STYLE_FILL_AREA(#2969);
#2966=SURFACE_STYLE_FILL_AREA(#2970);
#2967=FILL_AREA_STYLE('Glass - Window',(#2971));
#2968=FILL_AREA_STYLE('Aluminum - Polished',(#2972));
#2969=FILL_AREA_STYLE('Water - Calm Sea',(#2973));
#2970=FILL_AREA_STYLE('Paint - Enamel Glossy (Green)',(#2974));
#2971=FILL_AREA_STYLE_COLOUR('Glass - Window',#2975);
#2972=FILL_AREA_STYLE_COLOUR('Aluminum - Polished',#2976);
#2973=FILL_AREA_STYLE_COLOUR('Water - Calm Sea',#2977);
#2974=FILL_AREA_STYLE_COLOUR('Paint - Enamel Glossy (Green)',#2978);
#2975=COLOUR_RGB('Glass - Window',0.423529411764706,0.768627450980392,0.854901960784314);
#2976=COLOUR_RGB('Aluminum - Polished',0.96078431372549,0.96078431372549,
0.964705882352941);
#2977=COLOUR_RGB('Water - Calm Sea',0.0274509803921569,0.141176470588235,
0.117647058823529);
#2978=COLOUR_RGB('Paint - Enamel Glossy (Green)',0.266666666666667,0.588235294117647,
0.282352941176471);
ENDSEC;
END-ISO-10303-21;
