solid exported
	facet normal -0.9588197214283656 0.2840153900760141 -3.2184502378399026e-8
		outer loop
			vertex -0.002221008064225316 -0.007497997488826513 0.018936078995466232
			vertex -0.0019855930004268885 -0.006703249644488096 0.019344057887792587
			vertex -0.002144544618204236 -0.007239861413836479 0.0176316499710083
		endloop
	endfacet
	facet normal -0.958819756430596 0.2840152719104601 8.093685727609714e-9
		outer loop
			vertex -0.0019855930004268885 -0.006703249644488096 0.019344057887792587
			vertex -0.0016869426472112536 -0.005695022642612457 0.018459782004356384
			vertex -0.002144544618204236 -0.007239861413836479 0.0176316499710083
		endloop
	endfacet
	facet normal -0.9588196664594449 0.28401557564751595 4.572038089538279e-7
		outer loop
			vertex -0.005203853826969862 -0.017567915841937065 -0.005478942766785622
			vertex -0.005270531866699457 -0.017793018370866776 -0.004585424438118935
			vertex -0.004844374023377895 -0.016354333609342575 -0.005371784791350365
		endloop
	endfacet
	facet normal -0.9588197894354834 0.2840151604875336 -3.6899697909879685e-7
		outer loop
			vertex -0.005270531866699457 -0.017793018370866776 -0.004585424438118935
			vertex -0.004958193749189377 -0.01673858053982258 -0.00360507913865149
			vertex -0.004844374023377895 -0.016354333609342575 -0.005371784791350365
		endloop
	endfacet
	facet normal -0.95881974236291 0.2840153194021728 6.699356922804554e-8
		outer loop
			vertex -0.0019855930004268885 -0.006703249644488096 0.019344057887792587
			vertex -0.001750177820213139 -0.005908501334488392 0.019752036780118942
			vertex -0.0016869426472112536 -0.005695022642612457 0.018459782004356384
		endloop
	endfacet
	facet normal -0.9588197307690387 0.2840153585424258 7.40268188936927e-8
		outer loop
			vertex -0.001750177820213139 -0.005908501334488392 0.019752036780118942
			vertex -0.0015057130949571729 -0.005083202384412289 0.02008761651813984
			vertex -0.0016869426472112536 -0.005695022642612457 0.018459782004356384
		endloop
	endfacet
	facet normal -0.9588197379813144 0.28401533419418845 8.398103857493034e-8
		outer loop
			vertex -0.0016869426472112536 -0.005695022642612457 0.018459782004356384
			vertex -0.0015057130949571729 -0.005083202384412289 0.02008761651813984
			vertex -0.0012104399502277374 -0.004086376633495092 0.019140763208270073
		endloop
	endfacet
	facet normal -0.958819734466708 0.28401534605926654 1.6384782509855287e-7
		outer loop
			vertex -0.0025793781969696283 -0.008707834407687187 0.016663221642374992
			vertex -0.0026702885515987873 -0.009014743380248547 0.017981303855776787
			vertex -0.002144544618204236 -0.007239861413836479 0.0176316499710083
		endloop
	endfacet
	facet normal -0.9588197611524872 0.284015255969422 -3.3358330474518006e-7
		outer loop
			vertex -0.0026702885515987873 -0.009014743380248547 0.017981303855776787
			vertex -0.0024456484243273735 -0.008256370201706886 0.018458690494298935
			vertex -0.002144544618204236 -0.007239861413836479 0.0176316499710083
		endloop
	endfacet
	facet normal -0.9588196891823183 0.2840154989368057 -8.751612742550106e-9
		outer loop
			vertex -0.002144544618204236 -0.007239861413836479 0.0176316499710083
			vertex -0.0024456484243273735 -0.008256370201706886 0.018458690494298935
			vertex -0.002221008064225316 -0.007497997488826513 0.018936078995466232
		endloop
	endfacet
	facet normal -0.9588197397242932 0.28401532830999526 6.611503887668177e-8
		outer loop
			vertex -0.0029879705980420113 -0.010087219066917896 0.015562226064503193
			vertex -0.0030947262421250343 -0.010447620414197445 0.016894709318876266
			vertex -0.0025793781969696283 -0.008707834407687187 0.016663221642374992
		endloop
	endfacet
	facet normal -0.9588197362379444 0.2840153400796734 1.6233357042072175e-7
		outer loop
			vertex -0.0030947262421250343 -0.010447620414197445 0.016894709318876266
			vertex -0.002882507396861911 -0.009731181897222996 0.017438005656003952
			vertex -0.0025793781969696283 -0.008707834407687187 0.016663221642374992
		endloop
	endfacet
	facet normal -0.9588197362380019 0.28401534007947954 1.6233329192344268e-7
		outer loop
			vertex -0.0025793781969696283 -0.008707834407687187 0.016663221642374992
			vertex -0.002882507396861911 -0.009731181897222996 0.017438005656003952
			vertex -0.0026702885515987873 -0.009014743380248547 0.017981303855776787
		endloop
	endfacet
	facet normal -0.958819652532835 0.2840156226632594 -1.219766548975691e-7
		outer loop
			vertex -0.005203853826969862 -0.017567915841937065 -0.005478942766785622
			vertex -0.004844374023377895 -0.016354333609342575 -0.005371784791350365
			vertex -0.005137175787240267 -0.017342815175652504 -0.006372461095452309
		endloop
	endfacet
	facet normal -0.9588197156616031 0.2840154095442556 1.0701689714532471e-7
		outer loop
			vertex -0.004844374023377895 -0.016354333609342575 -0.005371784791350365
			vertex -0.00468629552051425 -0.015820669010281563 -0.0070957522839307785
			vertex -0.005137175787240267 -0.017342815175652504 -0.006372461095452309
		endloop
	endfacet
	facet normal -0.9588197302265635 0.2840153603738009 -5.540360094496134e-9
		outer loop
			vertex -0.005137175787240267 -0.017342815175652504 -0.006372461095452309
			vertex -0.00468629552051425 -0.015820669010281563 -0.0070957522839307785
			vertex -0.005049033556133509 -0.01704525202512741 -0.007242621388286352
		endloop
	endfacet
	facet normal -0.9588197403188051 0.28401532630296383 0
		outer loop
			vertex -0.00024354021297767758 -0.0008221779717132449 0.02131253480911255
			vertex -0.00024354021297767758 -0.0008221779717132449 0.020025575533509254
			vertex -0.0005006728461012244 -0.001690243254415691 0.021128585562109947
		endloop
	endfacet
	facet normal -0.9588197326056102 0.28401535234227404 2.229094446076831e-8
		outer loop
			vertex -0.00024354021297767758 -0.0008221779717132449 0.020025575533509254
			vertex -0.0007251150091178715 -0.002447947161272168 0.019663771614432335
			vertex -0.0005006728461012244 -0.001690243254415691 0.021128585562109947
		endloop
	endfacet
	facet normal -0.9588197642610035 0.2840152454754387 -1.76152907873953e-8
		outer loop
			vertex -0.0015057130949571729 -0.005083202384412289 0.02008761651813984
			vertex -0.0012612483697012067 -0.004257902968674898 0.020423196256160736
			vertex -0.0012104399502277374 -0.004086376633495092 0.019140763208270073
		endloop
	endfacet
	facet normal -0.9588197085549754 0.2840154335358415 9.744926559633226e-9
		outer loop
			vertex -0.0012612483697012067 -0.004257902968674898 0.020423196256160736
			vertex -0.0010095268953591585 -0.0034081058111041784 0.02068391628563404
			vertex -0.0012104399502277374 -0.004086376633495092 0.019140763208270073
		endloop
	endfacet
	facet normal -0.9588197362748432 0.2840153399551464 5.448600855209828e-8
		outer loop
			vertex -0.0012104399502277374 -0.004086376633495092 0.019140763208270073
			vertex -0.0010095268953591585 -0.0034081058111041784 0.02068391628563404
			vertex -0.0007251150091178715 -0.002447947161272168 0.019663771614432335
		endloop
	endfacet
	facet normal -0.9588197479865045 0.28401530041724143 1.4007830983358476e-8
		outer loop
			vertex -0.0010095268953591585 -0.0034081058111041784 0.02068391628563404
			vertex -0.0007578054792247713 -0.002558308420702815 0.020944638177752495
			vertex -0.0007251150091178715 -0.002447947161272168 0.019663771614432335
		endloop
	endfacet
	facet normal -0.9588197310637373 0.2840153575475493 1.936216385514652e-8
		outer loop
			vertex -0.0007251150091178715 -0.002447947161272168 0.019663771614432335
			vertex -0.0007578054792247713 -0.002558308420702815 0.020944638177752495
			vertex -0.0005006728461012244 -0.001690243254415691 0.021128585562109947
		endloop
	endfacet
	facet normal -0.9588197272507727 0.2840153704198852 -9.665344217511759e-8
		outer loop
			vertex -0.005049033556133509 -0.01704525202512741 -0.007242621388286352
			vertex -0.00468629552051425 -0.015820669010281563 -0.0070957522839307785
			vertex -0.004960891790688038 -0.016747690737247467 -0.008112781681120396
		endloop
	endfacet
	facet normal -0.9588197657956941 0.2840152402944065 3.236292452042454e-8
		outer loop
			vertex -0.00468629552051425 -0.015820669010281563 -0.0070957522839307785
			vertex -0.004485215991735458 -0.015141835436224937 -0.008763265796005726
			vertex -0.004960891790688038 -0.016747690737247467 -0.008112781681120396
		endloop
	endfacet
	facet normal -0.958819726698558 0.28401537228388385 3.867967346937612e-7
		outer loop
			vertex -0.004960891790688038 -0.016747690737247467 -0.008112781681120396
			vertex -0.004485215991735458 -0.015141835436224937 -0.008763265796005726
			vertex -0.004851932171732187 -0.01637984812259674 -0.008953206241130829
		endloop
	endfacet
	facet normal -0.9588197128955468 0.2840154188823152 -6.604254832466153e-8
		outer loop
			vertex -0.004001553636044264 -0.01350901834666729 0.011674688197672367
			vertex -0.0042782374657690525 -0.01444308739155531 0.010147349908947945
			vertex -0.004485014826059341 -0.015141155570745468 0.01140268798917532
		endloop
	endfacet
	facet normal -0.9588197700297282 0.28401522600053236 7.584091437601659e-8
		outer loop
			vertex -0.004515167325735092 -0.01524294912815094 0.008539280854165554
			vertex -0.004742972552776337 -0.016012007370591164 0.009793629869818687
			vertex -0.0042782374657690525 -0.01444308739155531 0.010147349908947945
		endloop
	endfacet
	facet normal -0.9588197559241728 0.28401527362007506 -1.5390744430256964e-7
		outer loop
			vertex -0.004742972552776337 -0.016012007370591164 0.009793629869818687
			vertex -0.004613993689417839 -0.015576581470668316 0.01059815939515829
			vertex -0.0042782374657690525 -0.01444308739155531 0.010147349908947945
		endloop
	endfacet
	facet normal -0.9588197559241887 0.2840152736200215 -1.5390759090867188e-7
		outer loop
			vertex -0.0042782374657690525 -0.01444308739155531 0.010147349908947945
			vertex -0.004613993689417839 -0.015576581470668316 0.01059815939515829
			vertex -0.004485014826059341 -0.015141155570745468 0.01140268798917532
		endloop
	endfacet
	facet normal -0.9588197576915647 0.2840152676534899 -7.531130856702415e-8
		outer loop
			vertex -0.0033670722041279078 -0.01136704534292221 0.014337422326207161
			vertex -0.003491210052743554 -0.011786127462983131 0.015684260055422783
			vertex -0.0029879705980420113 -0.010087219066917896 0.015562226064503193
		endloop
	endfacet
	facet normal -0.9588197546085058 0.28401527806172383 8.230176961713256e-8
		outer loop
			vertex -0.003491210052743554 -0.011786127462983131 0.015684260055422783
			vertex -0.003292968263849616 -0.011116874404251575 0.0162894856184721
			vertex -0.0029879705980420113 -0.010087219066917896 0.015562226064503193
		endloop
	endfacet
	facet normal -0.9588197619721136 0.2840152532026017 4.401803605098775e-8
		outer loop
			vertex -0.0029879705980420113 -0.010087219066917896 0.015562226064503193
			vertex -0.003292968263849616 -0.011116874404251575 0.0162894856184721
			vertex -0.0030947262421250343 -0.010447620414197445 0.016894709318876266
		endloop
	endfacet
	facet normal -0.958819776003851 0.2840152058321899 -1.5518480503000202e-7
		outer loop
			vertex -0.004710457753390074 -0.015902239829301834 0.006863274145871401
			vertex -0.004960891790688038 -0.016747690737247467 0.008112781681120396
			vertex -0.004515167325735092 -0.01524294912815094 0.008539280854165554
		endloop
	endfacet
	facet normal -0.9588197625778133 0.2840152511576049 -3.2912969419459866e-7
		outer loop
			vertex -0.004960891790688038 -0.016747690737247467 0.008112781681120396
			vertex -0.004851932171732187 -0.01637984812259674 0.008953206241130829
			vertex -0.004515167325735092 -0.01524294912815094 0.008539280854165554
		endloop
	endfacet
	facet normal -0.958819708746364 0.28401543288964476 2.138172237257209e-7
		outer loop
			vertex -0.004515167325735092 -0.01524294912815094 0.008539280854165554
			vertex -0.004851932171732187 -0.01637984812259674 0.008953206241130829
			vertex -0.004742972552776337 -0.016012007370591164 0.009793629869818687
		endloop
	endfacet
	facet normal -0.958819702054186 0.28401545548205814 -2.030612344943085e-7
		outer loop
			vertex -0.004851932171732187 -0.01637984812259674 -0.008953206241130829
			vertex -0.004485215991735458 -0.015141835436224937 -0.008763265796005726
			vertex -0.004742972552776337 -0.016012007370591164 -0.009793629869818687
		endloop
	endfacet
	facet normal -0.958819775751528 0.28401520668405916 2.5491968650992145e-8
		outer loop
			vertex -0.004485215991735458 -0.015141835436224937 -0.008763265796005726
			vertex -0.004242734983563423 -0.01432323269546032 -0.01036105863749981
			vertex -0.004742972552776337 -0.016012007370591164 -0.009793629869818687
		endloop
	endfacet
	facet normal -0.9588197657969364 0.284015240290183 1.3428594428817302e-7
		outer loop
			vertex -0.004742972552776337 -0.016012007370591164 -0.009793629869818687
			vertex -0.004242734983563423 -0.01432323269546032 -0.01036105863749981
			vertex -0.004613993689417839 -0.015576581470668316 -0.01059815939515829
		endloop
	endfacet
	facet normal -0.9588197245132389 0.28401537966163465 -1.1943230895807448e-7
		outer loop
			vertex -0.0036873247008770704 -0.012448200024664402 0.013109109364449978
			vertex -0.0038568314630538225 -0.01302044466137886 0.01435883529484272
			vertex -0.0033670722041279078 -0.01136704534292221 0.014337422326207161
		endloop
	endfacet
	facet normal -0.9588197242227677 0.28401538064227144 -3.706889713231749e-8
		outer loop
			vertex -0.0038568314630538225 -0.01302044466137886 0.01435883529484272
			vertex -0.0036740207578986883 -0.012403286062180996 0.015021547675132751
			vertex -0.0033670722041279078 -0.01136704534292221 0.014337422326207161
		endloop
	endfacet
	facet normal -0.9588197242227677 0.28401538064227144 -3.706889713231749e-8
		outer loop
			vertex -0.0033670722041279078 -0.01136704534292221 0.014337422326207161
			vertex -0.0036740207578986883 -0.012403286062180996 0.015021547675132751
			vertex -0.003491210052743554 -0.011786127462983131 0.015684260055422783
		endloop
	endfacet
	facet normal -0.9588197319042235 0.2840153547098969 3.5281062372029017e-7
		outer loop
			vertex -0.004485014826059341 -0.015141155570745468 0.01140268798917532
			vertex -0.004336962942034006 -0.014641341753304005 0.012165418826043606
			vertex -0.004001553636044264 -0.01350901834666729 0.011674688197672367
		endloop
	endfacet
	facet normal -0.9588197637798995 0.28401524709960696 8.272141212076571e-8
		outer loop
			vertex -0.004336962942034006 -0.014641341753304005 0.012165418826043606
			vertex -0.004188911058008671 -0.014141527004539967 0.012928148731589317
			vertex -0.004001553636044264 -0.01350901834666729 0.011674688197672367
		endloop
	endfacet
	facet normal -0.9588197306858913 0.2840153588231 1.440448304781642e-7
		outer loop
			vertex -0.004001553636044264 -0.01350901834666729 0.011674688197672367
			vertex -0.004188911058008671 -0.014141527004539967 0.012928148731589317
			vertex -0.0036873247008770704 -0.012448200024664402 0.013109109364449978
		endloop
	endfacet
	facet normal -0.9588197221717899 0.2840153875662193 -1.4851635084147734e-7
		outer loop
			vertex -0.004188911058008671 -0.014141527004539967 0.012928148731589317
			vertex -0.004022871144115925 -0.013580985367298126 0.013643492013216019
			vertex -0.0036873247008770704 -0.012448200024664402 0.013109109364449978
		endloop
	endfacet
	facet normal -0.9588197167609633 0.2840154058328787 -1.06397117167354e-7
		outer loop
			vertex -0.0036873247008770704 -0.012448200024664402 0.013109109364449978
			vertex -0.004022871144115925 -0.013580985367298126 0.013643492013216019
			vertex -0.0038568314630538225 -0.01302044466137886 0.01435883529484272
		endloop
	endfacet
	facet normal -0.9588197368084226 0.28401533815354696 -3.921226314438724e-7
		outer loop
			vertex -0.005270531866699457 -0.017793018370866776 0.004585424438118935
			vertex -0.005203853826969862 -0.017567915841937065 0.005478942766785622
			vertex -0.004862555768340826 -0.016415713354945183 0.005132664460688829
		endloop
	endfacet
	facet normal -0.9588196917633988 0.28401549022318506 1.5826932515121456e-7
		outer loop
			vertex -0.005203853826969862 -0.017567915841937065 0.005478942766785622
			vertex -0.005137175787240267 -0.017342815175652504 0.006372461095452309
			vertex -0.004862555768340826 -0.016415713354945183 0.005132664460688829
		endloop
	endfacet
	facet normal -0.958819712431718 0.28401542044816425 1.0151446626212463e-7
		outer loop
			vertex -0.004862555768340826 -0.016415713354945183 0.005132664460688829
			vertex -0.005137175787240267 -0.017342815175652504 0.006372461095452309
			vertex -0.004710457753390074 -0.015902239829301834 0.006863274145871401
		endloop
	endfacet
	facet normal -0.9588197000062004 0.28401546239600906 -3.2408670880696674e-8
		outer loop
			vertex -0.005137175787240267 -0.017342815175652504 0.006372461095452309
			vertex -0.005049033556133509 -0.01704525202512741 0.007242621388286352
			vertex -0.004710457753390074 -0.015902239829301834 0.006863274145871401
		endloop
	endfacet
	facet normal -0.9588196923075244 0.284015488386288 5.27739470553905e-8
		outer loop
			vertex -0.004710457753390074 -0.015902239829301834 0.006863274145871401
			vertex -0.005049033556133509 -0.01704525202512741 0.007242621388286352
			vertex -0.004960891790688038 -0.016747690737247467 0.008112781681120396
		endloop
	endfacet
	facet normal -0.958819723715413 0.2840153823550523 1.113292818120801e-7
		outer loop
			vertex -0.0030947262421250343 -0.010447620414197445 -0.016894709318876266
			vertex -0.003292968263849616 -0.011116874404251575 -0.0162894856184721
			vertex -0.002956490498036146 -0.00998094491660595 -0.015654508024454117
		endloop
	endfacet
	facet normal -0.9588197173009056 0.28401540401007586 6.919091478462136e-8
		outer loop
			vertex -0.003292968263849616 -0.011116874404251575 -0.0162894856184721
			vertex -0.003491210052743554 -0.011786127462983131 -0.015684260055422783
			vertex -0.002956490498036146 -0.00998094491660595 -0.015654508024454117
		endloop
	endfacet
	facet normal -0.9588197173392478 0.2840154038806335 7.773383919438378e-8
		outer loop
			vertex -0.002956490498036146 -0.00998094491660595 -0.015654508024454117
			vertex -0.003491210052743554 -0.011786127462983131 -0.015684260055422783
			vertex -0.003338051959872246 -0.011269074864685535 -0.014439215883612633
		endloop
	endfacet
	facet normal -0.9588196894905394 0.2840154978962621 6.403748109120528e-8
		outer loop
			vertex -0.0030947262421250343 -0.010447620414197445 -0.016894709318876266
			vertex -0.002956490498036146 -0.00998094491660595 -0.015654508024454117
			vertex -0.002882507396861911 -0.009731181897222996 -0.017438005656003952
		endloop
	endfacet
	facet normal -0.9588197334716231 0.28401534941866147 4.142008586799425e-8
		outer loop
			vertex -0.002956490498036146 -0.00998094491660595 -0.015654508024454117
			vertex -0.0025456903968006372 -0.008594106882810593 -0.016745252534747124
			vertex -0.002882507396861911 -0.009731181897222996 -0.017438005656003952
		endloop
	endfacet
	facet normal -0.9588197159591837 0.2840154085396538 -6.413481990678902e-8
		outer loop
			vertex -0.002882507396861911 -0.009731181897222996 -0.017438005656003952
			vertex -0.0025456903968006372 -0.008594106882810593 -0.016745252534747124
			vertex -0.0026702885515987873 -0.009014743380248547 -0.017981303855776787
		endloop
	endfacet
	facet normal -0.9588197926965923 0.2840151494784183 1.2440435271730327e-7
		outer loop
			vertex -0.005270531866699457 -0.017793018370866776 0.004585424438118935
			vertex -0.004862555768340826 -0.016415713354945183 0.005132664460688829
			vertex -0.005315257702022791 -0.017944009974598885 0.0036750950384885073
		endloop
	endfacet
	facet normal -0.958819698782765 0.2840154665261586 -2.3719623586374274e-7
		outer loop
			vertex -0.004862555768340826 -0.016415713354945183 0.005132664460688829
			vertex -0.0049702501855790615 -0.016779284924268723 0.0033612193074077368
			vertex -0.005315257702022791 -0.017944009974598885 0.0036750950384885073
		endloop
	endfacet
	facet normal -0.9588196365775028 0.2840156765268652 6.104461278887263e-7
		outer loop
			vertex -0.005315257702022791 -0.017944009974598885 0.0036750950384885073
			vertex -0.0049702501855790615 -0.016779284924268723 0.0033612193074077368
			vertex -0.005359983537346125 -0.018094999715685844 0.0027647658716887236
		endloop
	endfacet
	facet normal -0.9588195813731017 0.2840158628941054 1.6326766466081215e-7
		outer loop
			vertex -0.0049702501855790615 -0.016779284924268723 0.0033612193074077368
			vertex -0.005032685585319996 -0.016990061849355698 0.0015630327397957444
			vertex -0.005359983537346125 -0.018094999715685844 0.0027647658716887236
		endloop
	endfacet
	facet normal -0.9588197761293619 0.28401520540808384 -4.943030604273139e-7
		outer loop
			vertex -0.005359983537346125 -0.018094999715685844 0.0027647658716887236
			vertex -0.005032685585319996 -0.016990061849355698 0.0015630327397957444
			vertex -0.005382428411394358 -0.01817077398300171 0.0018443058943375945
		endloop
	endfacet
	facet normal -0.9588197780649729 0.28401519887398075 -9.815047471203539e-8
		outer loop
			vertex -0.00396078173071146 -0.01337137445807457 -0.011876418255269527
			vertex -0.004336962942034006 -0.014641341753304005 -0.012165418826043606
			vertex -0.004242734983563423 -0.01432323269546032 -0.01036105863749981
		endloop
	endfacet
	facet normal -0.95881965829778 0.28401560320112246 -1.7568795589397607e-7
		outer loop
			vertex -0.004336962942034006 -0.014641341753304005 -0.012165418826043606
			vertex -0.004485014826059341 -0.015141155570745468 -0.01140268798917532
			vertex -0.004242734983563423 -0.01432323269546032 -0.01036105863749981
		endloop
	endfacet
	facet normal -0.9588197657969435 0.2840152402901584 1.342860853001979e-7
		outer loop
			vertex -0.004242734983563423 -0.01432323269546032 -0.01036105863749981
			vertex -0.004485014826059341 -0.015141155570745468 -0.01140268798917532
			vertex -0.004613993689417839 -0.015576581470668316 -0.01059815939515829
		endloop
	endfacet
	facet normal -0.9588197138759509 0.28401541557252624 7.245229527629831e-8
		outer loop
			vertex -0.003491210052743554 -0.011786127462983131 -0.015684260055422783
			vertex -0.0036740207578986883 -0.012403286062180996 -0.015021547675132751
			vertex -0.003338051959872246 -0.011269074864685535 -0.014439215883612633
		endloop
	endfacet
	facet normal -0.9588197138759509 0.28401541557252624 7.245229527629831e-8
		outer loop
			vertex -0.0036740207578986883 -0.012403286062180996 -0.015021547675132751
			vertex -0.0038568314630538225 -0.01302044466137886 -0.01435883529484272
			vertex -0.003338051959872246 -0.011269074864685535 -0.014439215883612633
		endloop
	endfacet
	facet normal -0.9588197135198091 0.284015416774831 1.0094722540311152e-7
		outer loop
			vertex -0.003338051959872246 -0.011269074864685535 -0.014439215883612633
			vertex -0.0038568314630538225 -0.01302044466137886 -0.01435883529484272
			vertex -0.0036873247008770704 -0.012448200024664402 -0.013109109364449978
		endloop
	endfacet
	facet normal -0.9588197167609633 0.2840154058328787 1.06397117167354e-7
		outer loop
			vertex -0.0038568314630538225 -0.01302044466137886 -0.01435883529484272
			vertex -0.004022871144115925 -0.013580985367298126 -0.013643492013216019
			vertex -0.0036873247008770704 -0.012448200024664402 -0.013109109364449978
		endloop
	endfacet
	facet normal -0.9588196889080207 0.284015499862797 -1.1041693791217067e-7
		outer loop
			vertex -0.0036873247008770704 -0.012448200024664402 -0.013109109364449978
			vertex -0.004022871144115925 -0.013580985367298126 -0.013643492013216019
			vertex -0.00396078173071146 -0.01337137445807457 -0.011876418255269527
		endloop
	endfacet
	facet normal -0.9588197959530594 0.2840151384847813 -6.378892494341753e-8
		outer loop
			vertex -0.004022871144115925 -0.013580985367298126 -0.013643492013216019
			vertex -0.004188911058008671 -0.014141527004539967 -0.012928148731589317
			vertex -0.00396078173071146 -0.01337137445807457 -0.011876418255269527
		endloop
	endfacet
	facet normal -0.9588197770432475 0.2840152023232635 -1.1463774360665372e-7
		outer loop
			vertex -0.00396078173071146 -0.01337137445807457 -0.011876418255269527
			vertex -0.004188911058008671 -0.014141527004539967 -0.012928148731589317
			vertex -0.004336962942034006 -0.014641341753304005 -0.012165418826043606
		endloop
	endfacet
	facet normal -0.9588198093285801 0.28401509332974334 5.25451631449825e-8
		outer loop
			vertex -0.0026702885515987873 -0.009014743380248547 -0.017981303855776787
			vertex -0.0025456903968006372 -0.008594106882810593 -0.016745252534747124
			vertex -0.0024456484243273735 -0.008256370201706886 -0.018458690494298935
		endloop
	endfacet
	facet normal -0.9588197198696506 0.2840153953381243 1.1729740900713555e-7
		outer loop
			vertex -0.0025456903968006372 -0.008594106882810593 -0.016745252534747124
			vertex -0.002108920132741332 -0.007119595073163509 -0.017702775076031685
			vertex -0.0024456484243273735 -0.008256370201706886 -0.018458690494298935
		endloop
	endfacet
	facet normal -0.9588196945469338 0.284015480826176 -2.2543059302272794e-8
		outer loop
			vertex -0.0024456484243273735 -0.008256370201706886 -0.018458690494298935
			vertex -0.002108920132741332 -0.007119595073163509 -0.017702775076031685
			vertex -0.002221008064225316 -0.007497997488826513 -0.018936078995466232
		endloop
	endfacet
	facet normal -0.9588197395619663 0.28401532885800107 6.937675386653616e-8
		outer loop
			vertex -0.005382428411394358 -0.01817077398300171 0.0018443058943375945
			vertex -0.005032685585319996 -0.016990061849355698 0.0015630327397957444
			vertex -0.005404873285442591 -0.018246546387672424 0.0009238460916094482
		endloop
	endfacet
	facet normal -0.9588197063646238 0.28401544093029113 -1.702602014149271e-7
		outer loop
			vertex -0.005032685585319996 -0.016990061849355698 0.0015630327397957444
			vertex -0.00504979258403182 -0.017047815024852753 1.4588346806607144e-15
			vertex -0.005404873285442591 -0.018246546387672424 0.0009238460916094482
		endloop
	endfacet
	facet normal -0.9588196706316048 0.2840155615629205 0
		outer loop
			vertex -0.005404873285442591 -0.018246546387672424 0.0009238460916094482
			vertex -0.00504979258403182 -0.017047815024852753 1.4588346806607144e-15
			vertex -0.005404873285442591 -0.018246546387672424 6.8839519588165254e-15
		endloop
	endfacet
	facet normal -0.9588197243800815 0.2840153801111914 1.1069685003678392e-8
		outer loop
			vertex -0.002221008064225316 -0.007497997488826513 -0.018936078995466232
			vertex -0.002108920132741332 -0.007119595073163509 -0.017702775076031685
			vertex -0.0019855930004268885 -0.006703249644488096 -0.019344057887792587
		endloop
	endfacet
	facet normal -0.9588197338103798 0.2840153482750404 2.285185794184876e-9
		outer loop
			vertex -0.002108920132741332 -0.007119595073163509 -0.017702775076031685
			vertex -0.0016496526077389717 -0.005569133907556534 -0.018519459292292595
			vertex -0.0019855930004268885 -0.006703249644488096 -0.019344057887792587
		endloop
	endfacet
	facet normal -0.9588197331467431 0.2840153505154407 -1.0665245022226984e-9
		outer loop
			vertex -0.0019855930004268885 -0.006703249644488096 -0.019344057887792587
			vertex -0.0016496526077389717 -0.005569133907556534 -0.018519459292292595
			vertex -0.001750177820213139 -0.005908501334488392 -0.019752036780118942
		endloop
	endfacet
	facet normal -0.9588198435243624 0.28401497788654256 -1.553626486906458e-7
		outer loop
			vertex -0.005270531866699457 -0.017793018370866776 -0.004585424438118935
			vertex -0.005315257702022791 -0.017944009974598885 -0.0036750950384885073
			vertex -0.004958193749189377 -0.01673858053982258 -0.00360507913865149
		endloop
	endfacet
	facet normal -0.95881983441991 0.28401500862180173 -7.309470230929067e-7
		outer loop
			vertex -0.005315257702022791 -0.017944009974598885 -0.0036750950384885073
			vertex -0.005359983537346125 -0.018094999715685844 -0.0027647658716887236
			vertex -0.004958193749189377 -0.01673858053982258 -0.00360507913865149
		endloop
	endfacet
	facet normal -0.9588196579615833 0.28401560433598244 3.150168171869566e-7
		outer loop
			vertex -0.004958193749189377 -0.01673858053982258 -0.00360507913865149
			vertex -0.005359983537346125 -0.018094999715685844 -0.0027647658716887236
			vertex -0.005026848521083593 -0.016970356926321983 -0.0018096911953762174
		endloop
	endfacet
	facet normal -0.9588197044354692 0.28401544744258805 5.159760805563064e-7
		outer loop
			vertex -0.005359983537346125 -0.018094999715685844 -0.0027647658716887236
			vertex -0.005382428411394358 -0.01817077398300171 -0.0018443058943375945
			vertex -0.005026848521083593 -0.016970356926321983 -0.0018096911953762174
		endloop
	endfacet
	facet normal -0.9588197007219785 0.2840154599795821 4.3053751527792774e-8
		outer loop
			vertex -0.005026848521083593 -0.016970356926321983 -0.0018096911953762174
			vertex -0.005382428411394358 -0.01817077398300171 -0.0018443058943375945
			vertex -0.00504979258403182 -0.017047815024852753 1.4588346806607144e-15
		endloop
	endfacet
	facet normal -0.9588196610521889 0.284015593902454 -4.5643835226823094e-8
		outer loop
			vertex -0.005382428411394358 -0.01817077398300171 -0.0018443058943375945
			vertex -0.005404873285442591 -0.018246546387672424 -0.0009238460916094482
			vertex -0.00504979258403182 -0.017047815024852753 1.4588346806607144e-15
		endloop
	endfacet
	facet normal -0.9588196706316047 0.28401556156292046 0
		outer loop
			vertex -0.00504979258403182 -0.017047815024852753 1.4588346806607144e-15
			vertex -0.005404873285442591 -0.018246546387672424 -0.0009238460916094482
			vertex -0.005404873285442591 -0.018246546387672424 6.8839519588165254e-15
		endloop
	endfacet
	facet normal -0.9588197237429772 0.28401538226201906 -1.0574300119212404e-8
		outer loop
			vertex -0.001750177820213139 -0.005908501334488392 -0.019752036780118942
			vertex -0.0016496526077389717 -0.005569133907556534 -0.018519459292292595
			vertex -0.0015057130949571729 -0.005083202384412289 -0.02008761651813984
		endloop
	endfacet
	facet normal -0.9588197251419486 0.28401537753917167 -1.2166198968704073e-8
		outer loop
			vertex -0.0016496526077389717 -0.005569133907556534 -0.018519459292292595
			vertex -0.0011715375585481524 -0.003955044783651829 -0.019188830628991127
			vertex -0.0015057130949571729 -0.005083202384412289 -0.02008761651813984
		endloop
	endfacet
	facet normal -0.9588197532253443 0.28401528273118753 1.1727856996082505e-7
		outer loop
			vertex -0.0015057130949571729 -0.005083202384412289 -0.02008761651813984
			vertex -0.0011715375585481524 -0.003955044783651829 -0.019188830628991127
			vertex -0.0012612483697012067 -0.004257902968674898 -0.020423196256160736
		endloop
	endfacet
	facet normal -0.9588197018125033 0.2840154562980283 7.095645535320472e-8
		outer loop
			vertex -0.0012612483697012067 -0.004257902968674898 -0.020423196256160736
			vertex -0.0011715375585481524 -0.003955044783651829 -0.019188830628991127
			vertex -0.0010095268953591585 -0.0034081058111041784 -0.02068391628563404
		endloop
	endfacet
	facet normal -0.9588197377220652 0.28401533506941085 2.2716819650028287e-8
		outer loop
			vertex -0.0011715375585481524 -0.003955044783651829 -0.019188830628991127
			vertex -0.0006783755379728973 -0.002290157601237297 -0.019705794751644135
			vertex -0.0010095268953591585 -0.0034081058111041784 -0.02068391628563404
		endloop
	endfacet
	facet normal -0.9588197430499145 0.28401531708288874 4.5078381079240065e-8
		outer loop
			vertex -0.0010095268953591585 -0.0034081058111041784 -0.02068391628563404
			vertex -0.0006783755379728973 -0.002290157601237297 -0.019705794751644135
			vertex -0.0007578054792247713 -0.002558308420702815 -0.020944638177752495
		endloop
	endfacet
	facet normal -0.9588197280338847 0.2840153677761585 3.314292265987303e-8
		outer loop
			vertex -0.0007578054792247713 -0.002558308420702815 -0.020944638177752495
			vertex -0.0006783755379728973 -0.002290157601237297 -0.019705794751644135
			vertex -0.0005006728461012244 -0.001690243254415691 -0.021128585562109947
		endloop
	endfacet
	facet normal -0.9588197435005346 0.2840153155616249 9.19512029543421e-9
		outer loop
			vertex -0.0006783755379728973 -0.002290157601237297 -0.019705794751644135
			vertex -0.00024354021297767758 -0.0008221779717132449 -0.020025575533509254
			vertex -0.0005006728461012244 -0.001690243254415691 -0.021128585562109947
		endloop
	endfacet
	facet normal -0.9588197403188051 0.28401532630296383 0
		outer loop
			vertex -0.0005006728461012244 -0.001690243254415691 -0.021128585562109947
			vertex -0.00024354021297767758 -0.0008221779717132449 -0.020025575533509254
			vertex -0.00024354021297767758 -0.0008221779717132449 -0.02131253480911255
		endloop
	endfacet
	facet normal -0.9588191780858094 0.2840172243133223 0.000005311239147265719
		outer loop
			vertex -0.0012612483697012067 -0.004257902968674898 -0.020423196256160736
			vertex -0.001393960788846016 -0.004705932457000017 -0.02025769092142582
			vertex -0.0015057130949571729 -0.005083202384412289 -0.02008761651813984
		endloop
	endfacet
	facet normal -0.9588187328374314 0.28401872734053346 0.000008937913637798686
		outer loop
			vertex -0.001393960788846016 -0.004705932457000017 -0.02025769092142582
			vertex -0.001750177820213139 -0.005908501334488392 -0.019752036780118942
			vertex -0.0015057130949571729 -0.005083202384412289 -0.02008761651813984
		endloop
	endfacet
	facet normal -0.9588196673286652 0.28401557271305966 4.697562568647227e-7
		outer loop
			vertex -0.001750177820213139 -0.005908501334488392 -0.019752036780118942
			vertex -0.0018128401134163141 -0.00612004566937685 -0.01965346559882164
			vertex -0.0019855930004268885 -0.006703249644488096 -0.019344057887792587
		endloop
	endfacet
	facet normal -0.9588204242109271 0.28401301747143987 -0.0000047692232776455345
		outer loop
			vertex -0.0018128401134163141 -0.00612004566937685 -0.01965346559882164
			vertex -0.002217911183834076 -0.007487542927265167 -0.018942033872008324
			vertex -0.0019855930004268885 -0.006703249644488096 -0.019344057887792587
		endloop
	endfacet
	facet normal -0.9588420050803504 0.2839401061131877 -0.00015948017201229992
		outer loop
			vertex -0.0019855930004268885 -0.006703249644488096 -0.019344057887792587
			vertex -0.002217911183834076 -0.007487542927265167 -0.018942033872008324
			vertex -0.002221008064225316 -0.007497997488826513 -0.018936078995466232
		endloop
	endfacet
	facet normal -0.9588213680330803 0.28400983100488164 -0.000009785247484463079
		outer loop
			vertex -0.002221008064225316 -0.007497997488826513 -0.018936078995466232
			vertex -0.0026069646701216698 -0.008800964802503586 -0.018127279356122017
			vertex -0.0024456484243273735 -0.008256370201706886 -0.018458690494298935
		endloop
	endfacet
	facet normal -0.9588176586468768 0.28402235353614275 0.000012598089450017745
		outer loop
			vertex -0.0026069646701216698 -0.008800964802503586 -0.018127279356122017
			vertex -0.0026702885515987873 -0.009014743380248547 -0.017981303855776787
			vertex -0.0024456484243273735 -0.008256370201706886 -0.018458690494298935
		endloop
	endfacet
	facet normal -0.9588189341380182 0.28401804788531293 0.0000037217162571776176
		outer loop
			vertex -0.0026702885515987873 -0.009014743380248547 -0.017981303855776787
			vertex -0.002977878088131547 -0.010053147561848164 -0.017213646322488785
			vertex -0.002882507396861911 -0.009731181897222996 -0.017438005656003952
		endloop
	endfacet
	facet normal -0.9588189341081548 0.28401804798612645 0.000003721873623399545
		outer loop
			vertex -0.002977878088131547 -0.010053147561848164 -0.017213646322488785
			vertex -0.0030947262421250343 -0.010447620414197445 -0.016894709318876266
			vertex -0.002882507396861911 -0.009731181897222996 -0.017438005656003952
		endloop
	endfacet
	facet normal -0.9588196059075147 0.2840157800669016 5.897056537301699e-7
		outer loop
			vertex -0.0030947262421250343 -0.010447620414197445 -0.016894709318876266
			vertex -0.003328628372400999 -0.01123726088553667 -0.01620611548423767
			vertex -0.003292968263849616 -0.011116874404251575 -0.0162894856184721
		endloop
	endfacet
	facet normal -0.9588196608110006 0.2840155947165385 2.9857571239460875e-7
		outer loop
			vertex -0.003328628372400999 -0.01123726088553667 -0.01620611548423767
			vertex -0.003491210052743554 -0.011786127462983131 -0.015684260055422783
			vertex -0.003292968263849616 -0.011116874404251575 -0.0162894856184721
		endloop
	endfacet
	facet normal -0.958820420730713 0.28401302925091415 -0.0000023448248953761163
		outer loop
			vertex -0.003491210052743554 -0.011786127462983131 -0.015684260055422783
			vertex -0.0036573021207004786 -0.012346845120191574 -0.015110187232494354
			vertex -0.0036740207578986883 -0.012403286062180996 -0.015021547675132751
		endloop
	endfacet
	facet normal -0.958820420730713 0.28401302925091415 -0.0000023448248953761163
		outer loop
			vertex -0.0036573021207004786 -0.012346845120191574 -0.015110187232494354
			vertex -0.0038568314630538225 -0.01302044466137886 -0.01435883529484272
			vertex -0.0036740207578986883 -0.012403286062180996 -0.015021547675132751
		endloop
	endfacet
	facet normal -0.9588238049016877 0.28400160390031154 -0.000011657659137261809
		outer loop
			vertex -0.0038568314630538225 -0.01302044466137886 -0.01435883529484272
			vertex -0.003962106537073851 -0.013375848531723022 -0.013931835070252419
			vertex -0.004022871144115925 -0.013580985367298126 -0.013643492013216019
		endloop
	endfacet
	facet normal -0.958824022505802 0.28400086921753165 -0.00001222619416909031
		outer loop
			vertex -0.003962106537073851 -0.013375848531723022 -0.013931835070252419
			vertex -0.004188911058008671 -0.014141527004539967 -0.012928148731589317
			vertex -0.004022871144115925 -0.013580985367298126 -0.013643492013216019
		endloop
	endfacet
	facet normal -0.95881861522933 0.28401912450136513 0.0000026810717026084764
		outer loop
			vertex -0.004188911058008671 -0.014141527004539967 -0.012928148731589317
			vertex -0.00424137944355607 -0.014318657107651234 -0.012677489779889584
			vertex -0.004336962942034006 -0.014641341753304005 -0.012165418826043606
		endloop
	endfacet
	facet normal -0.9588148583190501 0.2840318069112098 0.000011374237212864563
		outer loop
			vertex -0.00424137944355607 -0.014318657107651234 -0.012677489779889584
			vertex -0.004485014826059341 -0.015141155570745468 -0.01140268798917532
			vertex -0.004336962942034006 -0.014641341753304005 -0.012165418826043606
		endloop
	endfacet
	facet normal -0.9588374864911814 0.28395540718219525 -0.00003508942142676065
		outer loop
			vertex -0.004485014826059341 -0.015141155570745468 -0.01140268798917532
			vertex -0.004493596963584423 -0.015170129016041756 -0.0113539919257164
			vertex -0.004613993689417839 -0.015576581470668316 -0.01059815939515829
		endloop
	endfacet
	facet normal -0.9588203436817389 0.28401328937307435 -0.000001232322590959661
		outer loop
			vertex -0.004493596963584423 -0.015170129016041756 -0.0113539919257164
			vertex -0.004717383533716202 -0.01592561975121498 -0.009968561120331287
			vertex -0.004613993689417839 -0.015576581470668316 -0.01059815939515829
		endloop
	endfacet
	facet normal -0.9588158321265159 0.28402851969529963 0.000007951969528214074
		outer loop
			vertex -0.004613993689417839 -0.015576581470668316 -0.01059815939515829
			vertex -0.004717383533716202 -0.01592561975121498 -0.009968561120331287
			vertex -0.004742972552776337 -0.016012007370591164 -0.009793629869818687
		endloop
	endfacet
	facet normal -0.9588269934817037 0.28399083863512836 -0.000011922806270726733
		outer loop
			vertex -0.004742972552776337 -0.016012007370591164 -0.009793629869818687
			vertex -0.004911518190056086 -0.016581008210778236 -0.008528754115104675
			vertex -0.004851932171732187 -0.01637984812259674 -0.008953206241130829
		endloop
	endfacet
	facet normal -0.9588222643664783 0.28400680509718185 -0.0000036919509000031185
		outer loop
			vertex -0.004911518190056086 -0.016581008210778236 -0.008528754115104675
			vertex -0.004960891790688038 -0.016747690737247467 -0.008112781681120396
			vertex -0.004851932171732187 -0.01637984812259674 -0.008953206241130829
		endloop
	endfacet
	facet normal -0.9588160297072538 0.28402785278164094 0.000004546371166802635
		outer loop
			vertex -0.004960891790688038 -0.016747690737247467 -0.008112781681120396
			vertex -0.005074942484498024 -0.017132718116044998 -0.0070424252189695835
			vertex -0.005049033556133509 -0.01704525202512741 -0.007242621388286352
		endloop
	endfacet
	facet normal -0.958815757545716 0.28402877153064 0.000004982996890276682
		outer loop
			vertex -0.005074942484498024 -0.017132718116044998 -0.0070424252189695835
			vertex -0.005137175787240267 -0.017342815175652504 -0.006372461095452309
			vertex -0.005049033556133509 -0.01704525202512741 -0.007242621388286352
		endloop
	endfacet
	facet normal -0.9588202784026868 0.2840135097549112 -7.009786017200196e-7
		outer loop
			vertex -0.005137175787240267 -0.017342815175652504 -0.006372461095452309
			vertex -0.005206764210015535 -0.01757774129509926 -0.005517682060599327
			vertex -0.005203853826969862 -0.017567915841937065 -0.005478942766785622
		endloop
	endfacet
	facet normal -0.9588205973140896 0.2840124331188503 -4.039522391781152e-7
		outer loop
			vertex -0.005206764210015535 -0.01757774129509926 -0.005517682060599327
			vertex -0.005270531866699457 -0.017793018370866776 -0.004585424438118935
			vertex -0.005203853826969862 -0.017567915841937065 -0.005478942766785622
		endloop
	endfacet
	facet normal -0.9588127864584746 0.28403880105818824 0.000004142787077249471
		outer loop
			vertex -0.005270531866699457 -0.017793018370866776 -0.004585424438118935
			vertex -0.005306265316903591 -0.01791365072131157 -0.003962841350585222
			vertex -0.005315257702022791 -0.017944009974598885 -0.0036750950384885073
		endloop
	endfacet
	facet normal -0.9588101640070067 0.28404765334402005 0.000005158719754771358
		outer loop
			vertex -0.005306265316903591 -0.01791365072131157 -0.003962841350585222
			vertex -0.005359983537346125 -0.018094999715685844 -0.0027647658716887236
			vertex -0.005315257702022791 -0.017944009974598885 -0.0036750950384885073
		endloop
	endfacet
	facet normal -0.9588190175376176 0.28401776635920917 7.236239396669081e-7
		outer loop
			vertex -0.005359983537346125 -0.018094999715685844 -0.0027647658716887236
			vertex -0.005372902378439903 -0.018138613551855087 -0.0023863844107836485
			vertex -0.005382428411394358 -0.01817077398300171 -0.0018443058943375945
		endloop
	endfacet
	facet normal -0.9588122100406571 0.2840407468517181 0.0000022066397077565786
		outer loop
			vertex -0.005372902378439903 -0.018138613551855087 -0.0023863844107836485
			vertex -0.005404873285442591 -0.018246546387672424 -0.0009238460916094482
			vertex -0.005382428411394358 -0.01817077398300171 -0.0018443058943375945
		endloop
	endfacet
	facet normal -0.9588175896521602 0.2840225867314463 0
		outer loop
			vertex -0.005404873285442591 -0.018246546387672424 -0.0009238460916094482
			vertex -0.005406311713159084 -0.01825140230357647 -0.0007969104335643351
			vertex -0.005404873285442591 -0.018246546387672424 6.8839519588165254e-15
		endloop
	endfacet
	facet normal -0.9588175896521602 0.28402258673144637 0
		outer loop
			vertex -0.005406311713159084 -0.01825140230357647 -0.0007969104335643351
			vertex -0.005406311713159084 -0.01825140230357647 0.0007969104335643351
			vertex -0.005404873285442591 -0.018246546387672424 6.8839519588165254e-15
		endloop
	endfacet
	facet normal -0.9588175896521601 0.28402258673144637 0
		outer loop
			vertex -0.005404873285442591 -0.018246546387672424 6.8839519588165254e-15
			vertex -0.005406311713159084 -0.01825140230357647 0.0007969104335643351
			vertex -0.005404873285442591 -0.018246546387672424 0.0009238460916094482
		endloop
	endfacet
	facet normal -0.9588122100406571 0.2840407468517181 -0.0000022066397077565786
		outer loop
			vertex -0.005404873285442591 -0.018246546387672424 0.0009238460916094482
			vertex -0.005372902378439903 -0.018138613551855087 0.0023863844107836485
			vertex -0.005382428411394358 -0.01817077398300171 0.0018443058943375945
		endloop
	endfacet
	facet normal -0.9588190175376176 0.28401776635920917 -7.236239396669081e-7
		outer loop
			vertex -0.005372902378439903 -0.018138613551855087 0.0023863844107836485
			vertex -0.005359983537346125 -0.018094999715685844 0.0027647658716887236
			vertex -0.005382428411394358 -0.01817077398300171 0.0018443058943375945
		endloop
	endfacet
	facet normal -0.9588101640070067 0.28404765334402005 -0.000005158719754771358
		outer loop
			vertex -0.005359983537346125 -0.018094999715685844 0.0027647658716887236
			vertex -0.005306265316903591 -0.01791365072131157 0.003962841350585222
			vertex -0.005315257702022791 -0.017944009974598885 0.0036750950384885073
		endloop
	endfacet
	facet normal -0.9588127864584746 0.28403880105818824 -0.000004142787077249471
		outer loop
			vertex -0.005306265316903591 -0.01791365072131157 0.003962841350585222
			vertex -0.005270531866699457 -0.017793018370866776 0.004585424438118935
			vertex -0.005315257702022791 -0.017944009974598885 0.0036750950384885073
		endloop
	endfacet
	facet normal -0.9588205973140896 0.2840124331188503 4.039522391781152e-7
		outer loop
			vertex -0.005270531866699457 -0.017793018370866776 0.004585424438118935
			vertex -0.005206764210015535 -0.01757774129509926 0.005517682060599327
			vertex -0.005203853826969862 -0.017567915841937065 0.005478942766785622
		endloop
	endfacet
	facet normal -0.9588202784026868 0.2840135097549112 7.009786017200196e-7
		outer loop
			vertex -0.005206764210015535 -0.01757774129509926 0.005517682060599327
			vertex -0.005137175787240267 -0.017342815175652504 0.006372461095452309
			vertex -0.005203853826969862 -0.017567915841937065 0.005478942766785622
		endloop
	endfacet
	facet normal -0.958815757545716 0.28402877153064 -0.000004982996890276682
		outer loop
			vertex -0.005137175787240267 -0.017342815175652504 0.006372461095452309
			vertex -0.005074942484498024 -0.017132718116044998 0.0070424252189695835
			vertex -0.005049033556133509 -0.01704525202512741 0.007242621388286352
		endloop
	endfacet
	facet normal -0.9588160297072538 0.28402785278164094 -0.000004546371166802635
		outer loop
			vertex -0.005074942484498024 -0.017132718116044998 0.0070424252189695835
			vertex -0.004960891790688038 -0.016747690737247467 0.008112781681120396
			vertex -0.005049033556133509 -0.01704525202512741 0.007242621388286352
		endloop
	endfacet
	facet normal -0.9588222643664783 0.28400680509718185 0.0000036919509000031185
		outer loop
			vertex -0.004960891790688038 -0.016747690737247467 0.008112781681120396
			vertex -0.004911518190056086 -0.016581008210778236 0.008528754115104675
			vertex -0.004851932171732187 -0.01637984812259674 0.008953206241130829
		endloop
	endfacet
	facet normal -0.9588269934817037 0.28399083863512836 0.000011922806270726733
		outer loop
			vertex -0.004911518190056086 -0.016581008210778236 0.008528754115104675
			vertex -0.004742972552776337 -0.016012007370591164 0.009793629869818687
			vertex -0.004851932171732187 -0.01637984812259674 0.008953206241130829
		endloop
	endfacet
	facet normal -0.9588158321265159 0.28402851969529963 -0.000007951969528214074
		outer loop
			vertex -0.004742972552776337 -0.016012007370591164 0.009793629869818687
			vertex -0.004717383533716202 -0.01592561975121498 0.009968561120331287
			vertex -0.004613993689417839 -0.015576581470668316 0.01059815939515829
		endloop
	endfacet
	facet normal -0.9588203436817389 0.28401328937307435 0.000001232322590959661
		outer loop
			vertex -0.004717383533716202 -0.01592561975121498 0.009968561120331287
			vertex -0.004493596963584423 -0.015170129016041756 0.0113539919257164
			vertex -0.004613993689417839 -0.015576581470668316 0.01059815939515829
		endloop
	endfacet
	facet normal -0.9588374864911814 0.28395540718219525 0.00003508942142676065
		outer loop
			vertex -0.004613993689417839 -0.015576581470668316 0.01059815939515829
			vertex -0.004493596963584423 -0.015170129016041756 0.0113539919257164
			vertex -0.004485014826059341 -0.015141155570745468 0.01140268798917532
		endloop
	endfacet
	facet normal -0.9588148583190501 0.2840318069112098 -0.000011374237212864563
		outer loop
			vertex -0.004485014826059341 -0.015141155570745468 0.01140268798917532
			vertex -0.00424137944355607 -0.014318657107651234 0.012677489779889584
			vertex -0.004336962942034006 -0.014641341753304005 0.012165418826043606
		endloop
	endfacet
	facet normal -0.95881861522933 0.28401912450136513 -0.0000026810717026084764
		outer loop
			vertex -0.00424137944355607 -0.014318657107651234 0.012677489779889584
			vertex -0.004188911058008671 -0.014141527004539967 0.012928148731589317
			vertex -0.004336962942034006 -0.014641341753304005 0.012165418826043606
		endloop
	endfacet
	facet normal -0.958824022505802 0.28400086921753165 0.00001222619416909031
		outer loop
			vertex -0.004188911058008671 -0.014141527004539967 0.012928148731589317
			vertex -0.003962106537073851 -0.013375848531723022 0.013931835070252419
			vertex -0.004022871144115925 -0.013580985367298126 0.013643492013216019
		endloop
	endfacet
	facet normal -0.9588238049016877 0.28400160390031154 0.000011657659137261809
		outer loop
			vertex -0.003962106537073851 -0.013375848531723022 0.013931835070252419
			vertex -0.0038568314630538225 -0.01302044466137886 0.01435883529484272
			vertex -0.004022871144115925 -0.013580985367298126 0.013643492013216019
		endloop
	endfacet
	facet normal -0.958820420730713 0.28401302925091415 0.0000023448248953761163
		outer loop
			vertex -0.0038568314630538225 -0.01302044466137886 0.01435883529484272
			vertex -0.0036573021207004786 -0.012346845120191574 0.015110187232494354
			vertex -0.0036740207578986883 -0.012403286062180996 0.015021547675132751
		endloop
	endfacet
	facet normal -0.958820420730713 0.28401302925091415 0.0000023448248953761163
		outer loop
			vertex -0.0036573021207004786 -0.012346845120191574 0.015110187232494354
			vertex -0.003491210052743554 -0.011786127462983131 0.015684260055422783
			vertex -0.0036740207578986883 -0.012403286062180996 0.015021547675132751
		endloop
	endfacet
	facet normal -0.9588196608110006 0.2840155947165385 -2.9857571239460875e-7
		outer loop
			vertex -0.003491210052743554 -0.011786127462983131 0.015684260055422783
			vertex -0.003328628372400999 -0.01123726088553667 0.01620611548423767
			vertex -0.003292968263849616 -0.011116874404251575 0.0162894856184721
		endloop
	endfacet
	facet normal -0.9588196059075147 0.2840157800669016 -5.897056537301699e-7
		outer loop
			vertex -0.003328628372400999 -0.01123726088553667 0.01620611548423767
			vertex -0.0030947262421250343 -0.010447620414197445 0.016894709318876266
			vertex -0.003292968263849616 -0.011116874404251575 0.0162894856184721
		endloop
	endfacet
	facet normal -0.9588189341081548 0.28401804798612645 -0.000003721873623399545
		outer loop
			vertex -0.0030947262421250343 -0.010447620414197445 0.016894709318876266
			vertex -0.002977878088131547 -0.010053147561848164 0.017213646322488785
			vertex -0.002882507396861911 -0.009731181897222996 0.017438005656003952
		endloop
	endfacet
	facet normal -0.9588189341380182 0.28401804788531293 -0.0000037217162571776176
		outer loop
			vertex -0.002977878088131547 -0.010053147561848164 0.017213646322488785
			vertex -0.0026702885515987873 -0.009014743380248547 0.017981303855776787
			vertex -0.002882507396861911 -0.009731181897222996 0.017438005656003952
		endloop
	endfacet
	facet normal -0.9588176586468768 0.28402235353614275 -0.000012598089450017745
		outer loop
			vertex -0.0026702885515987873 -0.009014743380248547 0.017981303855776787
			vertex -0.0026069646701216698 -0.008800964802503586 0.018127279356122017
			vertex -0.0024456484243273735 -0.008256370201706886 0.018458690494298935
		endloop
	endfacet
	facet normal -0.9588213680330803 0.28400983100488164 0.000009785247484463079
		outer loop
			vertex -0.0026069646701216698 -0.008800964802503586 0.018127279356122017
			vertex -0.002221008064225316 -0.007497997488826513 0.018936078995466232
			vertex -0.0024456484243273735 -0.008256370201706886 0.018458690494298935
		endloop
	endfacet
	facet normal -0.9588420050803504 0.2839401061131877 0.00015948017201229992
		outer loop
			vertex -0.002221008064225316 -0.007497997488826513 0.018936078995466232
			vertex -0.002217911183834076 -0.007487542927265167 0.018942033872008324
			vertex -0.0019855930004268885 -0.006703249644488096 0.019344057887792587
		endloop
	endfacet
	facet normal -0.9588204242109271 0.28401301747143987 0.0000047692232776455345
		outer loop
			vertex -0.002217911183834076 -0.007487542927265167 0.018942033872008324
			vertex -0.0018128401134163141 -0.00612004566937685 0.01965346559882164
			vertex -0.0019855930004268885 -0.006703249644488096 0.019344057887792587
		endloop
	endfacet
	facet normal -0.9588196673286652 0.28401557271305966 -4.697562568647227e-7
		outer loop
			vertex -0.0019855930004268885 -0.006703249644488096 0.019344057887792587
			vertex -0.0018128401134163141 -0.00612004566937685 0.01965346559882164
			vertex -0.001750177820213139 -0.005908501334488392 0.019752036780118942
		endloop
	endfacet
	facet normal -0.9588187328374314 0.28401872734053346 -0.000008937913637798686
		outer loop
			vertex -0.001750177820213139 -0.005908501334488392 0.019752036780118942
			vertex -0.001393960788846016 -0.004705932457000017 0.02025769092142582
			vertex -0.0015057130949571729 -0.005083202384412289 0.02008761651813984
		endloop
	endfacet
	facet normal -0.9588191780858094 0.2840172243133223 -0.000005311239147265719
		outer loop
			vertex -0.001393960788846016 -0.004705932457000017 0.02025769092142582
			vertex -0.0012612483697012067 -0.004257902968674898 0.020423196256160736
			vertex -0.0015057130949571729 -0.005083202384412289 0.02008761651813984
		endloop
	endfacet
	facet normal -0.9588192821540612 0.28401687299106837 -0.0000050937341949159
		outer loop
			vertex -0.0012612483697012067 -0.004257902968674898 0.020423196256160736
			vertex -0.0009635580936446786 -0.0032529174350202084 0.02075141854584217
			vertex -0.0010095268953591585 -0.0034081058111041784 0.02068391628563404
		endloop
	endfacet
	facet normal -0.95881941476446 0.28401642532597293 -0.000003974240416761698
		outer loop
			vertex -0.0009635580936446786 -0.0032529174350202084 0.02075141854584217
			vertex -0.0007578054792247713 -0.002558308420702815 0.020944638177752495
			vertex -0.0010095268953591585 -0.0034081058111041784 0.02068391628563404
		endloop
	endfacet
	facet normal -0.9588196623534113 0.28401558950719336 -0.0000011713248079446838
		outer loop
			vertex -0.0007578054792247713 -0.002558308420702815 0.020944638177752495
			vertex -0.0005239797756075859 -0.0017689260421320796 0.021131951361894608
			vertex -0.0005006728461012244 -0.001690243254415691 0.021128585562109947
		endloop
	endfacet
	facet normal -0.9588196640952692 0.28401558362612866 -0.0000013208690345705155
		outer loop
			vertex -0.0005239797756075859 -0.0017689260421320796 0.021131951361894608
			vertex -0.00024354021297767758 -0.0008221779717132449 0.02131253480911255
			vertex -0.0005006728461012244 -0.001690243254415691 0.021128585562109947
		endloop
	endfacet
	facet normal -0.9588197440460016 0.284015313720159 0
		outer loop
			vertex -0.00024354021297767758 -0.0008221779717132449 -0.020025575533509254
			vertex -0.0006783755379728973 -0.002290157601237297 -0.019705794751644135
			vertex -0.00024354021297767758 -0.0008221779717132449 0.020025575533509254
		endloop
	endfacet
	facet normal -0.9588197396928941 0.28401532841600424 -5.906186015804806e-10
		outer loop
			vertex -0.0006783755379728973 -0.002290157601237297 -0.019705794751644135
			vertex -0.0011715375585481524 -0.003955044783651829 -0.019188830628991127
			vertex -0.00024354021297767758 -0.0008221779717132449 0.020025575533509254
		endloop
	endfacet
	facet normal -0.9588196772114272 0.28401553934981855 -7.824997882964862e-8
		outer loop
			vertex -0.0036873247008770704 -0.012448200024664402 -0.013109109364449978
			vertex -0.00396078173071146 -0.01337137445807457 -0.011876418255269527
			vertex -0.00024354021297767758 -0.0008221779717132449 0.020025575533509254
		endloop
	endfacet
	facet normal -0.9588197339226097 0.2840153478961587 3.6696270475909487e-9
		outer loop
			vertex -0.00396078173071146 -0.01337137445807457 -0.011876418255269527
			vertex -0.004242734983563423 -0.01432323269546032 -0.01036105863749981
			vertex -0.00024354021297767758 -0.0008221779717132449 0.020025575533509254
		endloop
	endfacet
	facet normal -0.9588197120878147 0.28401542160913534 -1.595939057371972e-7
		outer loop
			vertex -0.00024354021297767758 -0.0008221779717132449 0.020025575533509254
			vertex -0.0036873247008770704 -0.012448200024664402 0.013109109364449978
			vertex -0.0033670722041279078 -0.01136704534292221 0.014337422326207161
		endloop
	endfacet
	facet normal -0.9588196811357174 0.28401552610160474 -1.736833572781104e-7
		outer loop
			vertex -0.00504979258403182 -0.017047815024852753 1.4588346806607144e-15
			vertex -0.005032685585319996 -0.016990061849355698 0.0015630327397957444
			vertex -0.00024354021297767758 -0.0008221779717132449 0.020025575533509254
		endloop
	endfacet
	facet normal -0.9588198175267771 0.28401506565294715 2.649169552850818e-7
		outer loop
			vertex -0.005032685585319996 -0.016990061849355698 0.0015630327397957444
			vertex -0.0049702501855790615 -0.016779284924268723 0.0033612193074077368
			vertex -0.00024354021297767758 -0.0008221779717132449 0.020025575533509254
		endloop
	endfacet
	facet normal -0.9588197243432418 0.28401538023556 -5.093764771724845e-9
		outer loop
			vertex -0.0011715375585481524 -0.003955044783651829 -0.019188830628991127
			vertex -0.0016496526077389717 -0.005569133907556534 -0.018519459292292595
			vertex -0.00024354021297767758 -0.0008221779717132449 0.020025575533509254
		endloop
	endfacet
	facet normal -0.9588197342276266 0.2840153468664392 -6.236610965555797e-10
		outer loop
			vertex -0.0016496526077389717 -0.005569133907556534 -0.018519459292292595
			vertex -0.002108920132741332 -0.007119595073163509 -0.017702775076031685
			vertex -0.00024354021297767758 -0.0008221779717132449 0.020025575533509254
		endloop
	endfacet
	facet normal -0.9588197400876015 0.2840153270834947 2.968134743969967e-9
		outer loop
			vertex -0.00024354021297767758 -0.0008221779717132449 0.020025575533509254
			vertex -0.002108920132741332 -0.007119595073163509 -0.017702775076031685
			vertex -0.0025456903968006372 -0.008594106882810593 -0.016745252534747124
		endloop
	endfacet
	facet normal -0.9588197120321175 0.2840154217971758 -1.4111630249387404e-7
		outer loop
			vertex -0.0016869426472112536 -0.005695022642612457 0.018459782004356384
			vertex -0.0012104399502277374 -0.004086376633495092 0.019140763208270073
			vertex -0.0033670722041279078 -0.01136704534292221 0.014337422326207161
		endloop
	endfacet
	facet normal -0.9588197260578298 0.2840153744472018 -6.304818551573808e-8
		outer loop
			vertex -0.0012104399502277374 -0.004086376633495092 0.019140763208270073
			vertex -0.0007251150091178715 -0.002447947161272168 0.019663771614432335
			vertex -0.0033670722041279078 -0.01136704534292221 0.014337422326207161
		endloop
	endfacet
	facet normal -0.9588197282511695 0.28401536704261476 -4.9561096328774026e-8
		outer loop
			vertex -0.0033670722041279078 -0.01136704534292221 0.014337422326207161
			vertex -0.0007251150091178715 -0.002447947161272168 0.019663771614432335
			vertex -0.00024354021297767758 -0.0008221779717132449 0.020025575533509254
		endloop
	endfacet
	facet normal -0.9588197414763496 0.284015322395159 4.046014153568161e-9
		outer loop
			vertex -0.0025456903968006372 -0.008594106882810593 -0.016745252534747124
			vertex -0.002956490498036146 -0.00998094491660595 -0.015654508024454117
			vertex -0.00024354021297767758 -0.0008221779717132449 0.020025575533509254
		endloop
	endfacet
	facet normal -0.9588197372860117 0.284015336541504 9.615637408359146e-11
		outer loop
			vertex -0.002956490498036146 -0.00998094491660595 -0.015654508024454117
			vertex -0.003338051959872246 -0.011269074864685535 -0.014439215883612633
			vertex -0.00024354021297767758 -0.0008221779717132449 0.020025575533509254
		endloop
	endfacet
	facet normal -0.9588197426619351 0.28401531839268884 6.080079406408898e-9
		outer loop
			vertex -0.00024354021297767758 -0.0008221779717132449 0.020025575533509254
			vertex -0.003338051959872246 -0.011269074864685535 -0.014439215883612633
			vertex -0.0036873247008770704 -0.012448200024664402 -0.013109109364449978
		endloop
	endfacet
	facet normal -0.9588197625362296 0.28401525129817584 5.035482698686174e-8
		outer loop
			vertex -0.004242734983563423 -0.01432323269546032 -0.01036105863749981
			vertex -0.004485215991735458 -0.015141835436224937 -0.008763265796005726
			vertex -0.00024354021297767758 -0.0008221779717132449 0.020025575533509254
		endloop
	endfacet
	facet normal -0.9588197585863645 0.28401526463270294 4.314022930690635e-8
		outer loop
			vertex -0.004485215991735458 -0.015141835436224937 -0.008763265796005726
			vertex -0.00468629552051425 -0.015820669010281563 -0.0070957522839307785
			vertex -0.00024354021297767758 -0.0008221779717132449 0.020025575533509254
		endloop
	endfacet
	facet normal -0.9588197633479956 0.28401524855769805 5.280994682214633e-8
		outer loop
			vertex -0.00024354021297767758 -0.0008221779717132449 0.020025575533509254
			vertex -0.00468629552051425 -0.015820669010281563 -0.0070957522839307785
			vertex -0.004844374023377895 -0.016354333609342575 -0.005371784791350365
		endloop
	endfacet
	facet normal -0.9588196316415515 0.28401569319088793 -2.4297163329302973e-7
		outer loop
			vertex -0.004844374023377895 -0.016354333609342575 -0.005371784791350365
			vertex -0.004958193749189377 -0.01673858053982258 -0.00360507913865149
			vertex -0.00024354021297767758 -0.0008221779717132449 0.020025575533509254
		endloop
	endfacet
	facet normal -0.958819825187996 0.28401503978910225 2.3574173480029278e-7
		outer loop
			vertex -0.004958193749189377 -0.01673858053982258 -0.00360507913865149
			vertex -0.005026848521083593 -0.016970356926321983 -0.0018096911953762174
			vertex -0.00024354021297767758 -0.0008221779717132449 0.020025575533509254
		endloop
	endfacet
	facet normal -0.958819751307769 0.28401528920483604 3.510293057800049e-8
		outer loop
			vertex -0.00024354021297767758 -0.0008221779717132449 0.020025575533509254
			vertex -0.005026848521083593 -0.016970356926321983 -0.0018096911953762174
			vertex -0.00504979258403182 -0.017047815024852753 1.4588346806607144e-15
		endloop
	endfacet
	facet normal -0.9588196681697098 0.2840155698740123 -2.6026846952499657e-7
		outer loop
			vertex -0.0049702501855790615 -0.016779284924268723 0.0033612193074077368
			vertex -0.004862555768340826 -0.016415713354945183 0.005132664460688829
			vertex -0.00024354021297767758 -0.0008221779717132449 0.020025575533509254
		endloop
	endfacet
	facet normal -0.9588197819683224 0.28401518569644707 1.7727688252851455e-7
		outer loop
			vertex -0.004862555768340826 -0.016415713354945183 0.005132664460688829
			vertex -0.004710457753390074 -0.015902239829301834 0.006863274145871401
			vertex -0.00024354021297767758 -0.0008221779717132449 0.020025575533509254
		endloop
	endfacet
	facet normal -0.9588196647465325 0.2840155814303984 -3.158977032815386e-7
		outer loop
			vertex -0.00024354021297767758 -0.0008221779717132449 0.020025575533509254
			vertex -0.004710457753390074 -0.015902239829301834 0.006863274145871401
			vertex -0.004515167325735092 -0.01524294912815094 0.008539280854165554
		endloop
	endfacet
	facet normal -0.9588197363885655 0.2840153395712308 1.4393645220895817e-8
		outer loop
			vertex -0.004515167325735092 -0.01524294912815094 0.008539280854165554
			vertex -0.0042782374657690525 -0.01444308739155531 0.010147349908947945
			vertex -0.00024354021297767758 -0.0008221779717132449 0.020025575533509254
		endloop
	endfacet
	facet normal -0.9588197265662657 0.28401537273075617 -3.534128858278136e-8
		outer loop
			vertex -0.0042782374657690525 -0.01444308739155531 0.010147349908947945
			vertex -0.004001553636044264 -0.01350901834666729 0.011674688197672367
			vertex -0.00024354021297767758 -0.0008221779717132449 0.020025575533509254
		endloop
	endfacet
	facet normal -0.9588197853132848 0.2840151744039409 2.9239786337127294e-7
		outer loop
			vertex -0.00024354021297767758 -0.0008221779717132449 0.020025575533509254
			vertex -0.004001553636044264 -0.01350901834666729 0.011674688197672367
			vertex -0.0036873247008770704 -0.012448200024664402 0.013109109364449978
		endloop
	endfacet
	facet normal -0.9588197982168493 0.284015130842204 2.9433932493719046e-7
		outer loop
			vertex -0.0016869426472112536 -0.005695022642612457 0.018459782004356384
			vertex -0.0033670722041279078 -0.01136704534292221 0.014337422326207161
			vertex -0.002144544618204236 -0.007239861413836479 0.0176316499710083
		endloop
	endfacet
	facet normal -0.95881951775033 0.2840160776787698 -9.959924835573255e-7
		outer loop
			vertex -0.0033670722041279078 -0.01136704534292221 0.014337422326207161
			vertex -0.0029879705980420113 -0.010087219066917896 0.015562226064503193
			vertex -0.002144544618204236 -0.007239861413836479 0.0176316499710083
		endloop
	endfacet
	facet normal -0.9588196082145384 0.2840157722786344 -5.38916834002864e-7
		outer loop
			vertex -0.002144544618204236 -0.007239861413836479 0.0176316499710083
			vertex -0.0029879705980420113 -0.010087219066917896 0.015562226064503193
			vertex -0.0025793781969696283 -0.008707834407687187 0.016663221642374992
		endloop
	endfacet
	facet normal -0.9588196640952692 0.28401558362612866 0.0000013208690345705155
		outer loop
			vertex -0.00024354021297767758 -0.0008221779717132449 -0.02131253480911255
			vertex -0.0005239797756075859 -0.0017689260421320796 -0.021131951361894608
			vertex -0.0005006728461012244 -0.001690243254415691 -0.021128585562109947
		endloop
	endfacet
	facet normal -0.9588196623534113 0.28401558950719336 0.0000011713248079446838
		outer loop
			vertex -0.0005239797756075859 -0.0017689260421320796 -0.021131951361894608
			vertex -0.0007578054792247713 -0.002558308420702815 -0.020944638177752495
			vertex -0.0005006728461012244 -0.001690243254415691 -0.021128585562109947
		endloop
	endfacet
	facet normal 0.9588197328579372 0.28401535149042817 -4.957586621239348e-8
		outer loop
			vertex 0.002221008064225316 -0.007497997488826513 -0.018936078995466232
			vertex 0.0019855930004268885 -0.006703249644488096 -0.019344057887792587
			vertex 0.0021441499702632427 -0.0072385286912322044 -0.017632443457841873
		endloop
	endfacet
	facet normal 0.9588197220637247 0.2840153879310776 -3.717972525360885e-8
		outer loop
			vertex 0.0019855930004268885 -0.006703249644488096 -0.019344057887792587
			vertex 0.0016865171492099762 -0.0056935865432024 -0.01846046932041645
			vertex 0.0021441499702632427 -0.0072385286912322044 -0.017632443457841873
		endloop
	endfacet
	facet normal 0.9588197322310716 0.28401535360669566 5.4836491832273145e-9
		outer loop
			vertex 0.0019855930004268885 -0.006703249644488096 -0.019344057887792587
			vertex 0.001750177820213139 -0.005908501334488392 -0.019752036780118942
			vertex 0.0016865171492099762 -0.0056935865432024 -0.01846046932041645
		endloop
	endfacet
	facet normal 0.9588197226154822 0.2840153860683782 -3.9187094094078375e-10
		outer loop
			vertex 0.001750177820213139 -0.005908501334488392 -0.019752036780118942
			vertex 0.0015057130949571729 -0.005083202384412289 -0.02008761651813984
			vertex 0.0016865171492099762 -0.0056935865432024 -0.01846046932041645
		endloop
	endfacet
	facet normal 0.9588197329640746 0.2840153511321181 -1.4647254347312265e-8
		outer loop
			vertex 0.0016865171492099762 -0.0056935865432024 -0.01846046932041645
			vertex 0.0015057130949571729 -0.005083202384412289 -0.02008761651813984
			vertex 0.0012099412269890308 -0.004084693267941475 -0.019141392782330513
		endloop
	endfacet
	facet normal 0.9588197403188051 0.28401532630296383 0
		outer loop
			vertex 0.00024354021297767758 -0.0008221779717132449 -0.02131253480911255
			vertex 0.00024354021297767758 -0.0008221779717132449 -0.020025575533509254
			vertex 0.0005006728461012244 -0.001690243254415691 -0.021128585562109947
		endloop
	endfacet
	facet normal 0.9588197352098179 0.28401534355061675 -1.47648485342694e-8
		outer loop
			vertex 0.00024354021297767758 -0.0008221779717132449 -0.020025575533509254
			vertex 0.0007251162314787507 -0.002447951352223754 -0.01966380700469017
			vertex 0.0005006728461012244 -0.001690243254415691 -0.021128585562109947
		endloop
	endfacet
	facet normal 0.9588197573638552 0.284015268759818 7.990359863025156e-8
		outer loop
			vertex 0.0015057130949571729 -0.005083202384412289 -0.02008761651813984
			vertex 0.0012612483697012067 -0.004257902968674898 -0.020423196256160736
			vertex 0.0012099412269890308 -0.004084693267941475 -0.019141392782330513
		endloop
	endfacet
	facet normal 0.9588197033061197 0.28401545125567007 5.3079205824226225e-8
		outer loop
			vertex 0.0012612483697012067 -0.004257902968674898 -0.020423196256160736
			vertex 0.0010095268953591585 -0.0034081058111041784 -0.02068391628563404
			vertex 0.0012099412269890308 -0.004084693267941475 -0.019141392782330513
		endloop
	endfacet
	facet normal 0.9588197434889169 0.2840153156008452 -1.1643024481572919e-8
		outer loop
			vertex 0.0012099412269890308 -0.004084693267941475 -0.019141392782330513
			vertex 0.0010095268953591585 -0.0034081058111041784 -0.02068391628563404
			vertex 0.0007251162314787507 -0.002447951352223754 -0.01966380700469017
		endloop
	endfacet
	facet normal 0.9588197468254323 0.2840153043369567 -1.1091364912273829e-10
		outer loop
			vertex 0.0010095268953591585 -0.0034081058111041784 -0.02068391628563404
			vertex 0.0007578054792247713 -0.002558308420702815 -0.020944638177752495
			vertex 0.0007251162314787507 -0.002447951352223754 -0.01966380700469017
		endloop
	endfacet
	facet normal 0.9588197302553609 0.2840153602765826 -5.353600138356632e-9
		outer loop
			vertex 0.0007251162314787507 -0.002447951352223754 -0.01966380700469017
			vertex 0.0007578054792247713 -0.002558308420702815 -0.020944638177752495
			vertex 0.0005006728461012244 -0.001690243254415691 -0.021128585562109947
		endloop
	endfacet
	facet normal 0.9588197586385685 0.2840152644564641 -4.891884235633363e-8
		outer loop
			vertex 0.0025790072977542877 -0.008706582710146904 -0.016664130613207817
			vertex 0.0026702885515987873 -0.009014743380248547 -0.017981303855776787
			vertex 0.0021441499702632427 -0.0072385286912322044 -0.017632443457841873
		endloop
	endfacet
	facet normal 0.9588197748294526 0.2840152097968234 2.537979639611399e-7
		outer loop
			vertex 0.0026702885515987873 -0.009014743380248547 -0.017981303855776787
			vertex 0.0024456484243273735 -0.008256370201706886 -0.018458690494298935
			vertex 0.0021441499702632427 -0.0072385286912322044 -0.017632443457841873
		endloop
	endfacet
	facet normal 0.9588197029305813 0.2840154525234624 -7.144937197265343e-8
		outer loop
			vertex 0.0021441499702632427 -0.0072385286912322044 -0.017632443457841873
			vertex 0.0024456484243273735 -0.008256370201706886 -0.018458690494298935
			vertex 0.002221008064225316 -0.007497997488826513 -0.018936078995466232
		endloop
	endfacet
	facet normal 0.9588197026928403 0.28401545332575456 -4.2368361284587544e-7
		outer loop
			vertex 0.005203853826969862 -0.017567915841937065 0.005478942766785622
			vertex 0.005270531866699457 -0.017793018370866776 0.004585424438118935
			vertex 0.004844373092055321 -0.016354329884052277 0.005371796432882547
		endloop
	endfacet
	facet normal 0.9588197743127589 0.2840152115412603 5.7480553116717755e-8
		outer loop
			vertex 0.005270531866699457 -0.017793018370866776 0.004585424438118935
			vertex 0.004958192817866802 -0.01673857867717743 0.003605094738304615
			vertex 0.004844373092055321 -0.016354329884052277 0.005371796432882547
		endloop
	endfacet
	facet normal 0.9588197212677094 0.2840153906183795 -3.9479813790992086e-8
		outer loop
			vertex 0.0029876232147216797 -0.010086046531796455 -0.015563251450657845
			vertex 0.0030947262421250343 -0.010447620414197445 -0.016894709318876266
			vertex 0.0025790072977542877 -0.008706582710146904 -0.016664130613207817
		endloop
	endfacet
	facet normal 0.9588197197214511 0.28401539583844937 -8.235356140554228e-8
		outer loop
			vertex 0.0030947262421250343 -0.010447620414197445 -0.016894709318876266
			vertex 0.002882507396861911 -0.009731181897222996 -0.017438005656003952
			vertex 0.0025790072977542877 -0.008706582710146904 -0.016664130613207817
		endloop
	endfacet
	facet normal 0.9588197197214803 0.28401539583835117 -8.235341995174174e-8
		outer loop
			vertex 0.0025790072977542877 -0.008706582710146904 -0.016664130613207817
			vertex 0.002882507396861911 -0.009731181897222996 -0.017438005656003952
			vertex 0.0026702885515987873 -0.009014743380248547 -0.017981303855776787
		endloop
	endfacet
	facet normal 0.9588197776107965 0.2840152004072317 -1.5152614235931224e-7
		outer loop
			vertex 0.004278238862752914 -0.014443092048168182 -0.010147341527044773
			vertex 0.004515169654041529 -0.015242956578731537 -0.008539263159036636
			vertex 0.004742972552776337 -0.016012007370591164 -0.009793629869818687
		endloop
	endfacet
	facet normal 0.958819688767745 0.28401550033633804 1.5549800898021036e-7
		outer loop
			vertex 0.005203853826969862 -0.017567915841937065 0.005478942766785622
			vertex 0.004844373092055321 -0.016354329884052277 0.005371796432882547
			vertex 0.005137175787240267 -0.017342815175652504 0.006372461095452309
		endloop
	endfacet
	facet normal 0.9588197402373769 0.2840153265778595 -3.120604312158389e-8
		outer loop
			vertex 0.004844373092055321 -0.016354329884052277 0.005371796432882547
			vertex 0.0046862950548529625 -0.015820667147636414 0.007095756940543652
			vertex 0.005137175787240267 -0.017342815175652504 0.006372461095452309
		endloop
	endfacet
	facet normal 0.9588197478572998 0.284015300853428 2.7680053510884277e-8
		outer loop
			vertex 0.005137175787240267 -0.017342815175652504 0.006372461095452309
			vertex 0.0046862950548529625 -0.015820667147636414 0.007095756940543652
			vertex 0.005049033556133509 -0.01704525202512741 0.007242621388286352
		endloop
	endfacet
	facet normal 0.9588197033385166 0.2840154511463051 3.0203455814501998e-9
		outer loop
			vertex 0.0030947262421250343 -0.010447620414197445 0.016894709318876266
			vertex 0.0029564884025603533 -0.009980937466025352 0.015654513612389565
			vertex 0.002882507396861911 -0.009731181897222996 0.017438005656003952
		endloop
	endfacet
	facet normal 0.958819722224041 0.2840153873898606 1.273202173579652e-8
		outer loop
			vertex 0.0029564884025603533 -0.009980937466025352 0.015654513612389565
			vertex 0.002545685973018408 -0.008594091981649399 0.01674526371061802
			vertex 0.002882507396861911 -0.009731181897222996 0.017438005656003952
		endloop
	endfacet
	facet normal 0.9588197147042868 0.28401541277611503 5.805808929718955e-8
		outer loop
			vertex 0.002882507396861911 -0.009731181897222996 0.017438005656003952
			vertex 0.002545685973018408 -0.008594091981649399 0.01674526371061802
			vertex 0.0026702885515987873 -0.009014743380248547 0.017981303855776787
		endloop
	endfacet
	facet normal 0.9588197592667502 0.28401526233572344 1.47264281288745e-7
		outer loop
			vertex 0.004742972552776337 -0.016012007370591164 -0.009793629869818687
			vertex 0.004613993689417839 -0.015576581470668316 -0.01059815939515829
			vertex 0.004278238862752914 -0.014443092048168182 -0.010147341527044773
		endloop
	endfacet
	facet normal 0.9588197592667653 0.28401526233567215 1.4726442156627052e-7
		outer loop
			vertex 0.004613993689417839 -0.015576581470668316 -0.01059815939515829
			vertex 0.004485014826059341 -0.015141155570745468 -0.01140268798917532
			vertex 0.004278238862752914 -0.014443092048168182 -0.010147341527044773
		endloop
	endfacet
	facet normal 0.9588196856676959 0.284015510801965 -3.0237895338136977e-9
		outer loop
			vertex 0.004278238862752914 -0.014443092048168182 -0.010147341527044773
			vertex 0.004485014826059341 -0.015141155570745468 -0.01140268798917532
			vertex 0.0040015531703829765 -0.013509017415344715 -0.011674689128994942
		endloop
	endfacet
	facet normal 0.9588198228439302 0.2840150477025863 -1.788739135555262e-7
		outer loop
			vertex 0.004710460547357798 -0.01590224727988243 -0.006863248534500599
			vertex 0.004960891790688038 -0.016747690737247467 -0.008112781681120396
			vertex 0.004515169654041529 -0.015242956578731537 -0.008539263159036636
		endloop
	endfacet
	facet normal 0.958819786617026 0.28401517000258336 2.904925811092711e-7
		outer loop
			vertex 0.004960891790688038 -0.016747690737247467 -0.008112781681120396
			vertex 0.004851932171732187 -0.01637984812259674 -0.008953206241130829
			vertex 0.004515169654041529 -0.015242956578731537 -0.008539263159036636
		endloop
	endfacet
	facet normal 0.9588197327832929 0.2840153517423151 -2.524505370358627e-7
		outer loop
			vertex 0.004515169654041529 -0.015242956578731537 -0.008539263159036636
			vertex 0.004851932171732187 -0.01637984812259674 -0.008953206241130829
			vertex 0.004742972552776337 -0.016012007370591164 -0.009793629869818687
		endloop
	endfacet
	facet normal 0.9588197448816069 0.28401531089917703 1.1879312334166509e-7
		outer loop
			vertex 0.005049033556133509 -0.01704525202512741 0.007242621388286352
			vertex 0.0046862950548529625 -0.015820667147636414 0.007095756940543652
			vertex 0.004960891790688038 -0.016747690737247467 0.008112781681120396
		endloop
	endfacet
	facet normal 0.958819762111612 0.28401525273165934 6.112101189289038e-8
		outer loop
			vertex 0.0046862950548529625 -0.015820667147636414 0.007095756940543652
			vertex 0.004485216457396746 -0.015141837298870087 0.008763261139392853
			vertex 0.004960891790688038 -0.016747690737247467 0.008112781681120396
		endloop
	endfacet
	facet normal 0.9588197096865884 0.28401542971528004 -4.1413926341011726e-7
		outer loop
			vertex 0.004960891790688038 -0.016747690737247467 0.008112781681120396
			vertex 0.004485216457396746 -0.015141837298870087 0.008763261139392853
			vertex 0.004851932171732187 -0.01637984812259674 0.008953206241130829
		endloop
	endfacet
	facet normal 0.9588198082485464 0.28401509697587823 -5.884561144811758e-8
		outer loop
			vertex 0.0026702885515987873 -0.009014743380248547 0.017981303855776787
			vertex 0.002545685973018408 -0.008594091981649399 0.01674526371061802
			vertex 0.0024456484243273735 -0.008256370201706886 0.018458690494298935
		endloop
	endfacet
	facet normal 0.9588197133801102 0.28401541724643625 -1.2751078572499363e-7
		outer loop
			vertex 0.002545685973018408 -0.008594091981649399 0.01674526371061802
			vertex 0.0021089136134833097 -0.007119573187083006 0.01770278811454773
			vertex 0.0024456484243273735 -0.008256370201706886 0.018458690494298935
		endloop
	endfacet
	facet normal 0.9588196904920998 0.28401549451506025 -1.110957529075447e-9
		outer loop
			vertex 0.0024456484243273735 -0.008256370201706886 0.018458690494298935
			vertex 0.0021089136134833097 -0.007119573187083006 0.01770278811454773
			vertex 0.002221008064225316 -0.007497997488826513 0.018936078995466232
		endloop
	endfacet
	facet normal 0.9588197478822041 0.28401530076934595 6.66540736381946e-8
		outer loop
			vertex 0.0033667513635009527 -0.011365962214767933 -0.014338555745780468
			vertex 0.003491210052743554 -0.011786127462983131 -0.015684260055422783
			vertex 0.0029876232147216797 -0.010086046531796455 -0.015563251450657845
		endloop
	endfacet
	facet normal 0.9588197456964191 0.28401530814843745 -4.6112992287607134e-8
		outer loop
			vertex 0.003491210052743554 -0.011786127462983131 -0.015684260055422783
			vertex 0.003292968263849616 -0.011116874404251575 -0.0162894856184721
			vertex 0.0029876232147216797 -0.010086046531796455 -0.015563251450657845
		endloop
	endfacet
	facet normal 0.9588197530495065 0.28401528332482984 -7.78637984551334e-9
		outer loop
			vertex 0.0029876232147216797 -0.010086046531796455 -0.015563251450657845
			vertex 0.003292968263849616 -0.011116874404251575 -0.0162894856184721
			vertex 0.0030947262421250343 -0.010447620414197445 -0.016894709318876266
		endloop
	endfacet
	facet normal 0.9588197623739878 0.28401525184566023 3.684714262392006e-7
		outer loop
			vertex 0.005270531866699457 -0.017793018370866776 -0.004585424438118935
			vertex 0.005203853826969862 -0.017567915841937065 -0.005478942766785622
			vertex 0.004862558096647263 -0.01641572080552578 -0.005132632330060005
		endloop
	endfacet
	facet normal 0.9588197173248215 0.2840154039292878 -1.8191651698429047e-7
		outer loop
			vertex 0.005203853826969862 -0.017567915841937065 -0.005478942766785622
			vertex 0.005137175787240267 -0.017342815175652504 -0.006372461095452309
			vertex 0.004862558096647263 -0.01641572080552578 -0.005132632330060005
		endloop
	endfacet
	facet normal 0.9588198041636133 0.2840151107663943 5.6533456772280894e-8
		outer loop
			vertex 0.004862558096647263 -0.01641572080552578 -0.005132632330060005
			vertex 0.005137175787240267 -0.017342815175652504 -0.006372461095452309
			vertex 0.004710460547357798 -0.01590224727988243 -0.006863248534500599
		endloop
	endfacet
	facet normal 0.9588198204318442 0.2840150558456929 -1.188151656071428e-7
		outer loop
			vertex 0.005137175787240267 -0.017342815175652504 -0.006372461095452309
			vertex 0.005049033556133509 -0.01704525202512741 -0.007242621388286352
			vertex 0.004710460547357798 -0.01590224727988243 -0.006863248534500599
		endloop
	endfacet
	facet normal 0.9588198127327299 0.28401508183744656 -2.0399630014361576e-7
		outer loop
			vertex 0.004710460547357798 -0.01590224727988243 -0.006863248534500599
			vertex 0.005049033556133509 -0.01704525202512741 -0.007242621388286352
			vertex 0.004960891790688038 -0.016747690737247467 -0.008112781681120396
		endloop
	endfacet
	facet normal 0.9588197209713151 0.2840153916189906 -3.54539700726041e-8
		outer loop
			vertex 0.002221008064225316 -0.007497997488826513 0.018936078995466232
			vertex 0.0021089136134833097 -0.007119573187083006 0.01770278811454773
			vertex 0.0019855930004268885 -0.006703249644488096 0.019344057887792587
		endloop
	endfacet
	facet normal 0.958819741134048 0.2840153235507493 -1.6672845580978916e-8
		outer loop
			vertex 0.0021089136134833097 -0.007119573187083006 0.01770278811454773
			vertex 0.001649645040743053 -0.005569108296185732 0.01851947233080864
			vertex 0.0019855930004268885 -0.006703249644488096 0.019344057887792587
		endloop
	endfacet
	facet normal 0.9588197349987577 0.2840153442631435 1.4314746576590155e-8
		outer loop
			vertex 0.0019855930004268885 -0.006703249644488096 0.019344057887792587
			vertex 0.001649645040743053 -0.005569108296185732 0.01851947233080864
			vertex 0.001750177820213139 -0.005908501334488392 0.019752036780118942
		endloop
	endfacet
	facet normal 0.958819723949968 0.28401538156320605 1.1848518748280188e-7
		outer loop
			vertex 0.0036873247008770704 -0.012448200024664402 -0.013109109364449978
			vertex 0.0038568314630538225 -0.01302044466137886 -0.01435883529484272
			vertex 0.0033667513635009527 -0.011365962214767933 -0.014338555745780468
		endloop
	endfacet
	facet normal 0.9588197236843593 0.28401538245990765 3.891011315824974e-8
		outer loop
			vertex 0.0038568314630538225 -0.01302044466137886 -0.01435883529484272
			vertex 0.0036740207578986883 -0.012403286062180996 -0.015021547675132751
			vertex 0.0033667513635009527 -0.011365962214767933 -0.014338555745780468
		endloop
	endfacet
	facet normal 0.9588197236843593 0.28401538245990765 3.891011315824974e-8
		outer loop
			vertex 0.0033667513635009527 -0.011365962214767933 -0.014338555745780468
			vertex 0.0036740207578986883 -0.012403286062180996 -0.015021547675132751
			vertex 0.003491210052743554 -0.011786127462983131 -0.015684260055422783
		endloop
	endfacet
	facet normal 0.9588196978197517 0.28401546977720615 -2.7079151772043413e-7
		outer loop
			vertex 0.004485014826059341 -0.015141155570745468 -0.01140268798917532
			vertex 0.004336962942034006 -0.014641341753304005 -0.012165418826043606
			vertex 0.0040015531703829765 -0.013509017415344715 -0.011674689128994942
		endloop
	endfacet
	facet normal 0.9588197296953729 0.28401536216707085 -7.019534633958115e-10
		outer loop
			vertex 0.004336962942034006 -0.014641341753304005 -0.012165418826043606
			vertex 0.004188911058008671 -0.014141527004539967 -0.012928148731589317
			vertex 0.0040015531703829765 -0.013509017415344715 -0.011674689128994942
		endloop
	endfacet
	facet normal 0.9588197266771078 0.28401537235656177 -6.294831332719805e-9
		outer loop
			vertex 0.0040015531703829765 -0.013509017415344715 -0.011674689128994942
			vertex 0.004188911058008671 -0.014141527004539967 -0.012928148731589317
			vertex 0.0036873247008770704 -0.012448200024664402 -0.013109109364449978
		endloop
	endfacet
	facet normal 0.9588197221717899 0.2840153875662193 1.4851635084147734e-7
		outer loop
			vertex 0.004188911058008671 -0.014141527004539967 -0.012928148731589317
			vertex 0.004022871144115925 -0.013580985367298126 -0.013643492013216019
			vertex 0.0036873247008770704 -0.012448200024664402 -0.013109109364449978
		endloop
	endfacet
	facet normal 0.9588197167609633 0.2840154058328787 1.06397117167354e-7
		outer loop
			vertex 0.0036873247008770704 -0.012448200024664402 -0.013109109364449978
			vertex 0.004022871144115925 -0.013580985367298126 -0.013643492013216019
			vertex 0.0038568314630538225 -0.01302044466137886 -0.01435883529484272
		endloop
	endfacet
	facet normal 0.9588196850416226 0.2840155129154974 1.7571783154733134e-7
		outer loop
			vertex 0.004851932171732187 -0.01637984812259674 0.008953206241130829
			vertex 0.004485216457396746 -0.015141837298870087 0.008763261139392853
			vertex 0.004742972552776337 -0.016012007370591164 0.009793629869818687
		endloop
	endfacet
	facet normal 0.9588197514317421 0.2840152887863111 -3.017250837117039e-8
		outer loop
			vertex 0.004485216457396746 -0.015141837298870087 0.008763261139392853
			vertex 0.00424273731186986 -0.014323241077363491 0.010361043736338615
			vertex 0.004742972552776337 -0.016012007370591164 0.009793629869818687
		endloop
	endfacet
	facet normal 0.9588197365954494 0.28401533887273844 -1.923220648803168e-7
		outer loop
			vertex 0.004742972552776337 -0.016012007370591164 0.009793629869818687
			vertex 0.00424273731186986 -0.014323241077363491 0.010361043736338615
			vertex 0.004613993689417839 -0.015576581470668316 0.01059815939515829
		endloop
	endfacet
	facet normal 0.9588197252487977 0.28401537717845476 2.417339378536445e-8
		outer loop
			vertex 0.001750177820213139 -0.005908501334488392 0.019752036780118942
			vertex 0.001649645040743053 -0.005569108296185732 0.01851947233080864
			vertex 0.0015057130949571729 -0.005083202384412289 0.02008761651813984
		endloop
	endfacet
	facet normal 0.9588197210512402 0.2840153913491688 1.9397177165094297e-8
		outer loop
			vertex 0.001649645040743053 -0.005569108296185732 0.01851947233080864
			vertex 0.0011715294094756246 -0.003955017309635878 0.01918884553015232
			vertex 0.0015057130949571729 -0.005083202384412289 0.02008761651813984
		endloop
	endfacet
	facet normal 0.9588197523727081 0.284015285609636 -1.24978740652935e-7
		outer loop
			vertex 0.0015057130949571729 -0.005083202384412289 0.02008761651813984
			vertex 0.0011715294094756246 -0.003955017309635878 0.01918884553015232
			vertex 0.0012612483697012067 -0.004257902968674898 0.020423196256160736
		endloop
	endfacet
	facet normal 0.9588198173230974 0.284015066340648 -1.3940391912871245e-7
		outer loop
			vertex 0.005270531866699457 -0.017793018370866776 -0.004585424438118935
			vertex 0.004862558096647263 -0.01641572080552578 -0.005132632330060005
			vertex 0.005315257702022791 -0.017944009974598885 -0.0036750950384885073
		endloop
	endfacet
	facet normal 0.958819739606685 0.2840153287069972 1.5983634157871366e-7
		outer loop
			vertex 0.004862558096647263 -0.01641572080552578 -0.005132632330060005
			vertex 0.004970252048224211 -0.01677929051220417 -0.0033611832186579704
			vertex 0.005315257702022791 -0.017944009974598885 -0.0036750950384885073
		endloop
	endfacet
	facet normal 0.9588196810822895 0.28401552628131127 -6.375528624149563e-7
		outer loop
			vertex 0.005315257702022791 -0.017944009974598885 -0.0036750950384885073
			vertex 0.004970252048224211 -0.01677929051220417 -0.0033611832186579704
			vertex 0.005359983537346125 -0.018094999715685844 -0.0027647658716887236
		endloop
	endfacet
	facet normal 0.9588196368125075 0.28401567573402264 -2.789287596725722e-7
		outer loop
			vertex 0.004970252048224211 -0.01677929051220417 -0.0033611832186579704
			vertex 0.0050326865166425705 -0.016990063712000847 -0.0015629943227395415
			vertex 0.005359983537346125 -0.018094999715685844 -0.0027647658716887236
		endloop
	endfacet
	facet normal 0.9588198584606581 0.28401492746203216 4.6941433679218394e-7
		outer loop
			vertex 0.005359983537346125 -0.018094999715685844 -0.0027647658716887236
			vertex 0.0050326865166425705 -0.016990063712000847 -0.0015629943227395415
			vertex 0.005382428411394358 -0.01817077398300171 -0.0018443058943375945
		endloop
	endfacet
	facet normal 0.9588197395523728 0.2840153288903928 -4.7020849125596725e-8
		outer loop
			vertex 0.0030947262421250343 -0.010447620414197445 0.016894709318876266
			vertex 0.003292968263849616 -0.011116874404251575 0.0162894856184721
			vertex 0.0029564884025603533 -0.009980937466025352 0.015654513612389565
		endloop
	endfacet
	facet normal 0.9588197331379518 0.28401535054511984 -4.8824122126975146e-9
		outer loop
			vertex 0.003292968263849616 -0.011116874404251575 0.0162894856184721
			vertex 0.003491210052743554 -0.011786127462983131 0.015684260055422783
			vertex 0.0029564884025603533 -0.009980937466025352 0.015654513612389565
		endloop
	endfacet
	facet normal 0.9588197329155829 0.2840153512958211 4.467187871872313e-8
		outer loop
			vertex 0.0029564884025603533 -0.009980937466025352 0.015654513612389565
			vertex 0.003491210052743554 -0.011786127462983131 0.015684260055422783
			vertex 0.003338052425533533 -0.01126907579600811 0.014439214952290058
		endloop
	endfacet
	facet normal 0.9588197011548824 0.28401545851811644 -7.882758771911714e-8
		outer loop
			vertex 0.0012612483697012067 -0.004257902968674898 0.020423196256160736
			vertex 0.0011715294094756246 -0.003955017309635878 0.01918884553015232
			vertex 0.0010095268953591585 -0.0034081058111041784 0.02068391628563404
		endloop
	endfacet
	facet normal 0.9588197507677398 0.28401529102794665 -1.218210821304431e-8
		outer loop
			vertex 0.0011715294094756246 -0.003955017309635878 0.01918884553015232
			vertex 0.0006783516728319228 -0.002290076809003949 0.01970585621893406
			vertex 0.0010095268953591585 -0.0034081058111041784 0.02068391628563404
		endloop
	endfacet
	facet normal 0.9588197470886588 0.2840153034483191 3.2614802149233936e-9
		outer loop
			vertex 0.0010095268953591585 -0.0034081058111041784 0.02068391628563404
			vertex 0.0006783516728319228 -0.002290076809003949 0.01970585621893406
			vertex 0.0007578054792247713 -0.002558308420702815 0.020944638177752495
		endloop
	endfacet
	facet normal 0.9588197308784158 0.2840153581731848 1.61506769966134e-8
		outer loop
			vertex 0.0007578054792247713 -0.002558308420702815 0.020944638177752495
			vertex 0.0006783516728319228 -0.002290076809003949 0.01970585621893406
			vertex 0.0005006728461012244 -0.001690243254415691 0.021128585562109947
		endloop
	endfacet
	facet normal 0.9588197333866071 0.2840153497056726 2.0033882513199248e-8
		outer loop
			vertex 0.0006783516728319228 -0.002290076809003949 0.01970585621893406
			vertex 0.00024354021297767758 -0.0008221779717132449 0.020025575533509254
			vertex 0.0005006728461012244 -0.001690243254415691 0.021128585562109947
		endloop
	endfacet
	facet normal 0.9588197403188051 0.28401532630296383 0
		outer loop
			vertex 0.0005006728461012244 -0.001690243254415691 0.021128585562109947
			vertex 0.00024354021297767758 -0.0008221779717132449 0.020025575533509254
			vertex 0.00024354021297767758 -0.0008221779717132449 0.02131253480911255
		endloop
	endfacet
	facet normal 0.9588198218883621 0.2840150509285746 -9.426343168912452e-8
		outer loop
			vertex 0.005382428411394358 -0.01817077398300171 -0.0018443058943375945
			vertex 0.0050326865166425705 -0.016990063712000847 -0.0015629943227395415
			vertex 0.005404873285442591 -0.018246546387672424 -0.0009238460916094482
		endloop
	endfacet
	facet normal 0.9588197942109432 0.2840151443660593 1.0553959307294078e-7
		outer loop
			vertex 0.0050326865166425705 -0.016990063712000847 -0.0015629943227395415
			vertex 0.005049793049693108 -0.017047815024852753 -1.0045646641802472e-15
			vertex 0.005404873285442591 -0.018246546387672424 -0.0009238460916094482
		endloop
	endfacet
	facet normal 0.9588197720610517 0.2840152191429064 0
		outer loop
			vertex 0.005404873285442591 -0.018246546387672424 -0.0009238460916094482
			vertex 0.005049793049693108 -0.017047815024852753 -1.0045646641802472e-15
			vertex 0.005404873285442591 -0.018246546387672424 -1.0221858082193336e-15
		endloop
	endfacet
	facet normal 0.9588197171687312 0.2840154044562928 5.546021630162403e-8
		outer loop
			vertex 0.003960786387324333 -0.013371391221880913 0.011876394040882587
			vertex 0.004336962942034006 -0.014641341753304005 0.012165418826043606
			vertex 0.00424273731186986 -0.014323241077363491 0.010361043736338615
		endloop
	endfacet
	facet normal 0.9588196314073626 0.28401569398157733 1.109803286548337e-7
		outer loop
			vertex 0.004336962942034006 -0.014641341753304005 0.012165418826043606
			vertex 0.004485014826059341 -0.015141155570745468 0.01140268798917532
			vertex 0.00424273731186986 -0.014323241077363491 0.010361043736338615
		endloop
	endfacet
	facet normal 0.9588197365954597 0.2840153388727033 -1.923222668340573e-7
		outer loop
			vertex 0.00424273731186986 -0.014323241077363491 0.010361043736338615
			vertex 0.004485014826059341 -0.015141155570745468 0.01140268798917532
			vertex 0.004613993689417839 -0.015576581470668316 0.01059815939515829
		endloop
	endfacet
	facet normal 0.9588197434345636 0.2840153157843372 2.8630424447334152e-8
		outer loop
			vertex 0.003491210052743554 -0.011786127462983131 0.015684260055422783
			vertex 0.0036740207578986883 -0.012403286062180996 0.015021547675132751
			vertex 0.003338052425533533 -0.01126907579600811 0.014439214952290058
		endloop
	endfacet
	facet normal 0.9588197434345636 0.2840153157843372 2.8630424447334152e-8
		outer loop
			vertex 0.0036740207578986883 -0.012403286062180996 0.015021547675132751
			vertex 0.0038568314630538225 -0.01302044466137886 0.01435883529484272
			vertex 0.003338052425533533 -0.01126907579600811 0.014439214952290058
		endloop
	endfacet
	facet normal 0.958819741232673 0.2840153232177595 -1.4754548250435866e-7
		outer loop
			vertex 0.003338052425533533 -0.01126907579600811 0.014439214952290058
			vertex 0.0038568314630538225 -0.01302044466137886 0.01435883529484272
			vertex 0.0036873247008770704 -0.012448200024664402 0.013109109364449978
		endloop
	endfacet
	facet normal 0.9588197167609633 0.2840154058328787 -1.06397117167354e-7
		outer loop
			vertex 0.0038568314630538225 -0.01302044466137886 0.01435883529484272
			vertex 0.004022871144115925 -0.013580985367298126 0.013643492013216019
			vertex 0.0036873247008770704 -0.012448200024664402 0.013109109364449978
		endloop
	endfacet
	facet normal 0.9588197117275752 0.2840154228253199 -6.721597269755548e-8
		outer loop
			vertex 0.0036873247008770704 -0.012448200024664402 0.013109109364449978
			vertex 0.004022871144115925 -0.013580985367298126 0.013643492013216019
			vertex 0.003960786387324333 -0.013371391221880913 0.011876394040882587
		endloop
	endfacet
	facet normal 0.9588197453382005 0.2840153093577564 -8.185514092681876e-8
		outer loop
			vertex 0.004022871144115925 -0.013580985367298126 0.013643492013216019
			vertex 0.004188911058008671 -0.014141527004539967 0.012928148731589317
			vertex 0.003960786387324333 -0.013371391221880913 0.011876394040882587
		endloop
	endfacet
	facet normal 0.9588197217477468 0.28401538899780254 -1.8422845961493677e-8
		outer loop
			vertex 0.003960786387324333 -0.013371391221880913 0.011876394040882587
			vertex 0.004188911058008671 -0.014141527004539967 0.012928148731589317
			vertex 0.004336962942034006 -0.014641341753304005 0.012165418826043606
		endloop
	endfacet
	facet normal 0.9588197620889258 0.2840152528082329 1.0576177358497281e-7
		outer loop
			vertex 0.005270531866699457 -0.017793018370866776 0.004585424438118935
			vertex 0.005315257702022791 -0.017944009974598885 0.0036750950384885073
			vertex 0.004958192817866802 -0.01673857867717743 0.003605094738304615
		endloop
	endfacet
	facet normal 0.9588197529865073 0.28401528353669453 6.813479252170925e-7
		outer loop
			vertex 0.005315257702022791 -0.017944009974598885 0.0036750950384885073
			vertex 0.005359983537346125 -0.018094999715685844 0.0027647658716887236
			vertex 0.004958192817866802 -0.01673857867717743 0.003605094738304615
		endloop
	endfacet
	facet normal 0.9588196241429374 0.2840157185058417 -8.236432888987272e-8
		outer loop
			vertex 0.004958192817866802 -0.01673857867717743 0.003605094738304615
			vertex 0.005359983537346125 -0.018094999715685844 0.0027647658716887236
			vertex 0.005026848055422306 -0.016970355063676834 0.0018097070278599858
		endloop
	endfacet
	facet normal 0.9588197231126303 0.28401538438957613 -5.103299879098065e-7
		outer loop
			vertex 0.005359983537346125 -0.018094999715685844 0.0027647658716887236
			vertex 0.005382428411394358 -0.01817077398300171 0.0018443058943375945
			vertex 0.005026848055422306 -0.016970355063676834 0.0018097070278599858
		endloop
	endfacet
	facet normal 0.9588197178455283 0.28401540217142385 1.6074819367375355e-7
		outer loop
			vertex 0.005026848055422306 -0.016970355063676834 0.0018097070278599858
			vertex 0.005382428411394358 -0.01817077398300171 0.0018443058943375945
			vertex 0.005049793049693108 -0.017047815024852753 -1.0045646641802472e-15
		endloop
	endfacet
	facet normal 0.9588197564305528 0.28401527191059595 7.447600439038803e-8
		outer loop
			vertex 0.005382428411394358 -0.01817077398300171 0.0018443058943375945
			vertex 0.005404873285442591 -0.018246546387672424 0.0009238460916094482
			vertex 0.005049793049693108 -0.017047815024852753 -1.0045646641802472e-15
		endloop
	endfacet
	facet normal 0.9588197720610517 0.2840152191429064 0
		outer loop
			vertex 0.005049793049693108 -0.017047815024852753 -1.0045646641802472e-15
			vertex 0.005404873285442591 -0.018246546387672424 0.0009238460916094482
			vertex 0.005404873285442591 -0.018246546387672424 -1.0221858082193336e-15
		endloop
	endfacet
	facet normal 0.9588197321983332 0.28401535371721887 0
		outer loop
			vertex 0.00024354021297767758 -0.0008221779717132449 0.020025575533509254
			vertex 0.0006783516728319228 -0.002290076809003949 0.01970585621893406
			vertex 0.00024354021297767758 -0.0008221779717132449 -0.020025575533509254
		endloop
	endfacet
	facet normal 0.9588197515755856 0.284015288300705 -2.628907932126137e-9
		outer loop
			vertex 0.0006783516728319228 -0.002290076809003949 0.01970585621893406
			vertex 0.0011715294094756246 -0.003955017309635878 0.01918884553015232
			vertex 0.00024354021297767758 -0.0008221779717132449 -0.020025575533509254
		endloop
	endfacet
	facet normal 0.958819736734834 0.2840153384022487 1.556729088107919e-9
		outer loop
			vertex 0.0036873247008770704 -0.012448200024664402 0.013109109364449978
			vertex 0.003960786387324333 -0.013371391221880913 0.011876394040882587
			vertex 0.00024354021297767758 -0.0008221779717132449 -0.020025575533509254
		endloop
	endfacet
	facet normal 0.9588197103334386 0.2840154275318498 3.969377433680409e-8
		outer loop
			vertex 0.003960786387324333 -0.013371391221880913 0.011876394040882587
			vertex 0.00424273731186986 -0.014323241077363491 0.010361043736338615
			vertex 0.00024354021297767758 -0.0008221779717132449 -0.020025575533509254
		endloop
	endfacet
	facet normal 0.9588196918784133 0.2840154898349221 1.1942437490793504e-7
		outer loop
			vertex 0.005049793049693108 -0.017047815024852753 -1.0045646641802472e-15
			vertex 0.0050326865166425705 -0.016990063712000847 -0.0015629943227395415
			vertex 0.00024354021297767758 -0.0008221779717132449 -0.020025575533509254
		endloop
	endfacet
	facet normal 0.9588198434067373 0.28401497828344274 -3.6785294983659793e-7
		outer loop
			vertex 0.0050326865166425705 -0.016990063712000847 -0.0015629943227395415
			vertex 0.004970252048224211 -0.01677929051220417 -0.0033611832186579704
			vertex 0.00024354021297767758 -0.0008221779717132449 -0.020025575533509254
		endloop
	endfacet
	facet normal 0.9588197500817043 0.2840152933439512 -8.749306400521433e-8
		outer loop
			vertex 0.0012099412269890308 -0.004084693267941475 -0.019141392782330513
			vertex 0.0007251162314787507 -0.002447951352223754 -0.01966380700469017
			vertex 0.0033667513635009527 -0.011365962214767933 -0.014338555745780468
		endloop
	endfacet
	facet normal 0.9588197334008125 0.2840153496577165 1.508831176843322e-8
		outer loop
			vertex 0.0007251162314787507 -0.002447951352223754 -0.01966380700469017
			vertex 0.00024354021297767758 -0.0008221779717132449 -0.020025575533509254
			vertex 0.0033667513635009527 -0.011365962214767933 -0.014338555745780468
		endloop
	endfacet
	facet normal 0.9588197130281495 0.28401541843462197 1.5378960160375046e-7
		outer loop
			vertex 0.0033667513635009527 -0.011365962214767933 -0.014338555745780468
			vertex 0.00024354021297767758 -0.0008221779717132449 -0.020025575533509254
			vertex 0.0036873247008770704 -0.012448200024664402 -0.013109109364449978
		endloop
	endfacet
	facet normal 0.9588197196224144 0.28401539617280375 6.74514738075768e-9
		outer loop
			vertex 0.0011715294094756246 -0.003955017309635878 0.01918884553015232
			vertex 0.001649645040743053 -0.005569108296185732 0.01851947233080864
			vertex 0.00024354021297767758 -0.0008221779717132449 -0.020025575533509254
		endloop
	endfacet
	facet normal 0.9588197429780748 0.28401531732541957 -3.817131517512161e-9
		outer loop
			vertex 0.001649645040743053 -0.005569108296185732 0.01851947233080864
			vertex 0.0021089136134833097 -0.007119573187083006 0.01770278811454773
			vertex 0.00024354021297767758 -0.0008221779717132449 -0.020025575533509254
		endloop
	endfacet
	facet normal 0.9588197360093426 0.2840153408514669 4.542465698906621e-10
		outer loop
			vertex 0.00024354021297767758 -0.0008221779717132449 -0.020025575533509254
			vertex 0.0021089136134833097 -0.007119573187083006 0.01770278811454773
			vertex 0.002545685973018408 -0.008594091981649399 0.01674526371061802
		endloop
	endfacet
	facet normal 0.9588197219341843 0.28401538836840057 1.1378680072108905e-8
		outer loop
			vertex 0.002545685973018408 -0.008594091981649399 0.01674526371061802
			vertex 0.0029564884025603533 -0.009980937466025352 0.015654513612389565
			vertex 0.00024354021297767758 -0.0008221779717132449 -0.020025575533509254
		endloop
	endfacet
	facet normal 0.9588197238885636 0.28401538177052765 9.536463236303667e-9
		outer loop
			vertex 0.0029564884025603533 -0.009980937466025352 0.015654513612389565
			vertex 0.003338052425533533 -0.01126907579600811 0.014439214952290058
			vertex 0.00024354021297767758 -0.0008221779717132449 -0.020025575533509254
		endloop
	endfacet
	facet normal 0.9588197727717969 0.28401521674346614 -4.4875317187935926e-8
		outer loop
			vertex 0.00024354021297767758 -0.0008221779717132449 -0.020025575533509254
			vertex 0.003338052425533533 -0.01126907579600811 0.014439214952290058
			vertex 0.0036873247008770704 -0.012448200024664402 0.013109109364449978
		endloop
	endfacet
	facet normal 0.9588197522320282 0.28401528608459026 -2.8666877304306686e-8
		outer loop
			vertex 0.00424273731186986 -0.014323241077363491 0.010361043736338615
			vertex 0.004485216457396746 -0.015141837298870087 0.008763261139392853
			vertex 0.00024354021297767758 -0.0008221779717132449 -0.020025575533509254
		endloop
	endfacet
	facet normal 0.9588197296458959 0.28401536233410224 1.2587658595485894e-8
		outer loop
			vertex 0.004485216457396746 -0.015141837298870087 0.008763261139392853
			vertex 0.0046862950548529625 -0.015820667147636414 0.007095756940543652
			vertex 0.00024354021297767758 -0.0008221779717132449 -0.020025575533509254
		endloop
	endfacet
	facet normal 0.9588197472729008 0.2840153028263269 -2.3208487724417144e-8
		outer loop
			vertex 0.00024354021297767758 -0.0008221779717132449 -0.020025575533509254
			vertex 0.0046862950548529625 -0.015820667147636414 0.007095756940543652
			vertex 0.004844373092055321 -0.016354329884052277 0.005371796432882547
		endloop
	endfacet
	facet normal 0.9588195726456776 0.28401589235566904 9.865629529162987e-7
		outer loop
			vertex 0.0025790072977542877 -0.008706582710146904 -0.016664130613207817
			vertex 0.0021441499702632427 -0.0072385286912322044 -0.017632443457841873
			vertex 0.0016865171492099762 -0.0056935865432024 -0.01846046932041645
		endloop
	endfacet
	facet normal 0.958819727862777 0.2840153683538096 2.038206771922548e-8
		outer loop
			vertex 0.004844373092055321 -0.016354329884052277 0.005371796432882547
			vertex 0.004958192817866802 -0.01673857867717743 0.003605094738304615
			vertex 0.00024354021297767758 -0.0008221779717132449 -0.020025575533509254
		endloop
	endfacet
	facet normal 0.958819746040328 0.28401530698742344 -2.4577843183543814e-8
		outer loop
			vertex 0.004958192817866802 -0.01673857867717743 0.003605094738304615
			vertex 0.005026848055422306 -0.016970355063676834 0.0018097070278599858
			vertex 0.00024354021297767758 -0.0008221779717132449 -0.020025575533509254
		endloop
	endfacet
	facet normal 0.9588196799894797 0.28401552997124646 1.5479807249416072e-7
		outer loop
			vertex 0.00024354021297767758 -0.0008221779717132449 -0.020025575533509254
			vertex 0.005026848055422306 -0.016970355063676834 0.0018097070278599858
			vertex 0.005049793049693108 -0.017047815024852753 -1.0045646641802472e-15
		endloop
	endfacet
	facet normal 0.95881968071479 0.2840155275226108 2.0422126615208873e-7
		outer loop
			vertex 0.004970252048224211 -0.01677929051220417 -0.0033611832186579704
			vertex 0.004862558096647263 -0.01641572080552578 -0.005132632330060005
			vertex 0.00024354021297767758 -0.0008221779717132449 -0.020025575533509254
		endloop
	endfacet
	facet normal 0.9588196855006574 0.28401551136581643 1.8582008997801797e-7
		outer loop
			vertex 0.004862558096647263 -0.01641572080552578 -0.005132632330060005
			vertex 0.004710460547357798 -0.01590224727988243 -0.006863248534500599
			vertex 0.00024354021297767758 -0.0008221779717132449 -0.020025575533509254
		endloop
	endfacet
	facet normal 0.9588197456960045 0.2840153081498336 -6.743291960752679e-8
		outer loop
			vertex 0.00024354021297767758 -0.0008221779717132449 -0.020025575533509254
			vertex 0.004710460547357798 -0.01590224727988243 -0.006863248534500599
			vertex 0.004515169654041529 -0.015242956578731537 -0.008539263159036636
		endloop
	endfacet
	facet normal 0.9588197549638269 0.28401527686217026 -1.1016039844023681e-7
		outer loop
			vertex 0.004515169654041529 -0.015242956578731537 -0.008539263159036636
			vertex 0.004278238862752914 -0.014443092048168182 -0.010147341527044773
			vertex 0.00024354021297767758 -0.0008221779717132449 -0.020025575533509254
		endloop
	endfacet
	facet normal 0.9588197721716066 0.2840152187696102 -1.9729155715039295e-7
		outer loop
			vertex 0.004278238862752914 -0.014443092048168182 -0.010147341527044773
			vertex 0.0040015531703829765 -0.013509017415344715 -0.011674689128994942
			vertex 0.00024354021297767758 -0.0008221779717132449 -0.020025575533509254
		endloop
	endfacet
	facet normal 0.9588197486145263 0.28401529829706773 -6.587078998020143e-8
		outer loop
			vertex 0.00024354021297767758 -0.0008221779717132449 -0.020025575533509254
			vertex 0.0040015531703829765 -0.013509017415344715 -0.011674689128994942
			vertex 0.0036873247008770704 -0.012448200024664402 -0.013109109364449978
		endloop
	endfacet
	facet normal 0.95881972574422 0.284015375505934 4.799661042920637e-8
		outer loop
			vertex 0.0012099412269890308 -0.004084693267941475 -0.019141392782330513
			vertex 0.0033667513635009527 -0.011365962214767933 -0.014338555745780468
			vertex 0.0016865171492099762 -0.0056935865432024 -0.01846046932041645
		endloop
	endfacet
	facet normal 0.9588196405125284 0.28401566324271016 4.787092542294359e-7
		outer loop
			vertex 0.0033667513635009527 -0.011365962214767933 -0.014338555745780468
			vertex 0.0029876232147216797 -0.010086046531796455 -0.015563251450657845
			vertex 0.0016865171492099762 -0.0056935865432024 -0.01846046932041645
		endloop
	endfacet
	facet normal 0.9588197922860833 0.2840151508640659 -3.6626557907463675e-7
		outer loop
			vertex 0.0016865171492099762 -0.0056935865432024 -0.01846046932041645
			vertex 0.0029876232147216797 -0.010086046531796455 -0.015563251450657845
			vertex 0.0025790072977542877 -0.008706582710146904 -0.016664130613207817
		endloop
	endfacet
	facet normal 0.9588196640952692 0.28401558362612866 -0.0000013208690345705155
		outer loop
			vertex 0.00024354021297767758 -0.0008221779717132449 0.02131253480911255
			vertex 0.0005239797756075859 -0.0017689260421320796 0.021131951361894608
			vertex 0.0005006728461012244 -0.001690243254415691 0.021128585562109947
		endloop
	endfacet
	facet normal 0.9588196623534113 0.28401558950719336 -0.0000011713248079446838
		outer loop
			vertex 0.0005239797756075859 -0.0017689260421320796 0.021131951361894608
			vertex 0.0007578054792247713 -0.002558308420702815 0.020944638177752495
			vertex 0.0005006728461012244 -0.001690243254415691 0.021128585562109947
		endloop
	endfacet
	facet normal 0.95881941476446 0.28401642532597293 -0.000003974240416761698
		outer loop
			vertex 0.0007578054792247713 -0.002558308420702815 0.020944638177752495
			vertex 0.0009635580936446786 -0.0032529174350202084 0.02075141854584217
			vertex 0.0010095268953591585 -0.0034081058111041784 0.02068391628563404
		endloop
	endfacet
	facet normal 0.9588192821540612 0.28401687299106837 -0.0000050937341949159
		outer loop
			vertex 0.0009635580936446786 -0.0032529174350202084 0.02075141854584217
			vertex 0.0012612483697012067 -0.004257902968674898 0.020423196256160736
			vertex 0.0010095268953591585 -0.0034081058111041784 0.02068391628563404
		endloop
	endfacet
	facet normal 0.9588191780858094 0.2840172243133223 -0.000005311239147265719
		outer loop
			vertex 0.0012612483697012067 -0.004257902968674898 0.020423196256160736
			vertex 0.001393960788846016 -0.004705932457000017 0.02025769092142582
			vertex 0.0015057130949571729 -0.005083202384412289 0.02008761651813984
		endloop
	endfacet
	facet normal 0.9588187328374314 0.28401872734053346 -0.000008937913637798686
		outer loop
			vertex 0.001393960788846016 -0.004705932457000017 0.02025769092142582
			vertex 0.001750177820213139 -0.005908501334488392 0.019752036780118942
			vertex 0.0015057130949571729 -0.005083202384412289 0.02008761651813984
		endloop
	endfacet
	facet normal 0.9588196673286652 0.28401557271305966 -4.697562568647227e-7
		outer loop
			vertex 0.001750177820213139 -0.005908501334488392 0.019752036780118942
			vertex 0.0018128401134163141 -0.00612004566937685 0.01965346559882164
			vertex 0.0019855930004268885 -0.006703249644488096 0.019344057887792587
		endloop
	endfacet
	facet normal 0.9588204242109271 0.28401301747143987 0.0000047692232776455345
		outer loop
			vertex 0.0018128401134163141 -0.00612004566937685 0.01965346559882164
			vertex 0.002217911183834076 -0.007487542927265167 0.018942033872008324
			vertex 0.0019855930004268885 -0.006703249644488096 0.019344057887792587
		endloop
	endfacet
	facet normal 0.9588420050803504 0.2839401061131877 0.00015948017201229992
		outer loop
			vertex 0.0019855930004268885 -0.006703249644488096 0.019344057887792587
			vertex 0.002217911183834076 -0.007487542927265167 0.018942033872008324
			vertex 0.002221008064225316 -0.007497997488826513 0.018936078995466232
		endloop
	endfacet
	facet normal 0.9588213680330803 0.28400983100488164 0.000009785247484463079
		outer loop
			vertex 0.002221008064225316 -0.007497997488826513 0.018936078995466232
			vertex 0.0026069646701216698 -0.008800964802503586 0.018127279356122017
			vertex 0.0024456484243273735 -0.008256370201706886 0.018458690494298935
		endloop
	endfacet
	facet normal 0.9588176586468768 0.28402235353614275 -0.000012598089450017745
		outer loop
			vertex 0.0026069646701216698 -0.008800964802503586 0.018127279356122017
			vertex 0.0026702885515987873 -0.009014743380248547 0.017981303855776787
			vertex 0.0024456484243273735 -0.008256370201706886 0.018458690494298935
		endloop
	endfacet
	facet normal 0.9588189341380182 0.28401804788531293 -0.0000037217162571776176
		outer loop
			vertex 0.0026702885515987873 -0.009014743380248547 0.017981303855776787
			vertex 0.002977878088131547 -0.010053147561848164 0.017213646322488785
			vertex 0.002882507396861911 -0.009731181897222996 0.017438005656003952
		endloop
	endfacet
	facet normal 0.9588189341081548 0.28401804798612645 -0.000003721873623399545
		outer loop
			vertex 0.002977878088131547 -0.010053147561848164 0.017213646322488785
			vertex 0.0030947262421250343 -0.010447620414197445 0.016894709318876266
			vertex 0.002882507396861911 -0.009731181897222996 0.017438005656003952
		endloop
	endfacet
	facet normal 0.9588196059075147 0.2840157800669016 -5.897056537301699e-7
		outer loop
			vertex 0.0030947262421250343 -0.010447620414197445 0.016894709318876266
			vertex 0.003328628372400999 -0.01123726088553667 0.01620611548423767
			vertex 0.003292968263849616 -0.011116874404251575 0.0162894856184721
		endloop
	endfacet
	facet normal 0.9588196608110006 0.2840155947165385 -2.9857571239460875e-7
		outer loop
			vertex 0.003328628372400999 -0.01123726088553667 0.01620611548423767
			vertex 0.003491210052743554 -0.011786127462983131 0.015684260055422783
			vertex 0.003292968263849616 -0.011116874404251575 0.0162894856184721
		endloop
	endfacet
	facet normal 0.958820420730713 0.28401302925091415 0.0000023448248953761163
		outer loop
			vertex 0.003491210052743554 -0.011786127462983131 0.015684260055422783
			vertex 0.0036573021207004786 -0.012346845120191574 0.015110187232494354
			vertex 0.0036740207578986883 -0.012403286062180996 0.015021547675132751
		endloop
	endfacet
	facet normal 0.958820420730713 0.28401302925091415 0.0000023448248953761163
		outer loop
			vertex 0.0036573021207004786 -0.012346845120191574 0.015110187232494354
			vertex 0.0038568314630538225 -0.01302044466137886 0.01435883529484272
			vertex 0.0036740207578986883 -0.012403286062180996 0.015021547675132751
		endloop
	endfacet
	facet normal 0.9588238049016877 0.28400160390031154 0.000011657659137261809
		outer loop
			vertex 0.0038568314630538225 -0.01302044466137886 0.01435883529484272
			vertex 0.003962106537073851 -0.013375848531723022 0.013931835070252419
			vertex 0.004022871144115925 -0.013580985367298126 0.013643492013216019
		endloop
	endfacet
	facet normal 0.958824022505802 0.28400086921753165 0.00001222619416909031
		outer loop
			vertex 0.003962106537073851 -0.013375848531723022 0.013931835070252419
			vertex 0.004188911058008671 -0.014141527004539967 0.012928148731589317
			vertex 0.004022871144115925 -0.013580985367298126 0.013643492013216019
		endloop
	endfacet
	facet normal 0.95881861522933 0.28401912450136513 -0.0000026810717026084764
		outer loop
			vertex 0.004188911058008671 -0.014141527004539967 0.012928148731589317
			vertex 0.00424137944355607 -0.014318657107651234 0.012677489779889584
			vertex 0.004336962942034006 -0.014641341753304005 0.012165418826043606
		endloop
	endfacet
	facet normal 0.9588148583190501 0.2840318069112098 -0.000011374237212864563
		outer loop
			vertex 0.00424137944355607 -0.014318657107651234 0.012677489779889584
			vertex 0.004485014826059341 -0.015141155570745468 0.01140268798917532
			vertex 0.004336962942034006 -0.014641341753304005 0.012165418826043606
		endloop
	endfacet
	facet normal 0.9588374864911814 0.28395540718219525 0.00003508942142676065
		outer loop
			vertex 0.004485014826059341 -0.015141155570745468 0.01140268798917532
			vertex 0.004493596963584423 -0.015170129016041756 0.0113539919257164
			vertex 0.004613993689417839 -0.015576581470668316 0.01059815939515829
		endloop
	endfacet
	facet normal 0.9588203436817389 0.28401328937307435 0.000001232322590959661
		outer loop
			vertex 0.004493596963584423 -0.015170129016041756 0.0113539919257164
			vertex 0.004717383533716202 -0.01592561975121498 0.009968561120331287
			vertex 0.004613993689417839 -0.015576581470668316 0.01059815939515829
		endloop
	endfacet
	facet normal 0.9588158321265159 0.28402851969529963 -0.000007951969528214074
		outer loop
			vertex 0.004613993689417839 -0.015576581470668316 0.01059815939515829
			vertex 0.004717383533716202 -0.01592561975121498 0.009968561120331287
			vertex 0.004742972552776337 -0.016012007370591164 0.009793629869818687
		endloop
	endfacet
	facet normal 0.9588269934817037 0.28399083863512836 0.000011922806270726733
		outer loop
			vertex 0.004742972552776337 -0.016012007370591164 0.009793629869818687
			vertex 0.004911518190056086 -0.016581008210778236 0.008528754115104675
			vertex 0.004851932171732187 -0.01637984812259674 0.008953206241130829
		endloop
	endfacet
	facet normal 0.9588222643664783 0.28400680509718185 0.0000036919509000031185
		outer loop
			vertex 0.004911518190056086 -0.016581008210778236 0.008528754115104675
			vertex 0.004960891790688038 -0.016747690737247467 0.008112781681120396
			vertex 0.004851932171732187 -0.01637984812259674 0.008953206241130829
		endloop
	endfacet
	facet normal 0.9588160297072538 0.28402785278164094 -0.000004546371166802635
		outer loop
			vertex 0.004960891790688038 -0.016747690737247467 0.008112781681120396
			vertex 0.005074942484498024 -0.017132718116044998 0.0070424252189695835
			vertex 0.005049033556133509 -0.01704525202512741 0.007242621388286352
		endloop
	endfacet
	facet normal 0.958815757545716 0.28402877153064 -0.000004982996890276682
		outer loop
			vertex 0.005074942484498024 -0.017132718116044998 0.0070424252189695835
			vertex 0.005137175787240267 -0.017342815175652504 0.006372461095452309
			vertex 0.005049033556133509 -0.01704525202512741 0.007242621388286352
		endloop
	endfacet
	facet normal 0.9588202784026868 0.2840135097549112 7.009786017200196e-7
		outer loop
			vertex 0.005137175787240267 -0.017342815175652504 0.006372461095452309
			vertex 0.005206764210015535 -0.01757774129509926 0.005517682060599327
			vertex 0.005203853826969862 -0.017567915841937065 0.005478942766785622
		endloop
	endfacet
	facet normal 0.9588205973140896 0.2840124331188503 4.039522391781152e-7
		outer loop
			vertex 0.005206764210015535 -0.01757774129509926 0.005517682060599327
			vertex 0.005270531866699457 -0.017793018370866776 0.004585424438118935
			vertex 0.005203853826969862 -0.017567915841937065 0.005478942766785622
		endloop
	endfacet
	facet normal 0.9588127864584746 0.28403880105818824 -0.000004142787077249471
		outer loop
			vertex 0.005270531866699457 -0.017793018370866776 0.004585424438118935
			vertex 0.005306265316903591 -0.01791365072131157 0.003962841350585222
			vertex 0.005315257702022791 -0.017944009974598885 0.0036750950384885073
		endloop
	endfacet
	facet normal 0.9588101640070067 0.28404765334402005 -0.000005158719754771358
		outer loop
			vertex 0.005306265316903591 -0.01791365072131157 0.003962841350585222
			vertex 0.005359983537346125 -0.018094999715685844 0.0027647658716887236
			vertex 0.005315257702022791 -0.017944009974598885 0.0036750950384885073
		endloop
	endfacet
	facet normal 0.9588190175376176 0.28401776635920917 -7.236239396669081e-7
		outer loop
			vertex 0.005359983537346125 -0.018094999715685844 0.0027647658716887236
			vertex 0.005372902378439903 -0.018138613551855087 0.0023863844107836485
			vertex 0.005382428411394358 -0.01817077398300171 0.0018443058943375945
		endloop
	endfacet
	facet normal 0.9588122100406571 0.2840407468517181 -0.0000022066397077565786
		outer loop
			vertex 0.005372902378439903 -0.018138613551855087 0.0023863844107836485
			vertex 0.005404873285442591 -0.018246546387672424 0.0009238460916094482
			vertex 0.005382428411394358 -0.01817077398300171 0.0018443058943375945
		endloop
	endfacet
	facet normal 0.9588175896521602 0.28402258673144637 0
		outer loop
			vertex 0.005404873285442591 -0.018246546387672424 0.0009238460916094482
			vertex 0.005406311713159084 -0.01825140230357647 0.0007969104335643351
			vertex 0.005404873285442591 -0.018246546387672424 -1.0221858082193336e-15
		endloop
	endfacet
	facet normal 0.9588175896521602 0.28402258673144637 0
		outer loop
			vertex 0.005406311713159084 -0.01825140230357647 0.0007969104335643351
			vertex 0.005406311713159084 -0.01825140230357647 -0.0007969104335643351
			vertex 0.005404873285442591 -0.018246546387672424 -1.0221858082193336e-15
		endloop
	endfacet
	facet normal 0.9588175896521601 0.28402258673144637 0
		outer loop
			vertex 0.005404873285442591 -0.018246546387672424 -1.0221858082193336e-15
			vertex 0.005406311713159084 -0.01825140230357647 -0.0007969104335643351
			vertex 0.005404873285442591 -0.018246546387672424 -0.0009238460916094482
		endloop
	endfacet
	facet normal 0.9588122100406571 0.2840407468517181 0.0000022066397077565786
		outer loop
			vertex 0.005404873285442591 -0.018246546387672424 -0.0009238460916094482
			vertex 0.005372902378439903 -0.018138613551855087 -0.0023863844107836485
			vertex 0.005382428411394358 -0.01817077398300171 -0.0018443058943375945
		endloop
	endfacet
	facet normal 0.9588190175376176 0.28401776635920917 7.236239396669081e-7
		outer loop
			vertex 0.005372902378439903 -0.018138613551855087 -0.0023863844107836485
			vertex 0.005359983537346125 -0.018094999715685844 -0.0027647658716887236
			vertex 0.005382428411394358 -0.01817077398300171 -0.0018443058943375945
		endloop
	endfacet
	facet normal 0.9588101640070067 0.28404765334402005 0.000005158719754771358
		outer loop
			vertex 0.005359983537346125 -0.018094999715685844 -0.0027647658716887236
			vertex 0.005306265316903591 -0.01791365072131157 -0.003962841350585222
			vertex 0.005315257702022791 -0.017944009974598885 -0.0036750950384885073
		endloop
	endfacet
	facet normal 0.9588127864584746 0.28403880105818824 0.000004142787077249471
		outer loop
			vertex 0.005306265316903591 -0.01791365072131157 -0.003962841350585222
			vertex 0.005270531866699457 -0.017793018370866776 -0.004585424438118935
			vertex 0.005315257702022791 -0.017944009974598885 -0.0036750950384885073
		endloop
	endfacet
	facet normal 0.9588205973140896 0.2840124331188503 -4.039522391781152e-7
		outer loop
			vertex 0.005270531866699457 -0.017793018370866776 -0.004585424438118935
			vertex 0.005206764210015535 -0.01757774129509926 -0.005517682060599327
			vertex 0.005203853826969862 -0.017567915841937065 -0.005478942766785622
		endloop
	endfacet
	facet normal 0.9588202784026868 0.2840135097549112 -7.009786017200196e-7
		outer loop
			vertex 0.005206764210015535 -0.01757774129509926 -0.005517682060599327
			vertex 0.005137175787240267 -0.017342815175652504 -0.006372461095452309
			vertex 0.005203853826969862 -0.017567915841937065 -0.005478942766785622
		endloop
	endfacet
	facet normal 0.958815757545716 0.28402877153064 0.000004982996890276682
		outer loop
			vertex 0.005137175787240267 -0.017342815175652504 -0.006372461095452309
			vertex 0.005074942484498024 -0.017132718116044998 -0.0070424252189695835
			vertex 0.005049033556133509 -0.01704525202512741 -0.007242621388286352
		endloop
	endfacet
	facet normal 0.9588160297072538 0.28402785278164094 0.000004546371166802635
		outer loop
			vertex 0.005074942484498024 -0.017132718116044998 -0.0070424252189695835
			vertex 0.004960891790688038 -0.016747690737247467 -0.008112781681120396
			vertex 0.005049033556133509 -0.01704525202512741 -0.007242621388286352
		endloop
	endfacet
	facet normal 0.9588222643664783 0.28400680509718185 -0.0000036919509000031185
		outer loop
			vertex 0.004960891790688038 -0.016747690737247467 -0.008112781681120396
			vertex 0.004911518190056086 -0.016581008210778236 -0.008528754115104675
			vertex 0.004851932171732187 -0.01637984812259674 -0.008953206241130829
		endloop
	endfacet
	facet normal 0.9588269934817037 0.28399083863512836 -0.000011922806270726733
		outer loop
			vertex 0.004911518190056086 -0.016581008210778236 -0.008528754115104675
			vertex 0.004742972552776337 -0.016012007370591164 -0.009793629869818687
			vertex 0.004851932171732187 -0.01637984812259674 -0.008953206241130829
		endloop
	endfacet
	facet normal 0.9588158321265159 0.28402851969529963 0.000007951969528214074
		outer loop
			vertex 0.004742972552776337 -0.016012007370591164 -0.009793629869818687
			vertex 0.004717383533716202 -0.01592561975121498 -0.009968561120331287
			vertex 0.004613993689417839 -0.015576581470668316 -0.01059815939515829
		endloop
	endfacet
	facet normal 0.9588203436817389 0.28401328937307435 -0.000001232322590959661
		outer loop
			vertex 0.004717383533716202 -0.01592561975121498 -0.009968561120331287
			vertex 0.004493596963584423 -0.015170129016041756 -0.0113539919257164
			vertex 0.004613993689417839 -0.015576581470668316 -0.01059815939515829
		endloop
	endfacet
	facet normal 0.9588374864911814 0.28395540718219525 -0.00003508942142676065
		outer loop
			vertex 0.004613993689417839 -0.015576581470668316 -0.01059815939515829
			vertex 0.004493596963584423 -0.015170129016041756 -0.0113539919257164
			vertex 0.004485014826059341 -0.015141155570745468 -0.01140268798917532
		endloop
	endfacet
	facet normal 0.9588148583190501 0.2840318069112098 0.000011374237212864563
		outer loop
			vertex 0.004485014826059341 -0.015141155570745468 -0.01140268798917532
			vertex 0.00424137944355607 -0.014318657107651234 -0.012677489779889584
			vertex 0.004336962942034006 -0.014641341753304005 -0.012165418826043606
		endloop
	endfacet
	facet normal 0.95881861522933 0.28401912450136513 0.0000026810717026084764
		outer loop
			vertex 0.00424137944355607 -0.014318657107651234 -0.012677489779889584
			vertex 0.004188911058008671 -0.014141527004539967 -0.012928148731589317
			vertex 0.004336962942034006 -0.014641341753304005 -0.012165418826043606
		endloop
	endfacet
	facet normal 0.958824022505802 0.28400086921753165 -0.00001222619416909031
		outer loop
			vertex 0.004188911058008671 -0.014141527004539967 -0.012928148731589317
			vertex 0.003962106537073851 -0.013375848531723022 -0.013931835070252419
			vertex 0.004022871144115925 -0.013580985367298126 -0.013643492013216019
		endloop
	endfacet
	facet normal 0.9588238049016877 0.28400160390031154 -0.000011657659137261809
		outer loop
			vertex 0.003962106537073851 -0.013375848531723022 -0.013931835070252419
			vertex 0.0038568314630538225 -0.01302044466137886 -0.01435883529484272
			vertex 0.004022871144115925 -0.013580985367298126 -0.013643492013216019
		endloop
	endfacet
	facet normal 0.958820420730713 0.28401302925091415 -0.0000023448248953761163
		outer loop
			vertex 0.0038568314630538225 -0.01302044466137886 -0.01435883529484272
			vertex 0.0036573021207004786 -0.012346845120191574 -0.015110187232494354
			vertex 0.0036740207578986883 -0.012403286062180996 -0.015021547675132751
		endloop
	endfacet
	facet normal 0.958820420730713 0.28401302925091415 -0.0000023448248953761163
		outer loop
			vertex 0.0036573021207004786 -0.012346845120191574 -0.015110187232494354
			vertex 0.003491210052743554 -0.011786127462983131 -0.015684260055422783
			vertex 0.0036740207578986883 -0.012403286062180996 -0.015021547675132751
		endloop
	endfacet
	facet normal 0.9588196608110006 0.2840155947165385 2.9857571239460875e-7
		outer loop
			vertex 0.003491210052743554 -0.011786127462983131 -0.015684260055422783
			vertex 0.003328628372400999 -0.01123726088553667 -0.01620611548423767
			vertex 0.003292968263849616 -0.011116874404251575 -0.0162894856184721
		endloop
	endfacet
	facet normal 0.9588196059075147 0.2840157800669016 5.897056537301699e-7
		outer loop
			vertex 0.003328628372400999 -0.01123726088553667 -0.01620611548423767
			vertex 0.0030947262421250343 -0.010447620414197445 -0.016894709318876266
			vertex 0.003292968263849616 -0.011116874404251575 -0.0162894856184721
		endloop
	endfacet
	facet normal 0.9588189341081548 0.28401804798612645 0.000003721873623399545
		outer loop
			vertex 0.0030947262421250343 -0.010447620414197445 -0.016894709318876266
			vertex 0.002977878088131547 -0.010053147561848164 -0.017213646322488785
			vertex 0.002882507396861911 -0.009731181897222996 -0.017438005656003952
		endloop
	endfacet
	facet normal 0.9588189341380182 0.28401804788531293 0.0000037217162571776176
		outer loop
			vertex 0.002977878088131547 -0.010053147561848164 -0.017213646322488785
			vertex 0.0026702885515987873 -0.009014743380248547 -0.017981303855776787
			vertex 0.002882507396861911 -0.009731181897222996 -0.017438005656003952
		endloop
	endfacet
	facet normal 0.9588176586468768 0.28402235353614275 0.000012598089450017745
		outer loop
			vertex 0.0026702885515987873 -0.009014743380248547 -0.017981303855776787
			vertex 0.0026069646701216698 -0.008800964802503586 -0.018127279356122017
			vertex 0.0024456484243273735 -0.008256370201706886 -0.018458690494298935
		endloop
	endfacet
	facet normal 0.9588213680330803 0.28400983100488164 -0.000009785247484463079
		outer loop
			vertex 0.0026069646701216698 -0.008800964802503586 -0.018127279356122017
			vertex 0.002221008064225316 -0.007497997488826513 -0.018936078995466232
			vertex 0.0024456484243273735 -0.008256370201706886 -0.018458690494298935
		endloop
	endfacet
	facet normal 0.9588420050803504 0.2839401061131877 -0.00015948017201229992
		outer loop
			vertex 0.002221008064225316 -0.007497997488826513 -0.018936078995466232
			vertex 0.002217911183834076 -0.007487542927265167 -0.018942033872008324
			vertex 0.0019855930004268885 -0.006703249644488096 -0.019344057887792587
		endloop
	endfacet
	facet normal 0.9588204242109271 0.28401301747143987 -0.0000047692232776455345
		outer loop
			vertex 0.002217911183834076 -0.007487542927265167 -0.018942033872008324
			vertex 0.0018128401134163141 -0.00612004566937685 -0.01965346559882164
			vertex 0.0019855930004268885 -0.006703249644488096 -0.019344057887792587
		endloop
	endfacet
	facet normal 0.9588196673286652 0.28401557271305966 4.697562568647227e-7
		outer loop
			vertex 0.0019855930004268885 -0.006703249644488096 -0.019344057887792587
			vertex 0.0018128401134163141 -0.00612004566937685 -0.01965346559882164
			vertex 0.001750177820213139 -0.005908501334488392 -0.019752036780118942
		endloop
	endfacet
	facet normal 0.9588187328374314 0.28401872734053346 0.000008937913637798686
		outer loop
			vertex 0.001750177820213139 -0.005908501334488392 -0.019752036780118942
			vertex 0.001393960788846016 -0.004705932457000017 -0.02025769092142582
			vertex 0.0015057130949571729 -0.005083202384412289 -0.02008761651813984
		endloop
	endfacet
	facet normal 0.9588191780858094 0.2840172243133223 0.000005311239147265719
		outer loop
			vertex 0.001393960788846016 -0.004705932457000017 -0.02025769092142582
			vertex 0.0012612483697012067 -0.004257902968674898 -0.020423196256160736
			vertex 0.0015057130949571729 -0.005083202384412289 -0.02008761651813984
		endloop
	endfacet
	facet normal 0.9588192821540612 0.28401687299106837 0.0000050937341949159
		outer loop
			vertex 0.0012612483697012067 -0.004257902968674898 -0.020423196256160736
			vertex 0.0009635580936446786 -0.0032529174350202084 -0.02075141854584217
			vertex 0.0010095268953591585 -0.0034081058111041784 -0.02068391628563404
		endloop
	endfacet
	facet normal 0.95881941476446 0.28401642532597293 0.000003974240416761698
		outer loop
			vertex 0.0009635580936446786 -0.0032529174350202084 -0.02075141854584217
			vertex 0.0007578054792247713 -0.002558308420702815 -0.020944638177752495
			vertex 0.0010095268953591585 -0.0034081058111041784 -0.02068391628563404
		endloop
	endfacet
	facet normal 0.00862529084360844 -0.17601934454548604 0.9843489191865051
		outer loop
			vertex 0.00012468955537769943 -0.0006730295717716217 0.02133931592106819
			vertex 0.00009635687456466258 -0.000661553640384227 0.021341616287827492
			vertex 0.00026472946046851575 -0.0018258073832839727 0.021131951361894608
		endloop
	endfacet
	facet normal -0.044882049543906594 -0.1743301257611231 0.9836638698665564
		outer loop
			vertex -0.00024354021297767758 -0.0008221779717132449 0.02131253480911255
			vertex -0.0005239797756075859 -0.0017689260421320796 0.021131951361894608
			vertex -0.00039537885459139943 -0.0018020349089056253 0.021131951361894608
		endloop
	endfacet
	facet normal -0.0036027521878884694 -0.175182622133536 -0.9845293642543586
		outer loop
			vertex -0.00006445451435865834 -0.0006486318889074028 -0.02134420908987522
			vertex -0.00004674611409427598 -0.0006463476456701756 -0.021344680339097977
			vertex -0.00013270851923152804 -0.001840120297856629 -0.021131951361894608
		endloop
	endfacet
	facet normal 0.008711091622935575 -0.17600719144926602 -0.9843503367403692
		outer loop
			vertex 0.00006445451435865834 -0.0006486318889074028 -0.02134420908987522
			vertex 0.00009635687456466258 -0.000661553640384227 -0.021341616287827492
			vertex 0.00026472946046851575 -0.0018258073832839727 -0.021131951361894608
		endloop
	endfacet
	facet normal 0.0070044965946120495 -0.1790190800018585 -0.9838206676131297
		outer loop
			vertex 0.00012468955537769943 -0.0006730295717716217 -0.02133931592106819
			vertex 0.0001528771099401638 -0.0006940782186575234 -0.021335285156965256
			vertex 0.00039537885459139943 -0.0018020349089056253 -0.021131951361894608
		endloop
	endfacet
	facet normal -0.00918943343013831 -0.17486614794070837 -0.9845493307181775
		outer loop
			vertex -0.00006445451435865834 -0.0006486318889074028 -0.02134420908987522
			vertex -0.00013270851923152804 -0.001840120297856629 -0.021131951361894608
			vertex -0.00009635687456466258 -0.000661553640384227 -0.021341616287827492
		endloop
	endfacet
	facet normal -0.00938944428703567 -0.17592818844463803 -0.9843582228267149
		outer loop
			vertex -0.0001528771099401638 -0.0006940782186575234 -0.021335285156965256
			vertex -0.00012468955537769943 -0.0006730295717716217 -0.02133931592106819
			vertex -0.00026472946046851575 -0.0018258073832839727 -0.021131951361894608
		endloop
	endfacet
	facet normal -0.019282719871385003 -0.16310857917772648 -0.9864196713939688
		outer loop
			vertex -0.00017676185234449804 -0.0007119138026610017 -0.021331869065761566
			vertex -0.0001528771099401638 -0.0006940782186575234 -0.021335285156965256
			vertex -0.00021726252452936023 -0.0007627390441484749 -0.021322673186659813
		endloop
	endfacet
	facet normal -0.02612852807767151 -0.15684658159690262 -0.9872772912722447
		outer loop
			vertex -0.0001528771099401638 -0.0006940782186575234 -0.021335285156965256
			vertex -0.00024354021297767758 -0.0008221779717132449 -0.02131253480911255
			vertex -0.00021726252452936023 -0.0007627390441484749 -0.021322673186659813
		endloop
	endfacet
	facet normal -0.019282719871385003 -0.16310857917772648 0.9864196713939688
		outer loop
			vertex -0.0001528771099401638 -0.0006940782186575234 0.021335285156965256
			vertex -0.00017676185234449804 -0.0007119138026610017 0.021331869065761566
			vertex -0.00021726252452936023 -0.0007627390441484749 0.021322673186659813
		endloop
	endfacet
	facet normal -0.02612852807767151 -0.15684658159690262 0.9872772912722447
		outer loop
			vertex -0.00021726252452936023 -0.0007627390441484749 0.021322673186659813
			vertex -0.00024354021297767758 -0.0008221779717132449 0.02131253480911255
			vertex -0.0001528771099401638 -0.0006940782186575234 0.021335285156965256
		endloop
	endfacet
	facet normal 0.01190940358951956 -0.18301517563965009 0.9830379502296593
		outer loop
			vertex -0.00024354021297767758 -0.0008221779717132449 0.02131253480911255
			vertex -0.00039537885459139943 -0.0018020349089056253 0.021131951361894608
			vertex -0.0001528771099401638 -0.0006940782186575234 0.021335285156965256
		endloop
	endfacet
	facet normal -0.0070044965946120495 -0.1790190800018585 0.9838206676131297
		outer loop
			vertex -0.0001528771099401638 -0.0006940782186575234 0.021335285156965256
			vertex -0.00039537885459139943 -0.0018020349089056253 0.021131951361894608
			vertex -0.00012468955537769943 -0.0006730295717716217 0.02133931592106819
		endloop
	endfacet
	facet normal -0.031522538483104524 -0.17324240163169718 0.9843746237304491
		outer loop
			vertex -0.00039537885459139943 -0.0018020349089056253 0.021131951361894608
			vertex -0.00026472946046851575 -0.0018258073832839727 0.021131951361894608
			vertex -0.00012468955537769943 -0.0006730295717716217 0.02133931592106819
		endloop
	endfacet
	facet normal -0.00862529084360844 -0.17601934454548604 0.9843489191865051
		outer loop
			vertex -0.00012468955537769943 -0.0006730295717716217 0.02133931592106819
			vertex -0.00026472946046851575 -0.0018258073832839727 0.021131951361894608
			vertex -0.00009635687456466258 -0.000661553640384227 0.021341616287827492
		endloop
	endfacet
	facet normal -0.008711091622935575 -0.17600719144926602 0.9843503367403692
		outer loop
			vertex -0.00009635687456466258 -0.000661553640384227 0.021341616287827492
			vertex -0.00026472946046851575 -0.0018258073832839727 0.021131951361894608
			vertex -0.00006445451435865834 -0.0006486318889074028 0.02134420908987522
		endloop
	endfacet
	facet normal -0.018896899617288843 -0.17430317642651658 0.9845106956617998
		outer loop
			vertex -0.00026472946046851575 -0.0018258073832839727 0.021131951361894608
			vertex -0.00013270851923152804 -0.001840120297856629 0.021131951361894608
			vertex -0.00006445451435865834 -0.0006486318889074028 0.02134420908987522
		endloop
	endfacet
	facet normal -0.0036027521878884694 -0.175182622133536 0.9845293642543586
		outer loop
			vertex -0.00006445451435865834 -0.0006486318889074028 0.02134420908987522
			vertex -0.00013270851923152804 -0.001840120297856629 0.021131951361894608
			vertex -0.00004674611409427598 -0.0006463476456701756 0.021344680339097977
		endloop
	endfacet
	facet normal -0.006301938198373639 -0.17499188156218876 0.9845497077152929
		outer loop
			vertex -0.00013270851923152804 -0.001840120297856629 0.021131951361894608
			vertex 3.2526065174565133e-19 -0.00184489949606359 0.021131951361894608
			vertex -0.00004674611409427598 -0.0006463476456701756 0.021344680339097977
		endloop
	endfacet
	facet normal -0.0035690470371631854 -0.17489090877767394 0.9845813485589527
		outer loop
			vertex -0.00004674611409427598 -0.0006463476456701756 0.021344680339097977
			vertex 3.2526065174565133e-19 -0.00184489949606359 0.021131951361894608
			vertex 6.863410157494161e-19 -0.0006403178558684886 0.021345920860767365
		endloop
	endfacet
	facet normal 0.006298217084595026 -0.17488855387455768 0.984568091187817
		outer loop
			vertex 3.2526065174565133e-19 -0.00184489949606359 0.021131951361894608
			vertex 0.00013270851923152804 -0.001840120297856629 0.021131951361894608
			vertex 6.863410157494161e-19 -0.0006403178558684886 0.021345920860767365
		endloop
	endfacet
	facet normal 0.003529355282059397 -0.17518779085565592 0.984528710392139
		outer loop
			vertex 6.863410157494161e-19 -0.0006403178558684886 0.021345920860767365
			vertex 0.00013270851923152804 -0.001840120297856629 0.021131951361894608
			vertex 0.00004674611409427598 -0.0006463476456701756 0.021344680339097977
		endloop
	endfacet
	facet normal 0.01892378041049707 -0.1745511222660961 0.9844662494217981
		outer loop
			vertex 0.00026472946046851575 -0.0018258073832839727 0.021131951361894608
			vertex 0.00009635687456466258 -0.000661553640384227 0.021341616287827492
			vertex 0.00013270851923152804 -0.001840120297856629 0.021131951361894608
		endloop
	endfacet
	facet normal 0.00918943343013831 -0.17486614794070837 0.9845493307181775
		outer loop
			vertex 0.00009635687456466258 -0.000661553640384227 0.021341616287827492
			vertex 0.00006445451435865834 -0.0006486318889074028 0.02134420908987522
			vertex 0.00013270851923152804 -0.001840120297856629 0.021131951361894608
		endloop
	endfacet
	facet normal 0.0036027521878884694 -0.175182622133536 0.9845293642543586
		outer loop
			vertex 0.00013270851923152804 -0.001840120297856629 0.021131951361894608
			vertex 0.00006445451435865834 -0.0006486318889074028 0.02134420908987522
			vertex 0.00004674611409427598 -0.0006463476456701756 0.021344680339097977
		endloop
	endfacet
	facet normal 0.00938944428703567 -0.17592818844463803 0.9843582228267149
		outer loop
			vertex 0.00012468955537769943 -0.0006730295717716217 0.02133931592106819
			vertex 0.00026472946046851575 -0.0018258073832839727 0.021131951361894608
			vertex 0.0001528771099401638 -0.0006940782186575234 0.021335285156965256
		endloop
	endfacet
	facet normal 0.031609343391314035 -0.17371946634460714 0.984287760984213
		outer loop
			vertex 0.00026472946046851575 -0.0018258073832839727 0.021131951361894608
			vertex 0.00039537885459139943 -0.0018020349089056253 0.021131951361894608
			vertex 0.0001528771099401638 -0.0006940782186575234 0.021335285156965256
		endloop
	endfacet
	facet normal 0.044025151204208475 -0.1710017751879628 0.9842866345450456
		outer loop
			vertex 0.0001528771099401638 -0.0006940782186575234 0.021335285156965256
			vertex 0.00039537885459139943 -0.0018020349089056253 0.021131951361894608
			vertex 0.0005239797756075859 -0.0017689260421320796 0.021131951361894608
		endloop
	endfacet
	facet normal -0.03129718254418083 -0.19620853379571887 0.9800625988326105
		outer loop
			vertex 0.0005239797756075859 -0.0017689260421320796 0.021131951361894608
			vertex 0.00024354021297767758 -0.0008221779717132449 0.02131253480911255
			vertex 0.0001528771099401638 -0.0006940782186575234 0.021335285156965256
		endloop
	endfacet
	facet normal 0.02612852807767151 -0.15684658159690262 0.9872772912722447
		outer loop
			vertex 0.00024354021297767758 -0.0008221779717132449 0.02131253480911255
			vertex 0.00021726252452936023 -0.0007627390441484749 0.021322673186659813
			vertex 0.0001528771099401638 -0.0006940782186575234 0.021335285156965256
		endloop
	endfacet
	facet normal 0.019282719871385003 -0.16310857917772648 0.9864196713939688
		outer loop
			vertex 0.0001528771099401638 -0.0006940782186575234 0.021335285156965256
			vertex 0.00021726252452936023 -0.0007627390441484749 0.021322673186659813
			vertex 0.00017676185234449804 -0.0007119138026610017 0.021331869065761566
		endloop
	endfacet
	facet normal -0.05534650037545978 -0.2149759752270914 -0.9750497910216432
		outer loop
			vertex -0.0005239797756075859 -0.0017689260421320796 -0.021131951361894608
			vertex -0.00039537885459139943 -0.0018020349089056253 -0.021131951361894608
			vertex -0.0007578054792247713 -0.002558308420702815 -0.020944638177752495
		endloop
	endfacet
	facet normal 0.01504528242915053 -0.2471750517700881 -0.9688540309350431
		outer loop
			vertex -0.00039537885459139943 -0.0018020349089056253 -0.021131951361894608
			vertex -0.0007270709611475468 -0.003313802182674408 -0.02075141854584217
			vertex -0.0007578054792247713 -0.002558308420702815 -0.020944638177752495
		endloop
	endfacet
	facet normal -0.06429138312976233 -0.24971910743532907 -0.9661816524013301
		outer loop
			vertex -0.0007578054792247713 -0.002558308420702815 -0.020944638177752495
			vertex -0.0007270709611475468 -0.003313802182674408 -0.02075141854584217
			vertex -0.0009635580936446786 -0.0032529174350202084 -0.02075141854584217
		endloop
	endfacet
	facet normal 0.019282719871385003 -0.16310857917772648 -0.9864196713939688
		outer loop
			vertex 0.00017676185234449804 -0.0007119138026610017 -0.021331869065761566
			vertex 0.00021726252452936023 -0.0007627390441484749 -0.021322673186659813
			vertex 0.0001528771099401638 -0.0006940782186575234 -0.021335285156965256
		endloop
	endfacet
	facet normal 0.02612852807767151 -0.15684658159690262 -0.9872772912722447
		outer loop
			vertex 0.00021726252452936023 -0.0007627390441484749 -0.021322673186659813
			vertex 0.00024354021297767758 -0.0008221779717132449 -0.02131253480911255
			vertex 0.0001528771099401638 -0.0006940782186575234 -0.021335285156965256
		endloop
	endfacet
	facet normal -0.01190940358951956 -0.18301517563965009 -0.9830379502296593
		outer loop
			vertex 0.0001528771099401638 -0.0006940782186575234 -0.021335285156965256
			vertex 0.00024354021297767758 -0.0008221779717132449 -0.02131253480911255
			vertex 0.00039537885459139943 -0.0018020349089056253 -0.021131951361894608
		endloop
	endfacet
	facet normal 0.044882049543906594 -0.1743301257611231 -0.9836638698665564
		outer loop
			vertex 0.00024354021297767758 -0.0008221779717132449 -0.02131253480911255
			vertex 0.0005239797756075859 -0.0017689260421320796 -0.021131951361894608
			vertex 0.00039537885459139943 -0.0018020349089056253 -0.021131951361894608
		endloop
	endfacet
	facet normal 0.059563749560817586 -0.23135654581868625 -0.9710439271449579
		outer loop
			vertex 0.00039537885459139943 -0.0018020349089056253 -0.021131951361894608
			vertex 0.0005239797756075859 -0.0017689260421320796 -0.021131951361894608
			vertex 0.0007270709611475468 -0.003313802182674408 -0.02075141854584217
		endloop
	endfacet
	facet normal -0.07455096970099515 -0.289569156952116 -0.9542493679634702
		outer loop
			vertex -0.0009635580936446786 -0.0032529174350202084 -0.02075141854584217
			vertex -0.0007270709611475468 -0.003313802182674408 -0.02075141854584217
			vertex -0.0012612483697012067 -0.004257902968674898 -0.020423196256160736
		endloop
	endfacet
	facet normal -0.038697182519845434 -0.3085269534211969 -0.950428138828844
		outer loop
			vertex -0.0007270709611475468 -0.003313802182674408 -0.02075141854584217
			vertex -0.00105183944106102 -0.004794013220816851 -0.02025769092142582
			vertex -0.0012612483697012067 -0.004257902968674898 -0.020423196256160736
		endloop
	endfacet
	facet normal -0.08329006075546458 -0.3235134052880214 -0.9425507107727942
		outer loop
			vertex -0.0012612483697012067 -0.004257902968674898 -0.020423196256160736
			vertex -0.00105183944106102 -0.004794013220816851 -0.02025769092142582
			vertex -0.001393960788846016 -0.004705932457000017 -0.02025769092142582
		endloop
	endfacet
	facet normal -0.05304508028214041 -0.24540278062627607 -0.9679688500766713
		outer loop
			vertex 0.0005239797756075859 -0.0017689260421320796 -0.021131951361894608
			vertex 0.0007578054792247713 -0.002558308420702815 -0.020944638177752495
			vertex 0.0007270709611475468 -0.003313802182674408 -0.02075141854584217
		endloop
	endfacet
	facet normal 0.06429138312976233 -0.24971910743532907 -0.9661816524013301
		outer loop
			vertex 0.0007578054792247713 -0.002558308420702815 -0.020944638177752495
			vertex 0.0009635580936446786 -0.0032529174350202084 -0.02075141854584217
			vertex 0.0007270709611475468 -0.003313802182674408 -0.02075141854584217
		endloop
	endfacet
	facet normal 0.07727997880341528 -0.3001691111615902 -0.9507503928900606
		outer loop
			vertex 0.0007270709611475468 -0.003313802182674408 -0.02075141854584217
			vertex 0.0009635580936446786 -0.0032529174350202084 -0.02075141854584217
			vertex 0.00105183944106102 -0.004794013220816851 -0.02025769092142582
		endloop
	endfacet
	facet normal 0.024793353504525665 -0.30371698993412016 -0.9524396461967328
		outer loop
			vertex 0.0009635580936446786 -0.0032529174350202084 -0.02075141854584217
			vertex 0.0012612483697012067 -0.004257902968674898 -0.020423196256160736
			vertex 0.00105183944106102 -0.004794013220816851 -0.02025769092142582
		endloop
	endfacet
	facet normal -0.09327887409297768 -0.36231173234282854 -0.9273776254874198
		outer loop
			vertex -0.001393960788846016 -0.004705932457000017 -0.02025769092142582
			vertex -0.00105183944106102 -0.004794013220816851 -0.02025769092142582
			vertex -0.001750177820213139 -0.005908501334488392 -0.019752036780118942
		endloop
	endfacet
	facet normal -0.07789702786304908 -0.37102924396448816 -0.9253482334630806
		outer loop
			vertex -0.00105183944106102 -0.004794013220816851 -0.02025769092142582
			vertex -0.0013679128605872393 -0.006234594155102968 -0.01965346559882164
			vertex -0.001750177820213139 -0.005908501334488392 -0.019752036780118942
		endloop
	endfacet
	facet normal -0.10175720083660175 -0.395243564651354 -0.9129227769530076
		outer loop
			vertex -0.001750177820213139 -0.005908501334488392 -0.019752036780118942
			vertex -0.0013679128605872393 -0.006234594155102968 -0.01965346559882164
			vertex -0.0018128401134163141 -0.00612004566937685 -0.01965346559882164
		endloop
	endfacet
	facet normal 0.08329006075546458 -0.3235134052880214 -0.9425507107727942
		outer loop
			vertex 0.0012612483697012067 -0.004257902968674898 -0.020423196256160736
			vertex 0.001393960788846016 -0.004705932457000017 -0.02025769092142582
			vertex 0.00105183944106102 -0.004794013220816851 -0.02025769092142582
		endloop
	endfacet
	facet normal 0.09327887409297768 -0.36231173234282854 -0.9273776254874198
		outer loop
			vertex 0.001393960788846016 -0.004705932457000017 -0.02025769092142582
			vertex 0.001750177820213139 -0.005908501334488392 -0.019752036780118942
			vertex 0.00105183944106102 -0.004794013220816851 -0.02025769092142582
		endloop
	endfacet
	facet normal 0.07789702786304908 -0.37102924396448816 -0.9253482334630806
		outer loop
			vertex 0.00105183944106102 -0.004794013220816851 -0.02025769092142582
			vertex 0.001750177820213139 -0.005908501334488392 -0.019752036780118942
			vertex 0.0013679128605872393 -0.006234594155102968 -0.01965346559882164
		endloop
	endfacet
	facet normal 0.10175720083660175 -0.395243564651354 -0.9129227769530076
		outer loop
			vertex 0.001750177820213139 -0.005908501334488392 -0.019752036780118942
			vertex 0.0018128401134163141 -0.00612004566937685 -0.01965346559882164
			vertex 0.0013679128605872393 -0.006234594155102968 -0.01965346559882164
		endloop
	endfacet
	facet normal 0.11134818543984375 -0.432496701647415 -0.8947335830644568
		outer loop
			vertex 0.0013679128605872393 -0.006234594155102968 -0.01965346559882164
			vertex 0.0018128401134163141 -0.00612004566937685 -0.01965346559882164
			vertex 0.0016735668759793043 -0.007627686485648155 -0.018942033872008324
		endloop
	endfacet
	facet normal -0.11134816805052665 -0.4324966341041294 -0.894733617877629
		outer loop
			vertex -0.0018128401134163141 -0.00612004566937685 -0.01965346559882164
			vertex -0.0013679128605872393 -0.006234594155102968 -0.01965346559882164
			vertex -0.002217911183834076 -0.007487542927265167 -0.018942033872008324
		endloop
	endfacet
	facet normal -0.11134796991141899 -0.43249675055933895 -0.8947335862435358
		outer loop
			vertex -0.0013679128605872393 -0.006234594155102968 -0.01965346559882164
			vertex -0.0016735668759793043 -0.007627686485648155 -0.018942033872008324
			vertex -0.002217911183834076 -0.007487542927265167 -0.018942033872008324
		endloop
	endfacet
	facet normal -0.11956413054349824 -0.4644098853769269 -0.877512323019778
		outer loop
			vertex -0.002217911183834076 -0.007487542927265167 -0.018942033872008324
			vertex -0.0016735668759793043 -0.007627686485648155 -0.018942033872008324
			vertex -0.002221008064225316 -0.007497997488826513 -0.018936078995466232
		endloop
	endfacet
	facet normal -0.12672457928381556 -0.4954702767484588 -0.8593311852040201
		outer loop
			vertex -0.0016735668759793043 -0.007627686485648155 -0.018942033872008324
			vertex -0.0019671344198286533 -0.008965691551566124 -0.018127279356122017
			vertex -0.002221008064225316 -0.007497997488826513 -0.018936078995466232
		endloop
	endfacet
	facet normal -0.12757592789838013 -0.4955293438565639 -0.8591711424378445
		outer loop
			vertex -0.002221008064225316 -0.007497997488826513 -0.018936078995466232
			vertex -0.0019671344198286533 -0.008965691551566124 -0.018127279356122017
			vertex -0.0026069646701216698 -0.008800964802503586 -0.018127279356122017
		endloop
	endfacet
	facet normal 0.1113479556980487 -0.4324966953518981 -0.8947336146985609
		outer loop
			vertex 0.0018128401134163141 -0.00612004566937685 -0.01965346559882164
			vertex 0.002217911183834076 -0.007487542927265167 -0.018942033872008324
			vertex 0.0016735668759793043 -0.007627686485648155 -0.018942033872008324
		endloop
	endfacet
	facet normal 0.11956413054349824 -0.4644098853769269 -0.877512323019778
		outer loop
			vertex 0.002217911183834076 -0.007487542927265167 -0.018942033872008324
			vertex 0.002221008064225316 -0.007497997488826513 -0.018936078995466232
			vertex 0.0016735668759793043 -0.007627686485648155 -0.018942033872008324
		endloop
	endfacet
	facet normal 0.12672457928381556 -0.4954702767484588 -0.8593311852040201
		outer loop
			vertex 0.0016735668759793043 -0.007627686485648155 -0.018942033872008324
			vertex 0.002221008064225316 -0.007497997488826513 -0.018936078995466232
			vertex 0.0019671344198286533 -0.008965691551566124 -0.018127279356122017
		endloop
	endfacet
	facet normal -0.13663113923020603 -0.5307015193888979 -0.8364734479413986
		outer loop
			vertex -0.0026069646701216698 -0.008800964802503586 -0.018127279356122017
			vertex -0.0019671344198286533 -0.008965691551566124 -0.018127279356122017
			vertex -0.0026702885515987873 -0.009014743380248547 -0.017981303855776787
		endloop
	endfacet
	facet normal -0.13116957456962589 -0.5580689686310402 -0.8193616838480492
		outer loop
			vertex -0.0019671344198286533 -0.008965691551566124 -0.018127279356122017
			vertex -0.0022470143157988787 -0.010241311974823475 -0.017213646322488785
			vertex -0.0026702885515987873 -0.009014743380248547 -0.017981303855776787
		endloop
	endfacet
	facet normal -0.14424239204376083 -0.5602628951587295 -0.8156590100316753
		outer loop
			vertex -0.0026702885515987873 -0.009014743380248547 -0.017981303855776787
			vertex -0.0022470143157988787 -0.010241311974823475 -0.017213646322488785
			vertex -0.002977878088131547 -0.010053147561848164 -0.017213646322488785
		endloop
	endfacet
	facet normal 0.12757592789838013 -0.4955293438565639 -0.8591711424378445
		outer loop
			vertex 0.002221008064225316 -0.007497997488826513 -0.018936078995466232
			vertex 0.0026069646701216698 -0.008800964802503586 -0.018127279356122017
			vertex 0.0019671344198286533 -0.008965691551566124 -0.018127279356122017
		endloop
	endfacet
	facet normal 0.13663113923020603 -0.5307015193888979 -0.8364734479413986
		outer loop
			vertex 0.0026069646701216698 -0.008800964802503586 -0.018127279356122017
			vertex 0.0026702885515987873 -0.009014743380248547 -0.017981303855776787
			vertex 0.0019671344198286533 -0.008965691551566124 -0.018127279356122017
		endloop
	endfacet
	facet normal 0.13116957456962589 -0.5580689686310402 -0.8193616838480492
		outer loop
			vertex 0.0019671344198286533 -0.008965691551566124 -0.018127279356122017
			vertex 0.0026702885515987873 -0.009014743380248547 -0.017981303855776787
			vertex 0.0022470143157988787 -0.010241311974823475 -0.017213646322488785
		endloop
	endfacet
	facet normal -0.15529694870278712 -0.6698707404345466 -0.7260551279574273
		outer loop
			vertex -0.0027596864383667707 -0.01257793977856636 -0.015110187232494354
			vertex -0.003491210052743554 -0.011786127462983131 -0.015684260055422783
			vertex -0.0025116794276982546 -0.011447587981820107 -0.01620611548423767
		endloop
	endfacet
	facet normal -0.1680292794533125 -0.6526564810439829 -0.7387866261632555
		outer loop
			vertex -0.003491210052743554 -0.011786127462983131 -0.015684260055422783
			vertex -0.003328628372400999 -0.01123726088553667 -0.01620611548423767
			vertex -0.0025116794276982546 -0.011447587981820107 -0.01620611548423767
		endloop
	endfacet
	facet normal -0.15767093575273378 -0.6124227778997506 -0.7746471565354193
		outer loop
			vertex -0.0025116794276982546 -0.011447587981820107 -0.01620611548423767
			vertex -0.003328628372400999 -0.01123726088553667 -0.01620611548423767
			vertex -0.0022470143157988787 -0.010241311974823475 -0.017213646322488785
		endloop
	endfacet
	facet normal -0.13543437039979897 -0.6280907231696089 -0.7662633847331399
		outer loop
			vertex -0.003328628372400999 -0.01123726088553667 -0.01620611548423767
			vertex -0.0030947262421250343 -0.010447620414197445 -0.016894709318876266
			vertex -0.0022470143157988787 -0.010241311974823475 -0.017213646322488785
		endloop
	endfacet
	facet normal -0.15281793901025212 -0.5935718323091785 -0.7901386950439672
		outer loop
			vertex -0.0022470143157988787 -0.010241311974823475 -0.017213646322488785
			vertex -0.0030947262421250343 -0.010447620414197445 -0.016894709318876266
			vertex -0.002977878088131547 -0.010053147561848164 -0.017213646322488785
		endloop
	endfacet
	facet normal 0.14424239204376083 -0.5602628951587295 -0.8156590100316753
		outer loop
			vertex 0.0026702885515987873 -0.009014743380248547 -0.017981303855776787
			vertex 0.002977878088131547 -0.010053147561848164 -0.017213646322488785
			vertex 0.0022470143157988787 -0.010241311974823475 -0.017213646322488785
		endloop
	endfacet
	facet normal 0.15281793901025212 -0.5935718323091785 -0.7901386950439672
		outer loop
			vertex 0.002977878088131547 -0.010053147561848164 -0.017213646322488785
			vertex 0.0030947262421250343 -0.010447620414197445 -0.016894709318876266
			vertex 0.0022470143157988787 -0.010241311974823475 -0.017213646322488785
		endloop
	endfacet
	facet normal 0.141574328832994 -0.6161094994601382 -0.7748327523346347
		outer loop
			vertex 0.0022470143157988787 -0.010241311974823475 -0.017213646322488785
			vertex 0.0030947262421250343 -0.010447620414197445 -0.016894709318876266
			vertex 0.0025116794276982546 -0.011447587981820107 -0.01620611548423767
		endloop
	endfacet
	facet normal 0.15998914189278785 -0.6214271149213983 -0.7669627209433826
		outer loop
			vertex 0.0030947262421250343 -0.010447620414197445 -0.016894709318876266
			vertex 0.003328628372400999 -0.01123726088553667 -0.01620611548423767
			vertex 0.0025116794276982546 -0.011447587981820107 -0.01620611548423767
		endloop
	endfacet
	facet normal 0.1714965407627397 -0.6661239586909335 -0.7258566030314345
		outer loop
			vertex 0.0025116794276982546 -0.011447587981820107 -0.01620611548423767
			vertex 0.003328628372400999 -0.01123726088553667 -0.01620611548423767
			vertex 0.0027596864383667707 -0.01257793977856636 -0.015110187232494354
		endloop
	endfacet
	facet normal 0.1365325743893518 -0.6610569778125454 -0.7378092763146586
		outer loop
			vertex 0.003328628372400999 -0.01123726088553667 -0.01620611548423767
			vertex 0.003491210052743554 -0.011786127462983131 -0.015684260055422783
			vertex 0.0027596864383667707 -0.01257793977856636 -0.015110187232494354
		endloop
	endfacet
	facet normal -0.17096136309195153 -0.7193387236640807 -0.6732934077852487
		outer loop
			vertex -0.002989682601764798 -0.013626202940940857 -0.013931835070252419
			vertex -0.0038568314630538225 -0.01302044466137886 -0.01435883529484272
			vertex -0.0027596864383667707 -0.01257793977856636 -0.015110187232494354
		endloop
	endfacet
	facet normal -0.18217095374899242 -0.7075866924002645 -0.6827406655152716
		outer loop
			vertex -0.0038568314630538225 -0.01302044466137886 -0.01435883529484272
			vertex -0.0036573021207004786 -0.012346845120191574 -0.015110187232494354
			vertex -0.0027596864383667707 -0.01257793977856636 -0.015110187232494354
		endloop
	endfacet
	facet normal -0.17471664131621858 -0.6786327226818413 -0.7133945072346795
		outer loop
			vertex -0.0027596864383667707 -0.01257793977856636 -0.015110187232494354
			vertex -0.0036573021207004786 -0.012346845120191574 -0.015110187232494354
			vertex -0.003491210052743554 -0.011786127462983131 -0.015684260055422783
		endloop
	endfacet
	facet normal 0.17471664131621858 -0.6786327226818413 -0.7133945072346795
		outer loop
			vertex 0.003491210052743554 -0.011786127462983131 -0.015684260055422783
			vertex 0.0036573021207004786 -0.012346845120191574 -0.015110187232494354
			vertex 0.0027596864383667707 -0.01257793977856636 -0.015110187232494354
		endloop
	endfacet
	facet normal 0.18217095374899242 -0.7075866924002645 -0.6827406655152716
		outer loop
			vertex 0.0036573021207004786 -0.012346845120191574 -0.015110187232494354
			vertex 0.0038568314630538225 -0.01302044466137886 -0.01435883529484272
			vertex 0.0027596864383667707 -0.01257793977856636 -0.015110187232494354
		endloop
	endfacet
	facet normal 0.17096136309195153 -0.7193387236640807 -0.6732934077852487
		outer loop
			vertex 0.0027596864383667707 -0.01257793977856636 -0.015110187232494354
			vertex 0.0038568314630538225 -0.01302044466137886 -0.01435883529484272
			vertex 0.002989682601764798 -0.013626202940940857 -0.013931835070252419
		endloop
	endfacet
	facet normal -0.18779075776513193 -0.7643680640945283 -0.6168274425561665
		outer loop
			vertex -0.003200413193553686 -0.014586658217012882 -0.012677489779889584
			vertex -0.004188911058008671 -0.014141527004539967 -0.012928148731589317
			vertex -0.002989682601764798 -0.013626202940940857 -0.013931835070252419
		endloop
	endfacet
	facet normal -0.19515320251837093 -0.7580119949713272 -0.6223608623832417
		outer loop
			vertex -0.004188911058008671 -0.014141527004539967 -0.012928148731589317
			vertex -0.003962106537073851 -0.013375848531723022 -0.013931835070252419
			vertex -0.002989682601764798 -0.013626202940940857 -0.013931835070252419
		endloop
	endfacet
	facet normal -0.18833232620881757 -0.7315184197077058 -0.6552951522276939
		outer loop
			vertex -0.002989682601764798 -0.013626202940940857 -0.013931835070252419
			vertex -0.003962106537073851 -0.013375848531723022 -0.013931835070252419
			vertex -0.0038568314630538225 -0.01302044466137886 -0.01435883529484272
		endloop
	endfacet
	facet normal 0.18833232620881757 -0.7315184197077058 -0.6552951522276939
		outer loop
			vertex 0.0038568314630538225 -0.01302044466137886 -0.01435883529484272
			vertex 0.003962106537073851 -0.013375848531723022 -0.013931835070252419
			vertex 0.002989682601764798 -0.013626202940940857 -0.013931835070252419
		endloop
	endfacet
	facet normal 0.19515320251837093 -0.7580119949713272 -0.6223608623832417
		outer loop
			vertex 0.003962106537073851 -0.013375848531723022 -0.013931835070252419
			vertex 0.004188911058008671 -0.014141527004539967 -0.012928148731589317
			vertex 0.002989682601764798 -0.013626202940940857 -0.013931835070252419
		endloop
	endfacet
	facet normal 0.18779075776513193 -0.7643680640945283 -0.6168274425561665
		outer loop
			vertex 0.002989682601764798 -0.013626202940940857 -0.013931835070252419
			vertex 0.004188911058008671 -0.014141527004539967 -0.012928148731589317
			vertex 0.003200413193553686 -0.014586658217012882 -0.012677489779889584
		endloop
	endfacet
	facet normal -0.20533583968016106 -0.8047578304834697 -0.5569578325316757
		outer loop
			vertex -0.003390728496015072 -0.015454066917300224 -0.0113539919257164
			vertex -0.004485014826059341 -0.015141155570745468 -0.01140268798917532
			vertex -0.003200413193553686 -0.014586658217012882 -0.012677489779889584
		endloop
	endfacet
	facet normal -0.20689396469422047 -0.8036147129721104 -0.5580307164196785
		outer loop
			vertex -0.004485014826059341 -0.015141155570745468 -0.01140268798917532
			vertex -0.00424137944355607 -0.014318657107651234 -0.012677489779889584
			vertex -0.003200413193553686 -0.014586658217012882 -0.012677489779889584
		endloop
	endfacet
	facet normal -0.20074945743949396 -0.7797483017833647 -0.5930364585788194
		outer loop
			vertex -0.003200413193553686 -0.014586658217012882 -0.012677489779889584
			vertex -0.00424137944355607 -0.014318657107651234 -0.012677489779889584
			vertex -0.004188911058008671 -0.014141527004539967 -0.012928148731589317
		endloop
	endfacet
	facet normal 0.20074945743949396 -0.7797483017833647 -0.5930364585788194
		outer loop
			vertex 0.004188911058008671 -0.014141527004539967 -0.012928148731589317
			vertex 0.00424137944355607 -0.014318657107651234 -0.012677489779889584
			vertex 0.003200413193553686 -0.014586658217012882 -0.012677489779889584
		endloop
	endfacet
	facet normal 0.20689396469422047 -0.8036147129721104 -0.5580307164196785
		outer loop
			vertex 0.00424137944355607 -0.014318657107651234 -0.012677489779889584
			vertex 0.004485014826059341 -0.015141155570745468 -0.01140268798917532
			vertex 0.003200413193553686 -0.014586658217012882 -0.012677489779889584
		endloop
	endfacet
	facet normal 0.20533583968016106 -0.8047578304834697 -0.5569578325316757
		outer loop
			vertex 0.003200413193553686 -0.014586658217012882 -0.012677489779889584
			vertex 0.004485014826059341 -0.015141155570745468 -0.01140268798917532
			vertex 0.003390728496015072 -0.015454066917300224 -0.0113539919257164
		endloop
	endfacet
	facet normal 0.21188790840210903 -0.8230126791815161 -0.5270233810557576
		outer loop
			vertex 0.004485014826059341 -0.015141155570745468 -0.01140268798917532
			vertex 0.004493596963584423 -0.015170129016041756 -0.0113539919257164
			vertex 0.003390728496015072 -0.015454066917300224 -0.0113539919257164
		endloop
	endfacet
	facet normal 0.2167591579092956 -0.8419335328446851 -0.49412892420310794
		outer loop
			vertex 0.003390728496015072 -0.015454066917300224 -0.0113539919257164
			vertex 0.004493596963584423 -0.015170129016041756 -0.0113539919257164
			vertex 0.0035595910158008337 -0.01622369885444641 -0.009968561120331287
		endloop
	endfacet
	facet normal -0.2201168728895541 -0.8762185334892083 -0.42870694400644493
		outer loop
			vertex -0.003706078976392746 -0.016891352832317352 -0.008528754115104675
			vertex -0.004742972552776337 -0.016012007370591164 -0.009793629869818687
			vertex -0.0035595910158008337 -0.01622369885444641 -0.009968561120331287
		endloop
	endfacet
	facet normal -0.22168246031943278 -0.8610543011183039 -0.4576487488373504
		outer loop
			vertex -0.004742972552776337 -0.016012007370591164 -0.009793629869818687
			vertex -0.004717383533716202 -0.01592561975121498 -0.009968561120331287
			vertex -0.0035595910158008337 -0.01622369885444641 -0.009968561120331287
		endloop
	endfacet
	facet normal -0.21675969473579432 -0.841933399658255 -0.4941289156464519
		outer loop
			vertex -0.0035595910158008337 -0.01622369885444641 -0.009968561120331287
			vertex -0.004717383533716202 -0.01592561975121498 -0.009968561120331287
			vertex -0.003390728496015072 -0.015454066917300224 -0.0113539919257164
		endloop
	endfacet
	facet normal -0.21675920902894624 -0.8419337314030689 -0.4941285634598051
		outer loop
			vertex -0.004717383533716202 -0.01592561975121498 -0.009968561120331287
			vertex -0.004493596963584423 -0.015170129016041756 -0.0113539919257164
			vertex -0.003390728496015072 -0.015454066917300224 -0.0113539919257164
		endloop
	endfacet
	facet normal -0.21188790840210903 -0.8230126791815161 -0.5270233810557576
		outer loop
			vertex -0.003390728496015072 -0.015454066917300224 -0.0113539919257164
			vertex -0.004493596963584423 -0.015170129016041756 -0.0113539919257164
			vertex -0.004485014826059341 -0.015141155570745468 -0.01140268798917532
		endloop
	endfacet
	facet normal 0.21675974343051296 -0.8419335887972463 -0.49412857201636085
		outer loop
			vertex 0.004493596963584423 -0.015170129016041756 -0.0113539919257164
			vertex 0.004717383533716202 -0.01592561975121498 -0.009968561120331287
			vertex 0.0035595910158008337 -0.01622369885444641 -0.009968561120331287
		endloop
	endfacet
	facet normal 0.22168246031943278 -0.8610543011183039 -0.4576487488373504
		outer loop
			vertex 0.004717383533716202 -0.01592561975121498 -0.009968561120331287
			vertex 0.004742972552776337 -0.016012007370591164 -0.009793629869818687
			vertex 0.0035595910158008337 -0.01622369885444641 -0.009968561120331287
		endloop
	endfacet
	facet normal 0.2201168728895541 -0.8762185334892083 -0.42870694400644493
		outer loop
			vertex 0.0035595910158008337 -0.01622369885444641 -0.009968561120331287
			vertex 0.004742972552776337 -0.016012007370591164 -0.009793629869818687
			vertex 0.003706078976392746 -0.016891352832317352 -0.008528754115104675
		endloop
	endfacet
	facet normal -0.22331079300158466 -0.9054669776779957 -0.3609180544994664
		outer loop
			vertex -0.003829393768683076 -0.01745338924229145 -0.0070424252189695835
			vertex -0.004960891790688038 -0.016747690737247467 -0.008112781681120396
			vertex -0.003706078976392746 -0.016891352832317352 -0.008528754115104675
		endloop
	endfacet
	facet normal -0.23006457433918007 -0.8936158075104825 -0.38538432791373406
		outer loop
			vertex -0.004960891790688038 -0.016747690737247467 -0.008112781681120396
			vertex -0.004911518190056086 -0.016581008210778236 -0.008528754115104675
			vertex -0.003706078976392746 -0.016891352832317352 -0.008528754115104675
		endloop
	endfacet
	facet normal -0.2257421108345635 -0.8768265137819404 -0.42451827301656225
		outer loop
			vertex -0.003706078976392746 -0.016891352832317352 -0.008528754115104675
			vertex -0.004911518190056086 -0.016581008210778236 -0.008528754115104675
			vertex -0.004742972552776337 -0.016012007370591164 -0.009793629869818687
		endloop
	endfacet
	facet normal 0.2257421108345635 -0.8768265137819404 -0.42451827301656225
		outer loop
			vertex 0.004742972552776337 -0.016012007370591164 -0.009793629869818687
			vertex 0.004911518190056086 -0.016581008210778236 -0.008528754115104675
			vertex 0.003706078976392746 -0.016891352832317352 -0.008528754115104675
		endloop
	endfacet
	facet normal 0.23006457433918007 -0.8936158075104825 -0.38538432791373406
		outer loop
			vertex 0.004911518190056086 -0.016581008210778236 -0.008528754115104675
			vertex 0.004960891790688038 -0.016747690737247467 -0.008112781681120396
			vertex 0.003706078976392746 -0.016891352832317352 -0.008528754115104675
		endloop
	endfacet
	facet normal 0.22331079300158466 -0.9054669776779957 -0.3609180544994664
		outer loop
			vertex 0.003706078976392746 -0.016891352832317352 -0.008528754115104675
			vertex 0.004960891790688038 -0.016747690737247467 -0.008112781681120396
			vertex 0.003829393768683076 -0.01745338924229145 -0.0070424252189695835
		endloop
	endfacet
	facet normal -0.2277073951674708 -0.9291888830140949 -0.29113117639487573
		outer loop
			vertex -0.003928862512111664 -0.01790674217045307 -0.005517682060599327
			vertex -0.005137175787240267 -0.017342815175652504 -0.006372461095452309
			vertex -0.003829393768683076 -0.01745338924229145 -0.0070424252189695835
		endloop
	endfacet
	facet normal -0.23698575465684685 -0.9204985364114538 -0.31067699714349045
		outer loop
			vertex -0.005137175787240267 -0.017342815175652504 -0.006372461095452309
			vertex -0.005074942484498024 -0.017132718116044998 -0.0070424252189695835
			vertex -0.003829393768683076 -0.01745338924229145 -0.0070424252189695835
		endloop
	endfacet
	facet normal -0.2334544860953745 -0.9067824058903692 -0.3510622043023407
		outer loop
			vertex -0.003829393768683076 -0.01745338924229145 -0.0070424252189695835
			vertex -0.005074942484498024 -0.017132718116044998 -0.0070424252189695835
			vertex -0.004960891790688038 -0.016747690737247467 -0.008112781681120396
		endloop
	endfacet
	facet normal 0.2334544860953745 -0.9067824058903692 -0.3510622043023407
		outer loop
			vertex 0.004960891790688038 -0.016747690737247467 -0.008112781681120396
			vertex 0.005074942484498024 -0.017132718116044998 -0.0070424252189695835
			vertex 0.003829393768683076 -0.01745338924229145 -0.0070424252189695835
		endloop
	endfacet
	facet normal 0.23698575465684685 -0.9204985364114538 -0.31067699714349045
		outer loop
			vertex 0.005074942484498024 -0.017132718116044998 -0.0070424252189695835
			vertex 0.005137175787240267 -0.017342815175652504 -0.006372461095452309
			vertex 0.003829393768683076 -0.01745338924229145 -0.0070424252189695835
		endloop
	endfacet
	facet normal 0.2277073951674708 -0.9291888830140949 -0.29113117639487573
		outer loop
			vertex 0.003829393768683076 -0.01745338924229145 -0.0070424252189695835
			vertex 0.005137175787240267 -0.017342815175652504 -0.006372461095452309
			vertex 0.003928862512111664 -0.01790674217045307 -0.005517682060599327
		endloop
	endfacet
	facet normal -0.23298682081483388 -0.947327784365535 -0.21974351024702146
		outer loop
			vertex -0.00400394294410944 -0.018248939886689186 -0.003962841350585222
			vertex -0.005270531866699457 -0.017793018370866776 -0.004585424438118935
			vertex -0.003928862512111664 -0.01790674217045307 -0.005517682060599327
		endloop
	endfacet
	facet normal -0.24240158399537712 -0.9415336522407527 -0.2339996875526151
		outer loop
			vertex -0.005270531866699457 -0.017793018370866776 -0.004585424438118935
			vertex -0.005206764210015535 -0.01757774129509926 -0.005517682060599327
			vertex -0.003928862512111664 -0.01790674217045307 -0.005517682060599327
		endloop
	endfacet
	facet normal -0.23968358337291815 -0.9309764231555449 -0.2753809713651713
		outer loop
			vertex -0.003928862512111664 -0.01790674217045307 -0.005517682060599327
			vertex -0.005206764210015535 -0.01757774129509926 -0.005517682060599327
			vertex -0.005137175787240267 -0.017342815175652504 -0.006372461095452309
		endloop
	endfacet
	facet normal 0.23968358337291815 -0.9309764231555449 -0.2753809713651713
		outer loop
			vertex 0.005137175787240267 -0.017342815175652504 -0.006372461095452309
			vertex 0.005206764210015535 -0.01757774129509926 -0.005517682060599327
			vertex 0.003928862512111664 -0.01790674217045307 -0.005517682060599327
		endloop
	endfacet
	facet normal 0.24240158399537712 -0.9415336522407527 -0.2339996875526151
		outer loop
			vertex 0.005206764210015535 -0.01757774129509926 -0.005517682060599327
			vertex 0.005270531866699457 -0.017793018370866776 -0.004585424438118935
			vertex 0.003928862512111664 -0.01790674217045307 -0.005517682060599327
		endloop
	endfacet
	facet normal 0.23298682081483388 -0.947327784365535 -0.21974351024702146
		outer loop
			vertex 0.003928862512111664 -0.01790674217045307 -0.005517682060599327
			vertex 0.005270531866699457 -0.017793018370866776 -0.004585424438118935
			vertex 0.00400394294410944 -0.018248939886689186 -0.003962841350585222
		endloop
	endfacet
	facet normal -0.23896969337099142 -0.9598124004747909 -0.14715176364894209
		outer loop
			vertex -0.0040542250499129295 -0.018478112295269966 -0.0023863844107836485
			vertex -0.005359983537346125 -0.018094999715685844 -0.0027647658716887236
			vertex -0.00400394294410944 -0.018248939886689186 -0.003962841350585222
		endloop
	endfacet
	facet normal -0.24627829922650252 -0.95658843808789 -0.1558382477014943
		outer loop
			vertex -0.005359983537346125 -0.018094999715685844 -0.0027647658716887236
			vertex -0.005306265316903591 -0.01791365072131157 -0.003962841350585222
			vertex -0.00400394294410944 -0.018248939886689186 -0.003962841350585222
		endloop
	endfacet
	facet normal -0.24439050809370538 -0.9492559237054605 -0.19795572955535726
		outer loop
			vertex -0.00400394294410944 -0.018248939886689186 -0.003962841350585222
			vertex -0.005306265316903591 -0.01791365072131157 -0.003962841350585222
			vertex -0.005270531866699457 -0.017793018370866776 -0.004585424438118935
		endloop
	endfacet
	facet normal 0.24439050809370538 -0.9492559237054605 -0.19795572955535726
		outer loop
			vertex 0.005270531866699457 -0.017793018370866776 -0.004585424438118935
			vertex 0.005306265316903591 -0.01791365072131157 -0.003962841350585222
			vertex 0.00400394294410944 -0.018248939886689186 -0.003962841350585222
		endloop
	endfacet
	facet normal 0.24627829922650252 -0.95658843808789 -0.1558382477014943
		outer loop
			vertex 0.005306265316903591 -0.01791365072131157 -0.003962841350585222
			vertex 0.005359983537346125 -0.018094999715685844 -0.0027647658716887236
			vertex 0.00400394294410944 -0.018248939886689186 -0.003962841350585222
		endloop
	endfacet
	facet normal 0.23896969337099142 -0.9598124004747909 -0.14715176364894209
		outer loop
			vertex 0.00400394294410944 -0.018248939886689186 -0.003962841350585222
			vertex 0.005359983537346125 -0.018094999715685844 -0.0027647658716887236
			vertex 0.0040542250499129295 -0.018478112295269966 -0.0023863844107836485
		endloop
	endfacet
	facet normal -0.24559287670633093 -0.9665622605381479 -0.07376676361678386
		outer loop
			vertex -0.004079435020685196 -0.018593013286590576 -0.0007969104335643351
			vertex -0.005404873285442591 -0.018246546387672424 -0.0009238460916094482
			vertex -0.0040542250499129295 -0.018478112295269966 -0.0023863844107836485
		endloop
	endfacet
	facet normal -0.24858936266618684 -0.965568100086534 -0.07669141323838112
		outer loop
			vertex -0.005404873285442591 -0.018246546387672424 -0.0009238460916094482
			vertex -0.005372902378439903 -0.018138613551855087 -0.0023863844107836485
			vertex -0.0040542250499129295 -0.018478112295269966 -0.0023863844107836485
		endloop
	endfacet
	facet normal -0.24754367413591483 -0.9615064480647907 -0.11927899951425724
		outer loop
			vertex -0.0040542250499129295 -0.018478112295269966 -0.0023863844107836485
			vertex -0.005372902378439903 -0.018138613551855087 -0.0023863844107836485
			vertex -0.005359983537346125 -0.018094999715685844 -0.0027647658716887236
		endloop
	endfacet
	facet normal 0.24754367413591483 -0.9615064480647907 -0.11927899951425724
		outer loop
			vertex 0.005359983537346125 -0.018094999715685844 -0.0027647658716887236
			vertex 0.005372902378439903 -0.018138613551855087 -0.0023863844107836485
			vertex 0.0040542250499129295 -0.018478112295269966 -0.0023863844107836485
		endloop
	endfacet
	facet normal 0.24858936266618684 -0.965568100086534 -0.07669141323838112
		outer loop
			vertex 0.005372902378439903 -0.018138613551855087 -0.0023863844107836485
			vertex 0.005404873285442591 -0.018246546387672424 -0.0009238460916094482
			vertex 0.0040542250499129295 -0.018478112295269966 -0.0023863844107836485
		endloop
	endfacet
	facet normal 0.24559287670633093 -0.9665622605381479 -0.07376676361678386
		outer loop
			vertex 0.0040542250499129295 -0.018478112295269966 -0.0023863844107836485
			vertex 0.005404873285442591 -0.018246546387672424 -0.0009238460916094482
			vertex 0.004079435020685196 -0.018593013286590576 -0.0007969104335643351
		endloop
	endfacet
	facet normal 0.24912657720342768 -0.9676511154601095 -0.03984052308530198
		outer loop
			vertex 0.005404873285442591 -0.018246546387672424 -0.0009238460916094482
			vertex 0.005406311713159084 -0.01825140230357647 -0.0007969104335643351
			vertex 0.004079435020685196 -0.018593013286590576 -0.0007969104335643351
		endloop
	endfacet
	facet normal 0.24932452811762995 -0.9684199913668249 0
		outer loop
			vertex 0.004079435020685196 -0.018593013286590576 -0.0007969104335643351
			vertex 0.005406311713159084 -0.01825140230357647 -0.0007969104335643351
			vertex 0.004079435020685196 -0.018593013286590576 0.0007969104335643351
		endloop
	endfacet
	facet normal -0.24559287670633093 -0.9665622605381479 0.07376676361678386
		outer loop
			vertex -0.0040542250499129295 -0.018478112295269966 0.0023863844107836485
			vertex -0.005404873285442591 -0.018246546387672424 0.0009238460916094482
			vertex -0.004079435020685196 -0.018593013286590576 0.0007969104335643351
		endloop
	endfacet
	facet normal -0.24912657720342768 -0.9676511154601095 0.03984052308530198
		outer loop
			vertex -0.005404873285442591 -0.018246546387672424 0.0009238460916094482
			vertex -0.005406311713159084 -0.01825140230357647 0.0007969104335643351
			vertex -0.004079435020685196 -0.018593013286590576 0.0007969104335643351
		endloop
	endfacet
	facet normal -0.24932452811762995 -0.9684199913668249 0
		outer loop
			vertex -0.004079435020685196 -0.018593013286590576 0.0007969104335643351
			vertex -0.005406311713159084 -0.01825140230357647 0.0007969104335643351
			vertex -0.004079435020685196 -0.018593013286590576 -0.0007969104335643351
		endloop
	endfacet
	facet normal -0.24932452811762995 -0.9684199913668249 0
		outer loop
			vertex -0.005406311713159084 -0.01825140230357647 0.0007969104335643351
			vertex -0.005406311713159084 -0.01825140230357647 -0.0007969104335643351
			vertex -0.004079435020685196 -0.018593013286590576 -0.0007969104335643351
		endloop
	endfacet
	facet normal -0.24912657720342768 -0.9676511154601095 -0.03984052308530198
		outer loop
			vertex -0.004079435020685196 -0.018593013286590576 -0.0007969104335643351
			vertex -0.005406311713159084 -0.01825140230357647 -0.0007969104335643351
			vertex -0.005404873285442591 -0.018246546387672424 -0.0009238460916094482
		endloop
	endfacet
	facet normal 0.24932452811762995 -0.9684199913668249 0
		outer loop
			vertex 0.005406311713159084 -0.01825140230357647 -0.0007969104335643351
			vertex 0.005406311713159084 -0.01825140230357647 0.0007969104335643351
			vertex 0.004079435020685196 -0.018593013286590576 0.0007969104335643351
		endloop
	endfacet
	facet normal 0.24912657720342768 -0.9676511154601095 0.03984052308530198
		outer loop
			vertex 0.005406311713159084 -0.01825140230357647 0.0007969104335643351
			vertex 0.005404873285442591 -0.018246546387672424 0.0009238460916094482
			vertex 0.004079435020685196 -0.018593013286590576 0.0007969104335643351
		endloop
	endfacet
	facet normal 0.24559287670633093 -0.9665622605381479 0.07376676361678386
		outer loop
			vertex 0.004079435020685196 -0.018593013286590576 0.0007969104335643351
			vertex 0.005404873285442591 -0.018246546387672424 0.0009238460916094482
			vertex 0.0040542250499129295 -0.018478112295269966 0.0023863844107836485
		endloop
	endfacet
	facet normal -0.23896969337099142 -0.9598124004747909 0.14715176364894209
		outer loop
			vertex -0.00400394294410944 -0.018248939886689186 0.003962841350585222
			vertex -0.005359983537346125 -0.018094999715685844 0.0027647658716887236
			vertex -0.0040542250499129295 -0.018478112295269966 0.0023863844107836485
		endloop
	endfacet
	facet normal -0.24754367413591483 -0.9615064480647907 0.11927899951425724
		outer loop
			vertex -0.005359983537346125 -0.018094999715685844 0.0027647658716887236
			vertex -0.005372902378439903 -0.018138613551855087 0.0023863844107836485
			vertex -0.0040542250499129295 -0.018478112295269966 0.0023863844107836485
		endloop
	endfacet
	facet normal -0.24858936266618684 -0.965568100086534 0.07669141323838112
		outer loop
			vertex -0.0040542250499129295 -0.018478112295269966 0.0023863844107836485
			vertex -0.005372902378439903 -0.018138613551855087 0.0023863844107836485
			vertex -0.005404873285442591 -0.018246546387672424 0.0009238460916094482
		endloop
	endfacet
	facet normal 0.24858936266618684 -0.965568100086534 0.07669141323838112
		outer loop
			vertex 0.005404873285442591 -0.018246546387672424 0.0009238460916094482
			vertex 0.005372902378439903 -0.018138613551855087 0.0023863844107836485
			vertex 0.0040542250499129295 -0.018478112295269966 0.0023863844107836485
		endloop
	endfacet
	facet normal 0.24754367413591483 -0.9615064480647907 0.11927899951425724
		outer loop
			vertex 0.005372902378439903 -0.018138613551855087 0.0023863844107836485
			vertex 0.005359983537346125 -0.018094999715685844 0.0027647658716887236
			vertex 0.0040542250499129295 -0.018478112295269966 0.0023863844107836485
		endloop
	endfacet
	facet normal 0.23896969337099142 -0.9598124004747909 0.14715176364894209
		outer loop
			vertex 0.0040542250499129295 -0.018478112295269966 0.0023863844107836485
			vertex 0.005359983537346125 -0.018094999715685844 0.0027647658716887236
			vertex 0.00400394294410944 -0.018248939886689186 0.003962841350585222
		endloop
	endfacet
	facet normal -0.23298682081483388 -0.947327784365535 0.21974351024702146
		outer loop
			vertex -0.003928862512111664 -0.01790674217045307 0.005517682060599327
			vertex -0.005270531866699457 -0.017793018370866776 0.004585424438118935
			vertex -0.00400394294410944 -0.018248939886689186 0.003962841350585222
		endloop
	endfacet
	facet normal -0.24439050809370538 -0.9492559237054605 0.19795572955535726
		outer loop
			vertex -0.005270531866699457 -0.017793018370866776 0.004585424438118935
			vertex -0.005306265316903591 -0.01791365072131157 0.003962841350585222
			vertex -0.00400394294410944 -0.018248939886689186 0.003962841350585222
		endloop
	endfacet
	facet normal -0.24627829922650252 -0.95658843808789 0.1558382477014943
		outer loop
			vertex -0.00400394294410944 -0.018248939886689186 0.003962841350585222
			vertex -0.005306265316903591 -0.01791365072131157 0.003962841350585222
			vertex -0.005359983537346125 -0.018094999715685844 0.0027647658716887236
		endloop
	endfacet
	facet normal 0.24627829922650252 -0.95658843808789 0.1558382477014943
		outer loop
			vertex 0.005359983537346125 -0.018094999715685844 0.0027647658716887236
			vertex 0.005306265316903591 -0.01791365072131157 0.003962841350585222
			vertex 0.00400394294410944 -0.018248939886689186 0.003962841350585222
		endloop
	endfacet
	facet normal 0.24439050809370538 -0.9492559237054605 0.19795572955535726
		outer loop
			vertex 0.005306265316903591 -0.01791365072131157 0.003962841350585222
			vertex 0.005270531866699457 -0.017793018370866776 0.004585424438118935
			vertex 0.00400394294410944 -0.018248939886689186 0.003962841350585222
		endloop
	endfacet
	facet normal 0.23298682081483388 -0.947327784365535 0.21974351024702146
		outer loop
			vertex 0.00400394294410944 -0.018248939886689186 0.003962841350585222
			vertex 0.005270531866699457 -0.017793018370866776 0.004585424438118935
			vertex 0.003928862512111664 -0.01790674217045307 0.005517682060599327
		endloop
	endfacet
	facet normal -0.2277073951674708 -0.9291888830140949 0.29113117639487573
		outer loop
			vertex -0.003829393768683076 -0.01745338924229145 0.0070424252189695835
			vertex -0.005137175787240267 -0.017342815175652504 0.006372461095452309
			vertex -0.003928862512111664 -0.01790674217045307 0.005517682060599327
		endloop
	endfacet
	facet normal -0.23968358337291815 -0.9309764231555449 0.2753809713651713
		outer loop
			vertex -0.005137175787240267 -0.017342815175652504 0.006372461095452309
			vertex -0.005206764210015535 -0.01757774129509926 0.005517682060599327
			vertex -0.003928862512111664 -0.01790674217045307 0.005517682060599327
		endloop
	endfacet
	facet normal -0.24240158399537712 -0.9415336522407527 0.2339996875526151
		outer loop
			vertex -0.003928862512111664 -0.01790674217045307 0.005517682060599327
			vertex -0.005206764210015535 -0.01757774129509926 0.005517682060599327
			vertex -0.005270531866699457 -0.017793018370866776 0.004585424438118935
		endloop
	endfacet
	facet normal 0.24240158399537712 -0.9415336522407527 0.2339996875526151
		outer loop
			vertex 0.005270531866699457 -0.017793018370866776 0.004585424438118935
			vertex 0.005206764210015535 -0.01757774129509926 0.005517682060599327
			vertex 0.003928862512111664 -0.01790674217045307 0.005517682060599327
		endloop
	endfacet
	facet normal 0.23968358337291815 -0.9309764231555449 0.2753809713651713
		outer loop
			vertex 0.005206764210015535 -0.01757774129509926 0.005517682060599327
			vertex 0.005137175787240267 -0.017342815175652504 0.006372461095452309
			vertex 0.003928862512111664 -0.01790674217045307 0.005517682060599327
		endloop
	endfacet
	facet normal 0.2277073951674708 -0.9291888830140949 0.29113117639487573
		outer loop
			vertex 0.003928862512111664 -0.01790674217045307 0.005517682060599327
			vertex 0.005137175787240267 -0.017342815175652504 0.006372461095452309
			vertex 0.003829393768683076 -0.01745338924229145 0.0070424252189695835
		endloop
	endfacet
	facet normal -0.22331079300158466 -0.9054669776779957 0.3609180544994664
		outer loop
			vertex -0.003706078976392746 -0.016891352832317352 0.008528754115104675
			vertex -0.004960891790688038 -0.016747690737247467 0.008112781681120396
			vertex -0.003829393768683076 -0.01745338924229145 0.0070424252189695835
		endloop
	endfacet
	facet normal -0.2334544860953745 -0.9067824058903692 0.3510622043023407
		outer loop
			vertex -0.004960891790688038 -0.016747690737247467 0.008112781681120396
			vertex -0.005074942484498024 -0.017132718116044998 0.0070424252189695835
			vertex -0.003829393768683076 -0.01745338924229145 0.0070424252189695835
		endloop
	endfacet
	facet normal -0.23698575465684685 -0.9204985364114538 0.31067699714349045
		outer loop
			vertex -0.003829393768683076 -0.01745338924229145 0.0070424252189695835
			vertex -0.005074942484498024 -0.017132718116044998 0.0070424252189695835
			vertex -0.005137175787240267 -0.017342815175652504 0.006372461095452309
		endloop
	endfacet
	facet normal 0.23698575465684685 -0.9204985364114538 0.31067699714349045
		outer loop
			vertex 0.005137175787240267 -0.017342815175652504 0.006372461095452309
			vertex 0.005074942484498024 -0.017132718116044998 0.0070424252189695835
			vertex 0.003829393768683076 -0.01745338924229145 0.0070424252189695835
		endloop
	endfacet
	facet normal 0.2334544860953745 -0.9067824058903692 0.3510622043023407
		outer loop
			vertex 0.005074942484498024 -0.017132718116044998 0.0070424252189695835
			vertex 0.004960891790688038 -0.016747690737247467 0.008112781681120396
			vertex 0.003829393768683076 -0.01745338924229145 0.0070424252189695835
		endloop
	endfacet
	facet normal 0.22331079300158466 -0.9054669776779957 0.3609180544994664
		outer loop
			vertex 0.003829393768683076 -0.01745338924229145 0.0070424252189695835
			vertex 0.004960891790688038 -0.016747690737247467 0.008112781681120396
			vertex 0.003706078976392746 -0.016891352832317352 0.008528754115104675
		endloop
	endfacet
	facet normal -0.2201168728895541 -0.8762185334892083 0.42870694400644493
		outer loop
			vertex -0.0035595910158008337 -0.01622369885444641 0.009968561120331287
			vertex -0.004742972552776337 -0.016012007370591164 0.009793629869818687
			vertex -0.003706078976392746 -0.016891352832317352 0.008528754115104675
		endloop
	endfacet
	facet normal -0.2257421108345635 -0.8768265137819404 0.42451827301656225
		outer loop
			vertex -0.004742972552776337 -0.016012007370591164 0.009793629869818687
			vertex -0.004911518190056086 -0.016581008210778236 0.008528754115104675
			vertex -0.003706078976392746 -0.016891352832317352 0.008528754115104675
		endloop
	endfacet
	facet normal -0.23006457433918007 -0.8936158075104825 0.38538432791373406
		outer loop
			vertex -0.003706078976392746 -0.016891352832317352 0.008528754115104675
			vertex -0.004911518190056086 -0.016581008210778236 0.008528754115104675
			vertex -0.004960891790688038 -0.016747690737247467 0.008112781681120396
		endloop
	endfacet
	facet normal 0.23006457433918007 -0.8936158075104825 0.38538432791373406
		outer loop
			vertex 0.004960891790688038 -0.016747690737247467 0.008112781681120396
			vertex 0.004911518190056086 -0.016581008210778236 0.008528754115104675
			vertex 0.003706078976392746 -0.016891352832317352 0.008528754115104675
		endloop
	endfacet
	facet normal 0.2257421108345635 -0.8768265137819404 0.42451827301656225
		outer loop
			vertex 0.004911518190056086 -0.016581008210778236 0.008528754115104675
			vertex 0.004742972552776337 -0.016012007370591164 0.009793629869818687
			vertex 0.003706078976392746 -0.016891352832317352 0.008528754115104675
		endloop
	endfacet
	facet normal 0.2201168728895541 -0.8762185334892083 0.42870694400644493
		outer loop
			vertex 0.003706078976392746 -0.016891352832317352 0.008528754115104675
			vertex 0.004742972552776337 -0.016012007370591164 0.009793629869818687
			vertex 0.0035595910158008337 -0.01622369885444641 0.009968561120331287
		endloop
	endfacet
	facet normal 0.22168246031943278 -0.8610543011183039 0.4576487488373504
		outer loop
			vertex 0.004742972552776337 -0.016012007370591164 0.009793629869818687
			vertex 0.004717383533716202 -0.01592561975121498 0.009968561120331287
			vertex 0.0035595910158008337 -0.01622369885444641 0.009968561120331287
		endloop
	endfacet
	facet normal 0.21675969473579432 -0.841933399658255 0.4941289156464519
		outer loop
			vertex 0.0035595910158008337 -0.01622369885444641 0.009968561120331287
			vertex 0.004717383533716202 -0.01592561975121498 0.009968561120331287
			vertex 0.003390728496015072 -0.015454066917300224 0.0113539919257164
		endloop
	endfacet
	facet normal -0.20533583968016106 -0.8047578304834697 0.5569578325316757
		outer loop
			vertex -0.003200413193553686 -0.014586658217012882 0.012677489779889584
			vertex -0.004485014826059341 -0.015141155570745468 0.01140268798917532
			vertex -0.003390728496015072 -0.015454066917300224 0.0113539919257164
		endloop
	endfacet
	facet normal -0.21188790840210903 -0.8230126791815161 0.5270233810557576
		outer loop
			vertex -0.004485014826059341 -0.015141155570745468 0.01140268798917532
			vertex -0.004493596963584423 -0.015170129016041756 0.0113539919257164
			vertex -0.003390728496015072 -0.015454066917300224 0.0113539919257164
		endloop
	endfacet
	facet normal -0.2167591579092956 -0.8419335328446851 0.49412892420310794
		outer loop
			vertex -0.003390728496015072 -0.015454066917300224 0.0113539919257164
			vertex -0.004493596963584423 -0.015170129016041756 0.0113539919257164
			vertex -0.0035595910158008337 -0.01622369885444641 0.009968561120331287
		endloop
	endfacet
	facet normal -0.21675974343051296 -0.8419335887972463 0.49412857201636085
		outer loop
			vertex -0.004493596963584423 -0.015170129016041756 0.0113539919257164
			vertex -0.004717383533716202 -0.01592561975121498 0.009968561120331287
			vertex -0.0035595910158008337 -0.01622369885444641 0.009968561120331287
		endloop
	endfacet
	facet normal -0.22168246031943278 -0.8610543011183039 0.4576487488373504
		outer loop
			vertex -0.0035595910158008337 -0.01622369885444641 0.009968561120331287
			vertex -0.004717383533716202 -0.01592561975121498 0.009968561120331287
			vertex -0.004742972552776337 -0.016012007370591164 0.009793629869818687
		endloop
	endfacet
	facet normal 0.21675920902894624 -0.8419337314030689 0.4941285634598051
		outer loop
			vertex 0.004717383533716202 -0.01592561975121498 0.009968561120331287
			vertex 0.004493596963584423 -0.015170129016041756 0.0113539919257164
			vertex 0.003390728496015072 -0.015454066917300224 0.0113539919257164
		endloop
	endfacet
	facet normal 0.21188790840210903 -0.8230126791815161 0.5270233810557576
		outer loop
			vertex 0.004493596963584423 -0.015170129016041756 0.0113539919257164
			vertex 0.004485014826059341 -0.015141155570745468 0.01140268798917532
			vertex 0.003390728496015072 -0.015454066917300224 0.0113539919257164
		endloop
	endfacet
	facet normal 0.20533583968016106 -0.8047578304834697 0.5569578325316757
		outer loop
			vertex 0.003390728496015072 -0.015454066917300224 0.0113539919257164
			vertex 0.004485014826059341 -0.015141155570745468 0.01140268798917532
			vertex 0.003200413193553686 -0.014586658217012882 0.012677489779889584
		endloop
	endfacet
	facet normal -0.18779075776513193 -0.7643680640945283 0.6168274425561665
		outer loop
			vertex -0.002989682601764798 -0.013626202940940857 0.013931835070252419
			vertex -0.004188911058008671 -0.014141527004539967 0.012928148731589317
			vertex -0.003200413193553686 -0.014586658217012882 0.012677489779889584
		endloop
	endfacet
	facet normal -0.20074945743949396 -0.7797483017833647 0.5930364585788194
		outer loop
			vertex -0.004188911058008671 -0.014141527004539967 0.012928148731589317
			vertex -0.00424137944355607 -0.014318657107651234 0.012677489779889584
			vertex -0.003200413193553686 -0.014586658217012882 0.012677489779889584
		endloop
	endfacet
	facet normal -0.20689396469422047 -0.8036147129721104 0.5580307164196785
		outer loop
			vertex -0.003200413193553686 -0.014586658217012882 0.012677489779889584
			vertex -0.00424137944355607 -0.014318657107651234 0.012677489779889584
			vertex -0.004485014826059341 -0.015141155570745468 0.01140268798917532
		endloop
	endfacet
	facet normal 0.20689396469422047 -0.8036147129721104 0.5580307164196785
		outer loop
			vertex 0.004485014826059341 -0.015141155570745468 0.01140268798917532
			vertex 0.00424137944355607 -0.014318657107651234 0.012677489779889584
			vertex 0.003200413193553686 -0.014586658217012882 0.012677489779889584
		endloop
	endfacet
	facet normal 0.20074945743949396 -0.7797483017833647 0.5930364585788194
		outer loop
			vertex 0.00424137944355607 -0.014318657107651234 0.012677489779889584
			vertex 0.004188911058008671 -0.014141527004539967 0.012928148731589317
			vertex 0.003200413193553686 -0.014586658217012882 0.012677489779889584
		endloop
	endfacet
	facet normal 0.18779075776513193 -0.7643680640945283 0.6168274425561665
		outer loop
			vertex 0.003200413193553686 -0.014586658217012882 0.012677489779889584
			vertex 0.004188911058008671 -0.014141527004539967 0.012928148731589317
			vertex 0.002989682601764798 -0.013626202940940857 0.013931835070252419
		endloop
	endfacet
	facet normal -0.17471664131621858 -0.6786327226818413 0.7133945072346795
		outer loop
			vertex -0.003491210052743554 -0.011786127462983131 0.015684260055422783
			vertex -0.0036573021207004786 -0.012346845120191574 0.015110187232494354
			vertex -0.0027596864383667707 -0.01257793977856636 0.015110187232494354
		endloop
	endfacet
	facet normal -0.18217095374899242 -0.7075866924002645 0.6827406655152716
		outer loop
			vertex -0.0036573021207004786 -0.012346845120191574 0.015110187232494354
			vertex -0.0038568314630538225 -0.01302044466137886 0.01435883529484272
			vertex -0.0027596864383667707 -0.01257793977856636 0.015110187232494354
		endloop
	endfacet
	facet normal -0.17096136309195153 -0.7193387236640807 0.6732934077852487
		outer loop
			vertex -0.0027596864383667707 -0.01257793977856636 0.015110187232494354
			vertex -0.0038568314630538225 -0.01302044466137886 0.01435883529484272
			vertex -0.002989682601764798 -0.013626202940940857 0.013931835070252419
		endloop
	endfacet
	facet normal -0.18833232620881757 -0.7315184197077058 0.6552951522276939
		outer loop
			vertex -0.0038568314630538225 -0.01302044466137886 0.01435883529484272
			vertex -0.003962106537073851 -0.013375848531723022 0.013931835070252419
			vertex -0.002989682601764798 -0.013626202940940857 0.013931835070252419
		endloop
	endfacet
	facet normal -0.19515320251837093 -0.7580119949713272 0.6223608623832417
		outer loop
			vertex -0.002989682601764798 -0.013626202940940857 0.013931835070252419
			vertex -0.003962106537073851 -0.013375848531723022 0.013931835070252419
			vertex -0.004188911058008671 -0.014141527004539967 0.012928148731589317
		endloop
	endfacet
	facet normal 0.19515320251837093 -0.7580119949713272 0.6223608623832417
		outer loop
			vertex 0.004188911058008671 -0.014141527004539967 0.012928148731589317
			vertex 0.003962106537073851 -0.013375848531723022 0.013931835070252419
			vertex 0.002989682601764798 -0.013626202940940857 0.013931835070252419
		endloop
	endfacet
	facet normal 0.18833232620881757 -0.7315184197077058 0.6552951522276939
		outer loop
			vertex 0.003962106537073851 -0.013375848531723022 0.013931835070252419
			vertex 0.0038568314630538225 -0.01302044466137886 0.01435883529484272
			vertex 0.002989682601764798 -0.013626202940940857 0.013931835070252419
		endloop
	endfacet
	facet normal 0.17096136309195153 -0.7193387236640807 0.6732934077852487
		outer loop
			vertex 0.002989682601764798 -0.013626202940940857 0.013931835070252419
			vertex 0.0038568314630538225 -0.01302044466137886 0.01435883529484272
			vertex 0.0027596864383667707 -0.01257793977856636 0.015110187232494354
		endloop
	endfacet
	facet normal -0.1365325743893518 -0.6610569778125454 0.7378092763146586
		outer loop
			vertex -0.003491210052743554 -0.011786127462983131 0.015684260055422783
			vertex -0.0027596864383667707 -0.01257793977856636 0.015110187232494354
			vertex -0.003328628372400999 -0.01123726088553667 0.01620611548423767
		endloop
	endfacet
	facet normal -0.1714965407627397 -0.6661239586909335 0.7258566030314345
		outer loop
			vertex -0.0027596864383667707 -0.01257793977856636 0.015110187232494354
			vertex -0.0025116794276982546 -0.011447587981820107 0.01620611548423767
			vertex -0.003328628372400999 -0.01123726088553667 0.01620611548423767
		endloop
	endfacet
	facet normal -0.15998914189278785 -0.6214271149213983 0.7669627209433826
		outer loop
			vertex -0.003328628372400999 -0.01123726088553667 0.01620611548423767
			vertex -0.0025116794276982546 -0.011447587981820107 0.01620611548423767
			vertex -0.0030947262421250343 -0.010447620414197445 0.016894709318876266
		endloop
	endfacet
	facet normal -0.141574328832994 -0.6161094994601382 0.7748327523346347
		outer loop
			vertex -0.0025116794276982546 -0.011447587981820107 0.01620611548423767
			vertex -0.0022470143157988787 -0.010241311974823475 0.017213646322488785
			vertex -0.0030947262421250343 -0.010447620414197445 0.016894709318876266
		endloop
	endfacet
	facet normal -0.15281793901025212 -0.5935718323091785 0.7901386950439672
		outer loop
			vertex -0.0030947262421250343 -0.010447620414197445 0.016894709318876266
			vertex -0.0022470143157988787 -0.010241311974823475 0.017213646322488785
			vertex -0.002977878088131547 -0.010053147561848164 0.017213646322488785
		endloop
	endfacet
	facet normal 0.18217095374899242 -0.7075866924002645 0.6827406655152716
		outer loop
			vertex 0.0038568314630538225 -0.01302044466137886 0.01435883529484272
			vertex 0.0036573021207004786 -0.012346845120191574 0.015110187232494354
			vertex 0.0027596864383667707 -0.01257793977856636 0.015110187232494354
		endloop
	endfacet
	facet normal 0.17471664131621858 -0.6786327226818413 0.7133945072346795
		outer loop
			vertex 0.0036573021207004786 -0.012346845120191574 0.015110187232494354
			vertex 0.003491210052743554 -0.011786127462983131 0.015684260055422783
			vertex 0.0027596864383667707 -0.01257793977856636 0.015110187232494354
		endloop
	endfacet
	facet normal 0.15529694870278712 -0.6698707404345466 0.7260551279574273
		outer loop
			vertex 0.0027596864383667707 -0.01257793977856636 0.015110187232494354
			vertex 0.003491210052743554 -0.011786127462983131 0.015684260055422783
			vertex 0.0025116794276982546 -0.011447587981820107 0.01620611548423767
		endloop
	endfacet
	facet normal 0.1680292794533125 -0.6526564810439829 0.7387866261632555
		outer loop
			vertex 0.003491210052743554 -0.011786127462983131 0.015684260055422783
			vertex 0.003328628372400999 -0.01123726088553667 0.01620611548423767
			vertex 0.0025116794276982546 -0.011447587981820107 0.01620611548423767
		endloop
	endfacet
	facet normal 0.15767093575273378 -0.6124227778997506 0.7746471565354193
		outer loop
			vertex 0.0025116794276982546 -0.011447587981820107 0.01620611548423767
			vertex 0.003328628372400999 -0.01123726088553667 0.01620611548423767
			vertex 0.0022470143157988787 -0.010241311974823475 0.017213646322488785
		endloop
	endfacet
	facet normal 0.13543437039979897 -0.6280907231696089 0.7662633847331399
		outer loop
			vertex 0.003328628372400999 -0.01123726088553667 0.01620611548423767
			vertex 0.0030947262421250343 -0.010447620414197445 0.016894709318876266
			vertex 0.0022470143157988787 -0.010241311974823475 0.017213646322488785
		endloop
	endfacet
	facet normal -0.14424239204376083 -0.5602628951587295 0.8156590100316753
		outer loop
			vertex -0.002977878088131547 -0.010053147561848164 0.017213646322488785
			vertex -0.0022470143157988787 -0.010241311974823475 0.017213646322488785
			vertex -0.0026702885515987873 -0.009014743380248547 0.017981303855776787
		endloop
	endfacet
	facet normal -0.13116957456962589 -0.5580689686310402 0.8193616838480492
		outer loop
			vertex -0.0022470143157988787 -0.010241311974823475 0.017213646322488785
			vertex -0.0019671344198286533 -0.008965691551566124 0.018127279356122017
			vertex -0.0026702885515987873 -0.009014743380248547 0.017981303855776787
		endloop
	endfacet
	facet normal -0.13663113923020603 -0.5307015193888979 0.8364734479413986
		outer loop
			vertex -0.0026702885515987873 -0.009014743380248547 0.017981303855776787
			vertex -0.0019671344198286533 -0.008965691551566124 0.018127279356122017
			vertex -0.0026069646701216698 -0.008800964802503586 0.018127279356122017
		endloop
	endfacet
	facet normal 0.15281793901025212 -0.5935718323091785 0.7901386950439672
		outer loop
			vertex 0.0030947262421250343 -0.010447620414197445 0.016894709318876266
			vertex 0.002977878088131547 -0.010053147561848164 0.017213646322488785
			vertex 0.0022470143157988787 -0.010241311974823475 0.017213646322488785
		endloop
	endfacet
	facet normal 0.14424239204376083 -0.5602628951587295 0.8156590100316753
		outer loop
			vertex 0.002977878088131547 -0.010053147561848164 0.017213646322488785
			vertex 0.0026702885515987873 -0.009014743380248547 0.017981303855776787
			vertex 0.0022470143157988787 -0.010241311974823475 0.017213646322488785
		endloop
	endfacet
	facet normal 0.13116957456962589 -0.5580689686310402 0.8193616838480492
		outer loop
			vertex 0.0022470143157988787 -0.010241311974823475 0.017213646322488785
			vertex 0.0026702885515987873 -0.009014743380248547 0.017981303855776787
			vertex 0.0019671344198286533 -0.008965691551566124 0.018127279356122017
		endloop
	endfacet
	facet normal -0.12757592789838013 -0.4955293438565639 0.8591711424378445
		outer loop
			vertex -0.0026069646701216698 -0.008800964802503586 0.018127279356122017
			vertex -0.0019671344198286533 -0.008965691551566124 0.018127279356122017
			vertex -0.002221008064225316 -0.007497997488826513 0.018936078995466232
		endloop
	endfacet
	facet normal -0.12672457928381556 -0.4954702767484588 0.8593311852040201
		outer loop
			vertex -0.0019671344198286533 -0.008965691551566124 0.018127279356122017
			vertex -0.0016735668759793043 -0.007627686485648155 0.018942033872008324
			vertex -0.002221008064225316 -0.007497997488826513 0.018936078995466232
		endloop
	endfacet
	facet normal -0.11956413054349824 -0.4644098853769269 0.877512323019778
		outer loop
			vertex -0.002221008064225316 -0.007497997488826513 0.018936078995466232
			vertex -0.0016735668759793043 -0.007627686485648155 0.018942033872008324
			vertex -0.002217911183834076 -0.007487542927265167 0.018942033872008324
		endloop
	endfacet
	facet normal 0.13663113923020603 -0.5307015193888979 0.8364734479413986
		outer loop
			vertex 0.0026702885515987873 -0.009014743380248547 0.017981303855776787
			vertex 0.0026069646701216698 -0.008800964802503586 0.018127279356122017
			vertex 0.0019671344198286533 -0.008965691551566124 0.018127279356122017
		endloop
	endfacet
	facet normal 0.12757592789838013 -0.4955293438565639 0.8591711424378445
		outer loop
			vertex 0.0026069646701216698 -0.008800964802503586 0.018127279356122017
			vertex 0.002221008064225316 -0.007497997488826513 0.018936078995466232
			vertex 0.0019671344198286533 -0.008965691551566124 0.018127279356122017
		endloop
	endfacet
	facet normal 0.12672457928381556 -0.4954702767484588 0.8593311852040201
		outer loop
			vertex 0.0019671344198286533 -0.008965691551566124 0.018127279356122017
			vertex 0.002221008064225316 -0.007497997488826513 0.018936078995466232
			vertex 0.0016735668759793043 -0.007627686485648155 0.018942033872008324
		endloop
	endfacet
	facet normal 0.11956413054349824 -0.4644098853769269 0.877512323019778
		outer loop
			vertex 0.002221008064225316 -0.007497997488826513 0.018936078995466232
			vertex 0.002217911183834076 -0.007487542927265167 0.018942033872008324
			vertex 0.0016735668759793043 -0.007627686485648155 0.018942033872008324
		endloop
	endfacet
	facet normal 0.11134796991141899 -0.43249675055933895 0.8947335862435358
		outer loop
			vertex 0.0016735668759793043 -0.007627686485648155 0.018942033872008324
			vertex 0.002217911183834076 -0.007487542927265167 0.018942033872008324
			vertex 0.0013679128605872393 -0.006234594155102968 0.01965346559882164
		endloop
	endfacet
	facet normal -0.1113479556980487 -0.4324966953518981 0.8947336146985609
		outer loop
			vertex -0.002217911183834076 -0.007487542927265167 0.018942033872008324
			vertex -0.0016735668759793043 -0.007627686485648155 0.018942033872008324
			vertex -0.0018128401134163141 -0.00612004566937685 0.01965346559882164
		endloop
	endfacet
	facet normal -0.11134818543984375 -0.432496701647415 0.8947335830644568
		outer loop
			vertex -0.0016735668759793043 -0.007627686485648155 0.018942033872008324
			vertex -0.0013679128605872393 -0.006234594155102968 0.01965346559882164
			vertex -0.0018128401134163141 -0.00612004566937685 0.01965346559882164
		endloop
	endfacet
	facet normal -0.10175720083660175 -0.395243564651354 0.9129227769530076
		outer loop
			vertex -0.0018128401134163141 -0.00612004566937685 0.01965346559882164
			vertex -0.0013679128605872393 -0.006234594155102968 0.01965346559882164
			vertex -0.001750177820213139 -0.005908501334488392 0.019752036780118942
		endloop
	endfacet
	facet normal -0.07789702786304908 -0.37102924396448816 0.9253482334630806
		outer loop
			vertex -0.0013679128605872393 -0.006234594155102968 0.01965346559882164
			vertex -0.00105183944106102 -0.004794013220816851 0.02025769092142582
			vertex -0.001750177820213139 -0.005908501334488392 0.019752036780118942
		endloop
	endfacet
	facet normal -0.09327887409297768 -0.36231173234282854 0.9273776254874198
		outer loop
			vertex -0.001750177820213139 -0.005908501334488392 0.019752036780118942
			vertex -0.00105183944106102 -0.004794013220816851 0.02025769092142582
			vertex -0.001393960788846016 -0.004705932457000017 0.02025769092142582
		endloop
	endfacet
	facet normal 0.11134816805052665 -0.4324966341041294 0.894733617877629
		outer loop
			vertex 0.002217911183834076 -0.007487542927265167 0.018942033872008324
			vertex 0.0018128401134163141 -0.00612004566937685 0.01965346559882164
			vertex 0.0013679128605872393 -0.006234594155102968 0.01965346559882164
		endloop
	endfacet
	facet normal 0.10175720083660175 -0.395243564651354 0.9129227769530076
		outer loop
			vertex 0.0018128401134163141 -0.00612004566937685 0.01965346559882164
			vertex 0.001750177820213139 -0.005908501334488392 0.019752036780118942
			vertex 0.0013679128605872393 -0.006234594155102968 0.01965346559882164
		endloop
	endfacet
	facet normal 0.07789702786304908 -0.37102924396448816 0.9253482334630806
		outer loop
			vertex 0.0013679128605872393 -0.006234594155102968 0.01965346559882164
			vertex 0.001750177820213139 -0.005908501334488392 0.019752036780118942
			vertex 0.00105183944106102 -0.004794013220816851 0.02025769092142582
		endloop
	endfacet
	facet normal -0.055487464679758416 -0.30495046995855984 0.9507504152696785
		outer loop
			vertex -0.0004868169198743999 -0.0033575177658349276 0.02075141854584217
			vertex -0.0007270709611475468 -0.003313802182674408 0.02075141854584217
			vertex -0.0007042685756459832 -0.004857256077229977 0.02025769092142582
		endloop
	endfacet
	facet normal -0.055487788624900246 -0.30495046881406246 0.9507503967307098
		outer loop
			vertex -0.0007270709611475468 -0.003313802182674408 0.02075141854584217
			vertex -0.00105183944106102 -0.004794013220816851 0.02025769092142582
			vertex -0.0007042685756459832 -0.004857256077229977 0.02025769092142582
		endloop
	endfacet
	facet normal -0.06790406851661814 -0.37318801202382834 0.9252673911689494
		outer loop
			vertex -0.0007042685756459832 -0.004857256077229977 0.02025769092142582
			vertex -0.00105183944106102 -0.004794013220816851 0.02025769092142582
			vertex -0.0009158983593806624 -0.006316840648651123 0.01965346559882164
		endloop
	endfacet
	facet normal -0.0679035811077116 -0.37318798675072734 0.9252674371324692
		outer loop
			vertex -0.00105183944106102 -0.004794013220816851 0.02025769092142582
			vertex -0.0013679128605872393 -0.006234594155102968 0.01965346559882164
			vertex -0.0009158983593806624 -0.006316840648651123 0.01965346559882164
		endloop
	endfacet
	facet normal -0.0799486347762719 -0.4393858110119281 0.8947336614204255
		outer loop
			vertex -0.0009158983593806624 -0.006316840648651123 0.01965346559882164
			vertex -0.0013679128605872393 -0.006234594155102968 0.01965346559882164
			vertex -0.0011205518385395408 -0.007728311233222485 0.018942033872008324
		endloop
	endfacet
	facet normal -0.0799491671463789 -0.4393858640994191 0.8947335877802998
		outer loop
			vertex -0.0013679128605872393 -0.006234594155102968 0.01965346559882164
			vertex -0.0016735668759793043 -0.007627686485648155 0.018942033872008324
			vertex -0.0011205518385395408 -0.007728311233222485 0.018942033872008324
		endloop
	endfacet
	facet normal -0.09155668376171883 -0.5031786326812555 0.8593187052959914
		outer loop
			vertex -0.0011205518385395408 -0.007728311233222485 0.018942033872008324
			vertex -0.0016735668759793043 -0.007627686485648155 0.018942033872008324
			vertex -0.001317112590186298 -0.00908396765589714 0.018127279356122017
		endloop
	endfacet
	facet normal -0.09155694477924681 -0.5031786690852588 0.8593186561691057
		outer loop
			vertex -0.0016735668759793043 -0.007627686485648155 0.018942033872008324
			vertex -0.0019671344198286533 -0.008965691551566124 0.018127279356122017
			vertex -0.001317112590186298 -0.00908396765589714 0.018127279356122017
		endloop
	endfacet
	facet normal -0.10266383450559961 -0.564219915095138 0.8192167139985868
		outer loop
			vertex -0.001317112590186298 -0.00908396765589714 0.018127279356122017
			vertex -0.0019671344198286533 -0.008965691551566124 0.018127279356122017
			vertex -0.0015045086620375514 -0.010376415215432644 0.017213646322488785
		endloop
	endfacet
	facet normal -0.10266308586166373 -0.5642197873357049 0.8192168958097804
		outer loop
			vertex -0.0019671344198286533 -0.008965691551566124 0.018127279356122017
			vertex -0.0022470143157988787 -0.010241311974823475 0.017213646322488785
			vertex -0.0015045086620375514 -0.010376415215432644 0.017213646322488785
		endloop
	endfacet
	facet normal -0.11320891063110462 -0.6221779420000918 0.7746472429707918
		outer loop
			vertex -0.0015045086620375514 -0.010376415215432644 0.017213646322488785
			vertex -0.0022470143157988787 -0.010241311974823475 0.017213646322488785
			vertex -0.0016817175783216953 -0.01159860473126173 0.01620611548423767
		endloop
	endfacet
	facet normal -0.11320917728457998 -0.622177993453827 0.7746471626749293
		outer loop
			vertex -0.0022470143157988787 -0.010241311974823475 0.017213646322488785
			vertex -0.0025116794276982546 -0.011447587981820107 0.01620611548423767
			vertex -0.0016817175783216953 -0.01159860473126173 0.01620611548423767
		endloop
	endfacet
	facet normal -0.12313610052724838 -0.6767346410016476 0.7258565467193325
		outer loop
			vertex -0.0016817175783216953 -0.01159860473126173 0.01620611548423767
			vertex -0.0025116794276982546 -0.011447587981820107 0.01620611548423767
			vertex -0.0018477729754522443 -0.012743867933750153 0.015110187232494354
		endloop
	endfacet
	facet normal -0.12313594408257988 -0.6767346087420573 0.7258566033354154
		outer loop
			vertex -0.0025116794276982546 -0.011447587981820107 0.01620611548423767
			vertex -0.0027596864383667707 -0.01257793977856636 0.015110187232494354
			vertex -0.0018477729754522443 -0.012743867933750153 0.015110187232494354
		endloop
	endfacet
	facet normal -0.13239042999023348 -0.7275957195776126 0.6731101268732608
		outer loop
			vertex -0.0018477729754522443 -0.012743867933750153 0.015110187232494354
			vertex -0.0027596864383667707 -0.01257793977856636 0.015110187232494354
			vertex -0.002001768909394741 -0.01380595937371254 0.013931835070252419
		endloop
	endfacet
	facet normal -0.13239010636937523 -0.727595651515608 0.6731102640957746
		outer loop
			vertex -0.0027596864383667707 -0.01257793977856636 0.015110187232494354
			vertex -0.002989682601764798 -0.013626202940940857 0.013931835070252419
			vertex -0.002001768909394741 -0.01380595937371254 0.013931835070252419
		endloop
	endfacet
	facet normal -0.14092152283142825 -0.7744830035186304 0.6166986311510937
		outer loop
			vertex -0.002001768909394741 -0.01380595937371254 0.013931835070252419
			vertex -0.002989682601764798 -0.013626202940940857 0.013931835070252419
			vertex -0.0021428654436022043 -0.014779085293412209 0.012677489779889584
		endloop
	endfacet
	facet normal -0.14092177891081267 -0.7744830561007884 0.6166985065989662
		outer loop
			vertex -0.002989682601764798 -0.013626202940940857 0.013931835070252419
			vertex -0.003200413193553686 -0.014586658217012882 0.012677489779889584
			vertex -0.0021428654436022043 -0.014779085293412209 0.012677489779889584
		endloop
	endfacet
	facet normal -0.14868405953673516 -0.817143281283449 0.5569289975328944
		outer loop
			vertex -0.0021428654436022043 -0.014779085293412209 0.012677489779889584
			vertex -0.003200413193553686 -0.014586658217012882 0.012677489779889584
			vertex -0.002270292956382036 -0.01565793715417385 0.0113539919257164
		endloop
	endfacet
	facet normal -0.14868432755070948 -0.8171433325871853 0.5569288507063554
		outer loop
			vertex -0.003200413193553686 -0.014586658217012882 0.012677489779889584
			vertex -0.003390728496015072 -0.015454066917300224 0.0113539919257164
			vertex -0.002270292956382036 -0.01565793715417385 0.0113539919257164
		endloop
	endfacet
	facet normal -0.15563535038093995 -0.8553449511030773 0.49412817399362735
		outer loop
			vertex -0.002270292956382036 -0.01565793715417385 0.0113539919257164
			vertex -0.003390728496015072 -0.015454066917300224 0.0113539919257164
			vertex -0.0023833562154322863 -0.016437720507383347 0.009968561120331287
		endloop
	endfacet
	facet normal -0.15563414432796663 -0.8553447474685072 0.4941289063567698
		outer loop
			vertex -0.003390728496015072 -0.015454066917300224 0.0113539919257164
			vertex -0.0035595910158008337 -0.01622369885444641 0.009968561120331287
			vertex -0.0023833562154322863 -0.016437720507383347 0.009968561120331287
		endloop
	endfacet
	facet normal -0.16173624519937244 -0.8888810897115125 0.4286394701168838
		outer loop
			vertex -0.0023833562154322863 -0.016437720507383347 0.009968561120331287
			vertex -0.0035595910158008337 -0.01622369885444641 0.009968561120331287
			vertex -0.0024814384523779154 -0.017114182934165 0.008528754115104675
		endloop
	endfacet
	facet normal -0.161736834597198 -0.8888811710414011 0.42863907906599746
		outer loop
			vertex -0.0035595910158008337 -0.01622369885444641 0.009968561120331287
			vertex -0.003706078976392746 -0.016891352832317352 0.008528754115104675
			vertex -0.0024814384523779154 -0.017114182934165 0.008528754115104675
		endloop
	endfacet
	facet normal -0.16695690946235334 -0.9175699126667637 0.36081968592565355
		outer loop
			vertex -0.0024814384523779154 -0.017114182934165 0.008528754115104675
			vertex -0.003706078976392746 -0.016891352832317352 0.008528754115104675
			vertex -0.0025640050880610943 -0.017683634534478188 0.0070424252189695835
		endloop
	endfacet
	facet normal -0.16695752857925814 -0.9175699741885273 0.3608192429990005
		outer loop
			vertex -0.003706078976392746 -0.016891352832317352 0.008528754115104675
			vertex -0.003829393768683076 -0.01745338924229145 0.0070424252189695835
			vertex -0.0025640050880610943 -0.017683634534478188 0.0070424252189695835
		endloop
	endfacet
	facet normal -0.17126750948074587 -0.9412568908444227 0.2910376361128456
		outer loop
			vertex -0.0025640050880610943 -0.017683634534478188 0.0070424252189695835
			vertex -0.003829393768683076 -0.01745338924229145 0.0070424252189695835
			vertex -0.002630605362355709 -0.01814296841621399 0.005517682060599327
		endloop
	endfacet
	facet normal -0.1712677528846803 -0.9412569039013986 0.29103745064816955
		outer loop
			vertex -0.003829393768683076 -0.01745338924229145 0.0070424252189695835
			vertex -0.003928862512111664 -0.01790674217045307 0.005517682060599327
			vertex -0.002630605362355709 -0.01814296841621399 0.005517682060599327
		endloop
	endfacet
	facet normal -0.17464433125350443 -0.9598139740309974 0.21967360518696827
		outer loop
			vertex -0.002630605362355709 -0.01814296841621399 0.005517682060599327
			vertex -0.003928862512111664 -0.01790674217045307 0.005517682060599327
			vertex -0.0026808760594576597 -0.01848967932164669 0.003962841350585222
		endloop
	endfacet
	facet normal -0.17464353173931926 -0.9598139727449033 0.21967424643153644
		outer loop
			vertex -0.003928862512111664 -0.01790674217045307 0.005517682060599327
			vertex -0.00400394294410944 -0.018248939886689186 0.003962841350585222
			vertex -0.0026808760594576597 -0.01848967932164669 0.003962841350585222
		endloop
	endfacet
	facet normal -0.17706847918845078 -0.973141110725156 0.14711605043128015
		outer loop
			vertex -0.0026808760594576597 -0.01848967932164669 0.003962841350585222
			vertex -0.00400394294410944 -0.018248939886689186 0.003962841350585222
			vertex -0.002714542904868722 -0.01872187666594982 0.0023863844107836485
		endloop
	endfacet
	facet normal -0.17706969875947642 -0.9731410426996854 0.14711503252420338
		outer loop
			vertex -0.00400394294410944 -0.018248939886689186 0.003962841350585222
			vertex -0.0040542250499129295 -0.018478112295269966 0.0023863844107836485
			vertex -0.002714542904868722 -0.01872187666594982 0.0023863844107836485
		endloop
	endfacet
	facet normal -0.17852990647759506 -0.9811660637581913 0.07375790006743731
		outer loop
			vertex -0.002714542904868722 -0.01872187666594982 0.0023863844107836485
			vertex -0.0040542250499129295 -0.018478112295269966 0.0023863844107836485
			vertex -0.0027314224280416965 -0.018838291987776756 0.0007969104335643351
		endloop
	endfacet
	facet normal -0.1785288719617118 -0.9811661852047758 0.07375878853930691
		outer loop
			vertex -0.0040542250499129295 -0.018478112295269966 0.0023863844107836485
			vertex -0.004079435020685196 -0.018593013286590576 0.0007969104335643351
			vertex -0.0027314224280416965 -0.018838291987776756 0.0007969104335643351
		endloop
	endfacet
	facet normal -0.1790164930590871 -0.9838460729264644 0
		outer loop
			vertex -0.0027314224280416965 -0.018838291987776756 0.0007969104335643351
			vertex -0.004079435020685196 -0.018593013286590576 0.0007969104335643351
			vertex -0.0027314224280416965 -0.018838291987776756 -0.0007969104335643351
		endloop
	endfacet
	facet normal -0.1790164930590871 -0.9838460729264644 0
		outer loop
			vertex -0.004079435020685196 -0.018593013286590576 0.0007969104335643351
			vertex -0.004079435020685196 -0.018593013286590576 -0.0007969104335643351
			vertex -0.0027314224280416965 -0.018838291987776756 -0.0007969104335643351
		endloop
	endfacet
	facet normal -0.17852888368864184 -0.9811662496541116 -0.073757902821143
		outer loop
			vertex -0.0027314224280416965 -0.018838291987776756 -0.0007969104335643351
			vertex -0.004079435020685196 -0.018593013286590576 -0.0007969104335643351
			vertex -0.002714542904868722 -0.01872187666594982 -0.0023863844107836485
		endloop
	endfacet
	facet normal -0.178529894677679 -0.9811659989081197 -0.07375879129302873
		outer loop
			vertex -0.004079435020685196 -0.018593013286590576 -0.0007969104335643351
			vertex -0.0040542250499129295 -0.018478112295269966 -0.0023863844107836485
			vertex -0.002714542904868722 -0.01872187666594982 -0.0023863844107836485
		endloop
	endfacet
	facet normal -0.17706967182583852 -0.9731408946775865 -0.1471160440794839
		outer loop
			vertex -0.002714542904868722 -0.01872187666594982 -0.0023863844107836485
			vertex -0.0040542250499129295 -0.018478112295269966 -0.0023863844107836485
			vertex -0.0026808760594576597 -0.01848967932164669 -0.003962841350585222
		endloop
	endfacet
	facet normal -0.17706850646014755 -0.9731412606062042 -0.1471150261725175
		outer loop
			vertex -0.0040542250499129295 -0.018478112295269966 -0.0023863844107836485
			vertex -0.00400394294410944 -0.018248939886689186 -0.003962841350585222
			vertex -0.0026808760594576597 -0.01848967932164669 -0.003962841350585222
		endloop
	endfacet
	facet normal -0.17464355734314993 -0.9598141134596162 -0.21967361125602058
		outer loop
			vertex -0.0026808760594576597 -0.01848967932164669 -0.003962841350585222
			vertex -0.00400394294410944 -0.018248939886689186 -0.003962841350585222
			vertex -0.002630605362355709 -0.01814296841621399 -0.005517682060599327
		endloop
	endfacet
	facet normal -0.174644305160272 -0.9598138306272641 -0.21967425250061323
		outer loop
			vertex -0.00400394294410944 -0.018248939886689186 -0.003962841350585222
			vertex -0.003928862512111664 -0.01790674217045307 -0.005517682060599327
			vertex -0.002630605362355709 -0.01814296841621399 -0.005517682060599327
		endloop
	endfacet
	facet normal -0.17126774291411953 -0.9412568491049818 -0.29103763373499425
		outer loop
			vertex -0.002630605362355709 -0.01814296841621399 -0.005517682060599327
			vertex -0.003928862512111664 -0.01790674217045307 -0.005517682060599327
			vertex -0.0025640050880610943 -0.017683634534478188 -0.0070424252189695835
		endloop
	endfacet
	facet normal -0.17126751971027848 -0.9412569470641813 -0.29103744827033246
		outer loop
			vertex -0.003928862512111664 -0.01790674217045307 -0.005517682060599327
			vertex -0.003829393768683076 -0.01745338924229145 -0.0070424252189695835
			vertex -0.0025640050880610943 -0.017683634534478188 -0.0070424252189695835
		endloop
	endfacet
	facet normal -0.16695749840490742 -0.9175698083554652 -0.3608196786774391
		outer loop
			vertex -0.0025640050880610943 -0.017683634534478188 -0.0070424252189695835
			vertex -0.003829393768683076 -0.01745338924229145 -0.0070424252189695835
			vertex -0.0024814384523779154 -0.017114182934165 -0.008528754115104675
		endloop
	endfacet
	facet normal -0.16695694064060604 -0.917570084017723 -0.3608192357505874
		outer loop
			vertex -0.003829393768683076 -0.01745338924229145 -0.0070424252189695835
			vertex -0.003706078976392746 -0.016891352832317352 -0.008528754115104675
			vertex -0.0024814384523779154 -0.017114182934165 -0.008528754115104675
		endloop
	endfacet
	facet normal -0.16173680205433472 -0.8888809921907482 -0.4286394622328046
		outer loop
			vertex -0.0024814384523779154 -0.017114182934165 -0.008528754115104675
			vertex -0.003706078976392746 -0.016891352832317352 -0.008528754115104675
			vertex -0.0023833562154322863 -0.016437720507383347 -0.009968561120331287
		endloop
	endfacet
	facet normal -0.16173627908136318 -0.8888812759224685 -0.42863907118152417
		outer loop
			vertex -0.003706078976392746 -0.016891352832317352 -0.008528754115104675
			vertex -0.0035595910158008337 -0.01622369885444641 -0.009968561120331287
			vertex -0.0023833562154322863 -0.016437720507383347 -0.009968561120331287
		endloop
	endfacet
	facet normal -0.15563421703253907 -0.8553451470432563 -0.4941281917865231
		outer loop
			vertex -0.0023833562154322863 -0.016437720507383347 -0.009968561120331287
			vertex -0.0035595910158008337 -0.01622369885444641 -0.009968561120331287
			vertex -0.002270292956382036 -0.01565793715417385 -0.0113539919257164
		endloop
	endfacet
	facet normal -0.1556352740550413 -0.8553445316291475 -0.4941289241502936
		outer loop
			vertex -0.0035595910158008337 -0.01622369885444641 -0.009968561120331287
			vertex -0.003390728496015072 -0.015454066917300224 -0.0113539919257164
			vertex -0.002270292956382036 -0.01565793715417385 -0.0113539919257164
		endloop
	endfacet
	facet normal -0.14868431043469058 -0.8171432385205076 -0.55692899329338
		outer loop
			vertex -0.002270292956382036 -0.01565793715417385 -0.0113539919257164
			vertex -0.003390728496015072 -0.015454066917300224 -0.0113539919257164
			vertex -0.0021428654436022043 -0.014779085293412209 -0.012677489779889584
		endloop
	endfacet
	facet normal -0.14868407767054018 -0.8171433809438765 -0.5569288464668282
		outer loop
			vertex -0.003390728496015072 -0.015454066917300224 -0.0113539919257164
			vertex -0.003200413193553686 -0.014586658217012882 -0.012677489779889584
			vertex -0.0021428654436022043 -0.014779085293412209 -0.012677489779889584
		endloop
	endfacet
	facet normal -0.1409217620378806 -0.7744829633699124 -0.616698626910988
		outer loop
			vertex -0.0021428654436022043 -0.014779085293412209 -0.012677489779889584
			vertex -0.003200413193553686 -0.014586658217012882 -0.012677489779889584
			vertex -0.002001768909394741 -0.01380595937371254 -0.013931835070252419
		endloop
	endfacet
	facet normal -0.1409215408936358 -0.7744831027857434 -0.6166985023587548
		outer loop
			vertex -0.003200413193553686 -0.014586658217012882 -0.012677489779889584
			vertex -0.002989682601764798 -0.013626202940940857 -0.013931835070252419
			vertex -0.002001768909394741 -0.01380595937371254 -0.013931835070252419
		endloop
	endfacet
	facet normal -0.13239012783338766 -0.7275957694785173 -0.6731101323626199
		outer loop
			vertex -0.002001768909394741 -0.01380595937371254 -0.013931835070252419
			vertex -0.002989682601764798 -0.013626202940940857 -0.013931835070252419
			vertex -0.0018477729754522443 -0.012743867933750153 -0.015110187232494354
		endloop
	endfacet
	facet normal -0.13239040673732705 -0.7275955917835176 -0.6731102695852427
		outer loop
			vertex -0.002989682601764798 -0.013626202940940857 -0.013931835070252419
			vertex -0.0027596864383667707 -0.01257793977856636 -0.015110187232494354
			vertex -0.0018477729754522443 -0.012743867933750153 -0.015110187232494354
		endloop
	endfacet
	facet normal -0.12313595427468978 -0.676734664756193 -0.7258565493829924
		outer loop
			vertex -0.0018477729754522443 -0.012743867933750153 -0.015110187232494354
			vertex -0.0027596864383667707 -0.01257793977856636 -0.015110187232494354
			vertex -0.0016817175783216953 -0.01159860473126173 -0.01620611548423767
		endloop
	endfacet
	facet normal -0.12313608932874225 -0.6767345794566012 -0.7258566059990921
		outer loop
			vertex -0.0027596864383667707 -0.01257793977856636 -0.015110187232494354
			vertex -0.0025116794276982546 -0.011447587981820107 -0.01620611548423767
			vertex -0.0016817175783216953 -0.01159860473126173 -0.01620611548423767
		endloop
	endfacet
	facet normal -0.11320916065612797 -0.6221779020667402 -0.7746472385049629
		outer loop
			vertex -0.0016817175783216953 -0.01159860473126173 -0.01620611548423767
			vertex -0.0025116794276982546 -0.011447587981820107 -0.01620611548423767
			vertex -0.0015045086620375514 -0.010376415215432644 -0.017213646322488785
		endloop
	endfacet
	facet normal -0.11320892921810308 -0.6221780441512421 -0.7746471582090945
		outer loop
			vertex -0.0025116794276982546 -0.011447587981820107 -0.01620611548423767
			vertex -0.0022470143157988787 -0.010241311974823475 -0.017213646322488785
			vertex -0.0015045086620375514 -0.010376415215432644 -0.017213646322488785
		endloop
	endfacet
	facet normal -0.10266312926722482 -0.5642200258856787 -0.8192167260735252
		outer loop
			vertex -0.0015045086620375514 -0.010376415215432644 -0.017213646322488785
			vertex -0.0022470143157988787 -0.010241311974823475 -0.017213646322488785
			vertex -0.001317112590186298 -0.00908396765589714 -0.018127279356122017
		endloop
	endfacet
	facet normal -0.10266378492405302 -0.5642196426048678 -0.8192169078845378
		outer loop
			vertex -0.0022470143157988787 -0.010241311974823475 -0.017213646322488785
			vertex -0.0019671344198286533 -0.008965691551566124 -0.018127279356122017
			vertex -0.001317112590186298 -0.00908396765589714 -0.018127279356122017
		endloop
	endfacet
	facet normal -0.09155693119417968 -0.5031785944244451 -0.8593187013345771
		outer loop
			vertex -0.001317112590186298 -0.00908396765589714 -0.018127279356122017
			vertex -0.0019671344198286533 -0.008965691551566124 -0.018127279356122017
			vertex -0.0011205518385395408 -0.007728311233222485 -0.018942033872008324
		endloop
	endfacet
	facet normal -0.0915566997297606 -0.5031787204386654 -0.8593186522078419
		outer loop
			vertex -0.0019671344198286533 -0.008965691551566124 -0.018127279356122017
			vertex -0.0016735668759793043 -0.007627686485648155 -0.018942033872008324
			vertex -0.0011205518385395408 -0.007728311233222485 -0.018942033872008324
		endloop
	endfacet
	facet normal -0.07994914338957701 -0.4393857335364214 -0.8947336540199736
		outer loop
			vertex -0.0011205518385395408 -0.007728311233222485 -0.018942033872008324
			vertex -0.0016735668759793043 -0.007627686485648155 -0.018942033872008324
			vertex -0.0009158983593806624 -0.006316840648651123 -0.01965346559882164
		endloop
	endfacet
	facet normal -0.07994866384124272 -0.43938597074868674 -0.8947335803797878
		outer loop
			vertex -0.0016735668759793043 -0.007627686485648155 -0.018942033872008324
			vertex -0.0013679128605872393 -0.006234594155102968 -0.01965346559882164
			vertex -0.0009158983593806624 -0.006316840648651123 -0.01965346559882164
		endloop
	endfacet
	facet normal -0.06790359855713275 -0.3731880826501519 -0.9252673971727824
		outer loop
			vertex -0.0009158983593806624 -0.006316840648651123 -0.01965346559882164
			vertex -0.0013679128605872393 -0.006234594155102968 -0.01965346559882164
			vertex -0.0007042685756459832 -0.004857256077229977 -0.02025769092142582
		endloop
	endfacet
	facet normal -0.06790404582356566 -0.37318788730707236 -0.9252674431363481
		outer loop
			vertex -0.0013679128605872393 -0.006234594155102968 -0.01965346559882164
			vertex -0.00105183944106102 -0.004794013220816851 -0.02025769092142582
			vertex -0.0007042685756459832 -0.004857256077229977 -0.02025769092142582
		endloop
	endfacet
	facet normal -0.05548778030347506 -0.3049504230810719 -0.9507504118850901
		outer loop
			vertex -0.0007042685756459832 -0.004857256077229977 -0.02025769092142582
			vertex -0.00105183944106102 -0.004794013220816851 -0.02025769092142582
			vertex -0.0004868169198743999 -0.0033575177658349276 -0.02075141854584217
		endloop
	endfacet
	facet normal -0.05548747671813713 -0.30495053611961564 -0.950750393346126
		outer loop
			vertex -0.00105183944106102 -0.004794013220816851 -0.02025769092142582
			vertex -0.0007270709611475468 -0.003313802182674408 -0.02075141854584217
			vertex -0.0004868169198743999 -0.0033575177658349276 -0.02075141854584217
		endloop
	endfacet
	facet normal -0.04276719302964802 -0.23504183671879372 -0.9710439239252883
		outer loop
			vertex -0.0004868169198743999 -0.0033575177658349276 -0.02075141854584217
			vertex -0.0007270709611475468 -0.003313802182674408 -0.02075141854584217
			vertex -0.00026472946046851575 -0.0018258073832839727 -0.021131951361894608
		endloop
	endfacet
	facet normal -0.042767324930982245 -0.23504179672514844 -0.971043927796504
		outer loop
			vertex -0.0007270709611475468 -0.003313802182674408 -0.02075141854584217
			vertex -0.00039537885459139943 -0.0018020349089056253 -0.021131951361894608
			vertex -0.00026472946046851575 -0.0018258073832839727 -0.021131951361894608
		endloop
	endfacet
	facet normal -0.031609343391314035 -0.17371946634460714 -0.984287760984213
		outer loop
			vertex -0.00026472946046851575 -0.0018258073832839727 -0.021131951361894608
			vertex -0.00039537885459139943 -0.0018020349089056253 -0.021131951361894608
			vertex -0.0001528771099401638 -0.0006940782186575234 -0.021335285156965256
		endloop
	endfacet
	facet normal -0.044025151204208475 -0.1710017751879628 -0.9842866345450456
		outer loop
			vertex -0.00039537885459139943 -0.0018020349089056253 -0.021131951361894608
			vertex -0.0005239797756075859 -0.0017689260421320796 -0.021131951361894608
			vertex -0.0001528771099401638 -0.0006940782186575234 -0.021335285156965256
		endloop
	endfacet
	facet normal 0.03129718254418083 -0.19620853379571887 -0.9800625988326105
		outer loop
			vertex -0.0001528771099401638 -0.0006940782186575234 -0.021335285156965256
			vertex -0.0005239797756075859 -0.0017689260421320796 -0.021131951361894608
			vertex -0.00024354021297767758 -0.0008221779717132449 -0.02131253480911255
		endloop
	endfacet
	facet normal -0.00862529084360844 -0.17601934454548604 -0.9843489191865051
		outer loop
			vertex -0.00012468955537769943 -0.0006730295717716217 -0.02133931592106819
			vertex -0.00009635687456466258 -0.000661553640384227 -0.021341616287827492
			vertex -0.00026472946046851575 -0.0018258073832839727 -0.021131951361894608
		endloop
	endfacet
	facet normal -0.01892378041049707 -0.1745511222660961 -0.9844662494217981
		outer loop
			vertex -0.00009635687456466258 -0.000661553640384227 -0.021341616287827492
			vertex -0.00013270851923152804 -0.001840120297856629 -0.021131951361894608
			vertex -0.00026472946046851575 -0.0018258073832839727 -0.021131951361894608
		endloop
	endfacet
	facet normal -0.02574932755974666 -0.23750930974964946 -0.9710439227514202
		outer loop
			vertex -0.00026472946046851575 -0.0018258073832839727 -0.021131951361894608
			vertex -0.00013270851923152804 -0.001840120297856629 -0.021131951361894608
			vertex -0.0004868169198743999 -0.0033575177658349276 -0.02075141854584217
		endloop
	endfacet
	facet normal -0.025749328370577057 -0.23750930956628488 -0.9710439227747687
		outer loop
			vertex -0.00013270851923152804 -0.001840120297856629 -0.021131951361894608
			vertex -0.00024404065334238112 -0.0033838381059467793 -0.02075141854584217
			vertex -0.0004868169198743999 -0.0033575177658349276 -0.02075141854584217
		endloop
	endfacet
	facet normal -0.033407966294727254 -0.30815184359298164 -0.9507504136619123
		outer loop
			vertex -0.0004868169198743999 -0.0033575177658349276 -0.02075141854584217
			vertex -0.00024404065334238112 -0.0033838381059467793 -0.02075141854584217
			vertex -0.0007042685756459832 -0.004857256077229977 -0.02025769092142582
		endloop
	endfacet
	facet normal -0.03340796600739631 -0.30815184367698983 -0.9507504136447803
		outer loop
			vertex -0.00024404065334238112 -0.0033838381059467793 -0.02075141854584217
			vertex -0.00035304887569509447 -0.0048953332006931305 -0.02025769092142582
			vertex -0.0007042685756459832 -0.004857256077229977 -0.02025769092142582
		endloop
	endfacet
	facet normal -0.04088353896054787 -0.37710580476356087 -0.9252673928414904
		outer loop
			vertex -0.0007042685756459832 -0.004857256077229977 -0.02025769092142582
			vertex -0.00035304887569509447 -0.0048953332006931305 -0.02025769092142582
			vertex -0.0009158983593806624 -0.006316840648651123 -0.01965346559882164
		endloop
	endfacet
	facet normal -0.04088370449689754 -0.37710574624729115 -0.9252674093762754
		outer loop
			vertex -0.00035304887569509447 -0.0048953332006931305 -0.02025769092142582
			vertex -0.00045913856592960656 -0.006366360001266003 -0.01965346559882164
			vertex -0.0009158983593806624 -0.006316840648651123 -0.01965346559882164
		endloop
	endfacet
	facet normal -0.048135838364746324 -0.4439984456191865 -0.8947336594499333
		outer loop
			vertex -0.0009158983593806624 -0.006316840648651123 -0.01965346559882164
			vertex -0.00045913856592960656 -0.006366360001266003 -0.01965346559882164
			vertex -0.0011205518385395408 -0.007728311233222485 -0.018942033872008324
		endloop
	endfacet
	facet normal -0.04813560517913402 -0.4439985407551233 -0.894733624785254
		outer loop
			vertex -0.00045913856592960656 -0.006366360001266003 -0.01965346559882164
			vertex -0.0005617310525849462 -0.007788895163685083 -0.018942033872008324
			vertex -0.0011205518385395408 -0.007728311233222485 -0.018942033872008324
		endloop
	endfacet
	facet normal -0.055124239868214374 -0.5084610855236968 -0.8593187084469972
		outer loop
			vertex -0.0011205518385395408 -0.007728311233222485 -0.018942033872008324
			vertex -0.0005617310525849462 -0.007788895163685083 -0.018942033872008324
			vertex -0.001317112590186298 -0.00908396765589714 -0.018127279356122017
		endloop
	endfacet
	facet normal -0.055123927915161866 -0.5084612272932714 -0.8593186445729109
		outer loop
			vertex -0.0005617310525849462 -0.007788895163685083 -0.018942033872008324
			vertex -0.0006602667272090912 -0.00915517844259739 -0.018127279356122017
			vertex -0.001317112590186298 -0.00908396765589714 -0.018127279356122017
		endloop
	endfacet
	facet normal -0.06181107956398272 -0.5701432855763578 -0.8192167139135594
		outer loop
			vertex -0.001317112590186298 -0.00908396765589714 -0.018127279356122017
			vertex -0.0006602667272090912 -0.00915517844259739 -0.018127279356122017
			vertex -0.0015045086620375514 -0.010376415215432644 -0.017213646322488785
		endloop
	endfacet
	facet normal -0.06181184426076273 -0.5701429095559358 -0.8192169179113523
		outer loop
			vertex -0.0006602667272090912 -0.00915517844259739 -0.018127279356122017
			vertex -0.0007542080711573362 -0.010457758791744709 -0.017213646322488785
			vertex -0.0015045086620375514 -0.010376415215432644 -0.017213646322488785
		endloop
	endfacet
	facet normal -0.06816132405012137 -0.628709530962661 -0.774647248481814
		outer loop
			vertex -0.0015045086620375514 -0.010376415215432644 -0.017213646322488785
			vertex -0.0007542080711573362 -0.010457758791744709 -0.017213646322488785
			vertex -0.0016817175783216953 -0.01159860473126173 -0.01620611548423767
		endloop
	endfacet
	facet normal -0.06816093529269851 -0.6287097326615522 -0.7746471189881652
		outer loop
			vertex -0.0007542080711573362 -0.010457758791744709 -0.017213646322488785
			vertex -0.000843042740598321 -0.011689528822898865 -0.01620611548423767
			vertex -0.0016817175783216953 -0.01159860473126173 -0.01620611548423767
		endloop
	endfacet
	facet normal -0.07413772718596384 -0.6838390705623939 -0.7258565443529877
		outer loop
			vertex -0.0016817175783216953 -0.01159860473126173 -0.01620611548423767
			vertex -0.000843042740598321 -0.011689528822898865 -0.01620611548423767
			vertex -0.0018477729754522443 -0.012743867933750153 -0.015110187232494354
		endloop
	endfacet
	facet normal -0.07413769850666875 -0.6838390859087526 -0.7258565328242323
		outer loop
			vertex -0.000843042740598321 -0.011689528822898865 -0.01620611548423767
			vertex -0.0009262860403396189 -0.01284376997500658 -0.015110187232494354
			vertex -0.0018477729754522443 -0.012743867933750153 -0.015110187232494354
		endloop
	endfacet
	facet normal -0.07970963175191563 -0.7352340686762777 -0.6731101238755073
		outer loop
			vertex -0.0018477729754522443 -0.012743867933750153 -0.015110187232494354
			vertex -0.0009262860403396189 -0.01284376997500658 -0.015110187232494354
			vertex -0.002001768909394741 -0.01380595937371254 -0.013931835070252419
		endloop
	endfacet
	facet normal -0.07970966848891432 -0.7352340488317117 -0.673110141201212
		outer loop
			vertex -0.0009262860403396189 -0.01284376997500658 -0.015110187232494354
			vertex -0.001003484008833766 -0.01391418743878603 -0.013931835070252419
			vertex -0.002001768909394741 -0.01380595937371254 -0.013931835070252419
		endloop
	endfacet
	facet normal -0.08484626656327382 -0.7826135182364521 -0.6166986234165248
		outer loop
			vertex -0.002001768909394741 -0.01380595937371254 -0.013931835070252419
			vertex -0.001003484008833766 -0.01391418743878603 -0.013931835070252419
			vertex -0.0021428654436022043 -0.014779085293412209 -0.012677489779889584
		endloop
	endfacet
	facet normal -0.08484620322110496 -0.7826135520630642 -0.616698589203994
		outer loop
			vertex -0.001003484008833766 -0.01391418743878603 -0.013931835070252419
			vertex -0.0010742155136540532 -0.014894941821694374 -0.012677489779889584
			vertex -0.0021428654436022043 -0.014779085293412209 -0.012677489779889584
		endloop
	endfacet
	facet normal -0.08951972600759521 -0.8257216951469848 -0.556928990822991
		outer loop
			vertex -0.0021428654436022043 -0.014779085293412209 -0.012677489779889584
			vertex -0.0010742155136540532 -0.014894941821694374 -0.012677489779889584
			vertex -0.002270292956382036 -0.01565793715417385 -0.0113539919257164
		endloop
	endfacet
	facet normal -0.0895200028034773 -0.8257215520581151 -0.5569291584796067
		outer loop
			vertex -0.0010742155136540532 -0.014894941821694374 -0.012677489779889584
			vertex -0.0011380946962162852 -0.015780683606863022 -0.0113539919257164
			vertex -0.002270292956382036 -0.01565793715417385 -0.0113539919257164
		endloop
	endfacet
	facet normal -0.09370510445653549 -0.864324417610639 -0.49412817620615374
		outer loop
			vertex -0.002270292956382036 -0.01565793715417385 -0.0113539919257164
			vertex -0.0011380946962162852 -0.015780683606863022 -0.0113539919257164
			vertex -0.0023833562154322863 -0.016437720507383347 -0.009968561120331287
		endloop
	endfacet
	facet normal -0.09370529848265688 -0.8643243226269252 -0.4941283055561415
		outer loop
			vertex -0.0011380946962162852 -0.015780683606863022 -0.0113539919257164
			vertex -0.001194773125462234 -0.016566580161452293 -0.009968561120331287
			vertex -0.0023833562154322863 -0.016437720507383347 -0.009968561120331287
		endloop
	endfacet
	facet normal -0.09737925621095547 -0.8982123852689683 -0.42863946552928583
		outer loop
			vertex -0.0023833562154322863 -0.016437720507383347 -0.009968561120331287
			vertex -0.001194773125462234 -0.016566580161452293 -0.009968561120331287
			vertex -0.0024814384523779154 -0.017114182934165 -0.008528754115104675
		endloop
	endfacet
	facet normal -0.09737925759082111 -0.8982123846442961 -0.42863946652480334
		outer loop
			vertex -0.001194773125462234 -0.016566580161452293 -0.009968561120331287
			vertex -0.001243941718712449 -0.01724834553897381 -0.008528754115104675
			vertex -0.0024814384523779154 -0.017114182934165 -0.008528754115104675
		endloop
	endfacet
	facet normal -0.10052220494916925 -0.9272024828581839 -0.36081968085704025
		outer loop
			vertex -0.0024814384523779154 -0.017114182934165 -0.008528754115104675
			vertex -0.001243941718712449 -0.01724834553897381 -0.008528754115104675
			vertex -0.0025640050880610943 -0.017683634534478188 -0.0070424252189695835
		endloop
	endfacet
	facet normal -0.10052266402842543 -0.9272022957459731 -0.3608200337841917
		outer loop
			vertex -0.001243941718712449 -0.01724834553897381 -0.008528754115104675
			vertex -0.0012853321386501193 -0.0178222618997097 -0.0070424252189695835
			vertex -0.0025640050880610943 -0.017683634534478188 -0.0070424252189695835
		endloop
	endfacet
	facet normal -0.1031176734801819 -0.951138178707359 -0.29103764433709034
		outer loop
			vertex -0.0025640050880610943 -0.017683634534478188 -0.0070424252189695835
			vertex -0.0012853321386501193 -0.0178222618997097 -0.0070424252189695835
			vertex -0.002630605362355709 -0.01814296841621399 -0.005517682060599327
		endloop
	endfacet
	facet normal -0.1031174188517884 -0.9511382692294689 -0.29103743871968685
		outer loop
			vertex -0.0012853321386501193 -0.0178222618997097 -0.0070424252189695835
			vertex -0.0013187187723815441 -0.018285196274518967 -0.005517682060599327
			vertex -0.002630605362355709 -0.01814296841621399 -0.005517682060599327
		endloop
	endfacet
	facet normal -0.1051503990427733 -0.9698901472512647 -0.21967361208407762
		outer loop
			vertex -0.002630605362355709 -0.01814296841621399 -0.005517682060599327
			vertex -0.0013187187723815441 -0.018285196274518967 -0.005517682060599327
			vertex -0.0026808760594576597 -0.01848967932164669 -0.003962841350585222
		endloop
	endfacet
	facet normal -0.10515014406635562 -0.9698902232251085 -0.21967339869718844
		outer loop
			vertex -0.0013187187723815441 -0.018285196274518967 -0.005517682060599327
			vertex -0.0013439194299280643 -0.018634624779224396 -0.003962841350585222
			vertex -0.0026808760594576597 -0.01848967932164669 -0.003962841350585222
		endloop
	endfacet
	facet normal -0.10661014610106295 -0.9833570778064756 -0.14711605716650786
		outer loop
			vertex -0.0026808760594576597 -0.01848967932164669 -0.003962841350585222
			vertex -0.0013439194299280643 -0.018634624779224396 -0.003962841350585222
			vertex -0.002714542904868722 -0.01872187666594982 -0.0023863844107836485
		endloop
	endfacet
	facet normal -0.1066098366588215 -0.9833571509982346 -0.14711579217818457
		outer loop
			vertex -0.0013439194299280643 -0.018634624779224396 -0.003962841350585222
			vertex -0.0013607966247946024 -0.018868641927838326 -0.0023863844107836485
			vertex -0.002714542904868722 -0.01872187666594982 -0.0023863844107836485
		endloop
	endfacet
	facet normal -0.10748900844906702 -0.9914665327775221 -0.07375789750769253
		outer loop
			vertex -0.002714542904868722 -0.01872187666594982 -0.0023863844107836485
			vertex -0.0013607966247946024 -0.018868641927838326 -0.0023863844107836485
			vertex -0.0027314224280416965 -0.018838291987776756 -0.0007969104335643351
		endloop
	endfacet
	facet normal -0.10748906506805836 -0.9914665229932182 -0.07375794651787113
		outer loop
			vertex -0.0013607966247946024 -0.018868641927838326 -0.0023863844107836485
			vertex -0.0013692582724615932 -0.018985969945788383 -0.0007969104335643351
			vertex -0.0027314224280416965 -0.018838291987776756 -0.0007969104335643351
		endloop
	endfacet
	facet normal -0.10778264634533688 -0.9941744822448403 0
		outer loop
			vertex -0.0027314224280416965 -0.018838291987776756 -0.0007969104335643351
			vertex -0.0013692582724615932 -0.018985969945788383 -0.0007969104335643351
			vertex -0.0027314224280416965 -0.018838291987776756 0.0007969104335643351
		endloop
	endfacet
	facet normal -0.10778264634533688 -0.9941744822448403 0
		outer loop
			vertex -0.0013692582724615932 -0.018985969945788383 -0.0007969104335643351
			vertex -0.0013692582724615932 -0.018985969945788383 0.0007969104335643351
			vertex -0.0027314224280416965 -0.018838291987776756 0.0007969104335643351
		endloop
	endfacet
	facet normal -0.10748906545753387 -0.9914665265856947 0.07375789765959949
		outer loop
			vertex -0.0027314224280416965 -0.018838291987776756 0.0007969104335643351
			vertex -0.0013692582724615932 -0.018985969945788383 0.0007969104335643351
			vertex -0.002714542904868722 -0.01872187666594982 0.0023863844107836485
		endloop
	endfacet
	facet normal -0.10748900805716988 -0.9914665291627068 0.07375794666977536
		outer loop
			vertex -0.0013692582724615932 -0.018985969945788383 0.0007969104335643351
			vertex -0.0013607966247946024 -0.018868641927838326 0.0023863844107836485
			vertex -0.002714542904868722 -0.01872187666594982 0.0023863844107836485
		endloop
	endfacet
	facet normal -0.10660983243730983 -0.9833571120594854 0.14711605551304613
		outer loop
			vertex -0.002714542904868722 -0.01872187666594982 0.0023863844107836485
			vertex -0.0013607966247946024 -0.018868641927838326 0.0023863844107836485
			vertex -0.0026808760594576597 -0.01848967932164669 0.003962841350585222
		endloop
	endfacet
	facet normal -0.10661015037560127 -0.9833571172342194 0.14711579052466695
		outer loop
			vertex -0.0013607966247946024 -0.018868641927838326 0.0023863844107836485
			vertex -0.0013439194299280643 -0.018634624779224396 0.003962841350585222
			vertex -0.0026808760594576597 -0.01848967932164669 0.003962841350585222
		endloop
	endfacet
	facet normal -0.10515013893649666 -0.9698901759080071 0.21967361006450178
		outer loop
			vertex -0.0026808760594576597 -0.01848967932164669 0.003962841350585222
			vertex -0.0013439194299280643 -0.018634624779224396 0.003962841350585222
			vertex -0.002630605362355709 -0.01814296841621399 0.005517682060599327
		endloop
	endfacet
	facet normal -0.10515040427067618 -0.969890195472589 0.21967339667755942
		outer loop
			vertex -0.0013439194299280643 -0.018634624779224396 0.003962841350585222
			vertex -0.0013187187723815441 -0.018285196274518967 0.005517682060599327
			vertex -0.002630605362355709 -0.01814296841621399 0.005517682060599327
		endloop
	endfacet
	facet normal -0.10311741219637846 -0.9511382078410521 0.29103764170092133
		outer loop
			vertex -0.002630605362355709 -0.01814296841621399 0.005517682060599327
			vertex -0.0013187187723815441 -0.018285196274518967 0.005517682060599327
			vertex -0.0025640050880610943 -0.017683634534478188 0.0070424252189695835
		endloop
	endfacet
	facet normal -0.10311768030848377 -0.9511382416903413 0.2910374360834069
		outer loop
			vertex -0.0013187187723815441 -0.018285196274518967 0.005517682060599327
			vertex -0.0012853321386501193 -0.0178222618997097 0.0070424252189695835
			vertex -0.0025640050880610943 -0.017683634534478188 0.0070424252189695835
		endloop
	endfacet
	facet normal -0.10052267850446926 -0.9272024292703003 0.36081968663245234
		outer loop
			vertex -0.0025640050880610943 -0.017683634534478188 0.0070424252189695835
			vertex -0.0012853321386501193 -0.0178222618997097 0.0070424252189695835
			vertex -0.0024814384523779154 -0.017114182934165 0.008528754115104675
		endloop
	endfacet
	facet normal -0.10052218999152217 -0.9272023448909803 0.36082003955985625
		outer loop
			vertex -0.0012853321386501193 -0.0178222618997097 0.0070424252189695835
			vertex -0.001243941718712449 -0.01724834553897381 0.008528754115104675
			vertex -0.0024814384523779154 -0.017114182934165 0.008528754115104675
		endloop
	endfacet
	facet normal -0.0973792576407014 -0.898212385104385 0.4286394655493567
		outer loop
			vertex -0.0024814384523779154 -0.017114182934165 0.008528754115104675
			vertex -0.001243941718712449 -0.01724834553897381 0.008528754115104675
			vertex -0.0023833562154322863 -0.016437720507383347 0.009968561120331287
		endloop
	endfacet
	facet normal -0.09737925615902243 -0.8982123847899454 0.42863946654487484
		outer loop
			vertex -0.001243941718712449 -0.01724834553897381 0.008528754115104675
			vertex -0.001194773125462234 -0.016566580161452293 0.009968561120331287
			vertex -0.0023833562154322863 -0.016437720507383347 0.009968561120331287
		endloop
	endfacet
	facet normal -0.09370530621409481 -0.864324393940607 0.49412817934876485
		outer loop
			vertex -0.0023833562154322863 -0.016437720507383347 0.009968561120331287
			vertex -0.001194773125462234 -0.016566580161452293 0.009968561120331287
			vertex -0.002270292956382036 -0.01565793715417385 0.0113539919257164
		endloop
	endfacet
	facet normal -0.09370509634007995 -0.8643243427454463 0.49412830869881214
		outer loop
			vertex -0.001194773125462234 -0.016566580161452293 0.009968561120331287
			vertex -0.0011380946962162852 -0.015780683606863022 0.0113539919257164
			vertex -0.002270292956382036 -0.01565793715417385 0.0113539919257164
		endloop
	endfacet
	facet normal -0.089520014570701 -0.8257216605975468 0.5569289956639818
		outer loop
			vertex -0.002270292956382036 -0.01565793715417385 0.0113539919257164
			vertex -0.0011380946962162852 -0.015780683606863022 0.0113539919257164
			vertex -0.0021428654436022043 -0.014779085293412209 0.012677489779889584
		endloop
	endfacet
	facet normal -0.08951971354066163 -0.8257215801531393 0.5569291633206155
		outer loop
			vertex -0.0011380946962162852 -0.015780683606863022 0.0113539919257164
			vertex -0.0010742155136540532 -0.014894941821694374 0.012677489779889584
			vertex -0.0021428654436022043 -0.014779085293412209 0.012677489779889584
		endloop
	endfacet
	facet normal -0.0848462004306257 -0.7826135263239408 0.6166986222518196
		outer loop
			vertex -0.0021428654436022043 -0.014779085293412209 0.012677489779889584
			vertex -0.0010742155136540532 -0.014894941821694374 0.012677489779889584
			vertex -0.002001768909394741 -0.01380595937371254 0.013931835070252419
		endloop
	endfacet
	facet normal -0.08484626955044489 -0.7826135457898206 0.616698588039293
		outer loop
			vertex -0.0010742155136540532 -0.014894941821694374 0.012677489779889584
			vertex -0.001003484008833766 -0.01391418743878603 0.013931835070252419
			vertex -0.002001768909394741 -0.01380595937371254 0.013931835070252419
		endloop
	endfacet
	facet normal -0.07970967012058155 -0.7352340638820478 0.6731101245686005
		outer loop
			vertex -0.002001768909394741 -0.01380595937371254 0.013931835070252419
			vertex -0.001003484008833766 -0.01391418743878603 0.013931835070252419
			vertex -0.0018477729754522443 -0.012743867933750153 0.015110187232494354
		endloop
	endfacet
	facet normal -0.0797096299842639 -0.7352340523716261 0.6731101418943031
		outer loop
			vertex -0.001003484008833766 -0.01391418743878603 0.013931835070252419
			vertex -0.0009262860403396189 -0.01284376997500658 0.015110187232494354
			vertex -0.0018477729754522443 -0.012743867933750153 0.015110187232494354
		endloop
	endfacet
	facet normal -0.0741376972570985 -0.6838390743828352 0.7258565438105811
		outer loop
			vertex -0.0018477729754522443 -0.012743867933750153 0.015110187232494354
			vertex -0.0009262860403396189 -0.01284376997500658 0.015110187232494354
			vertex -0.0016817175783216953 -0.01159860473126173 0.01620611548423767
		endloop
	endfacet
	facet normal -0.07413772855891923 -0.6838390832263987 0.7258565322818294
		outer loop
			vertex -0.0009262860403396189 -0.01284376997500658 0.015110187232494354
			vertex -0.000843042740598321 -0.011689528822898865 0.01620611548423767
			vertex -0.0016817175783216953 -0.01159860473126173 0.01620611548423767
		endloop
	endfacet
	facet normal -0.06816091914683707 -0.6287095837337215 0.7746472412798159
		outer loop
			vertex -0.0016817175783216953 -0.01159860473126173 0.01620611548423767
			vertex -0.000843042740598321 -0.011689528822898865 0.01620611548423767
			vertex -0.0015045086620375514 -0.010376415215432644 0.017213646322488785
		endloop
	endfacet
	facet normal -0.06816134209783128 -0.6287096974319512 0.774647111786036
		outer loop
			vertex -0.000843042740598321 -0.011689528822898865 0.01620611548423767
			vertex -0.0007542080711573362 -0.010457758791744709 0.017213646322488785
			vertex -0.0015045086620375514 -0.010376415215432644 0.017213646322488785
		endloop
	endfacet
	facet normal -0.06181187358371553 -0.5701431800263259 0.8192167274619944
		outer loop
			vertex -0.0015045086620375514 -0.010376415215432644 0.017213646322488785
			vertex -0.0007542080711573362 -0.010457758791744709 0.017213646322488785
			vertex -0.001317112590186298 -0.00908396765589714 0.018127279356122017
		endloop
	endfacet
	facet normal -0.06181104606944462 -0.5701429766238831 0.8192169314597078
		outer loop
			vertex -0.0007542080711573362 -0.010457758791744709 0.017213646322488785
			vertex -0.0006602667272090912 -0.00915517844259739 0.018127279356122017
			vertex -0.001317112590186298 -0.00908396765589714 0.018127279356122017
		endloop
	endfacet
	facet normal -0.055123917280678114 -0.5084611292011567 0.8593187032964646
		outer loop
			vertex -0.001317112590186298 -0.00908396765589714 0.018127279356122017
			vertex -0.0006602667272090912 -0.00915517844259739 0.018127279356122017
			vertex -0.0011205518385395408 -0.007728311233222485 0.018942033872008324
		endloop
	endfacet
	facet normal -0.05512425236820961 -0.5084612008225411 0.8593186394225052
		outer loop
			vertex -0.0006602667272090912 -0.00915517844259739 0.018127279356122017
			vertex -0.0005617310525849462 -0.007788895163685083 0.018942033872008324
			vertex -0.0011205518385395408 -0.007728311233222485 0.018942033872008324
		endloop
	endfacet
	facet normal -0.04813559844606218 -0.4439984786498675 0.8947336559663119
		outer loop
			vertex -0.0011205518385395408 -0.007728311233222485 0.018942033872008324
			vertex -0.0005617310525849462 -0.007788895163685083 0.018942033872008324
			vertex -0.0009158983593806624 -0.006316840648651123 0.01965346559882164
		endloop
	endfacet
	facet normal -0.04813584660233454 -0.4439985216015831 0.8947336213016057
		outer loop
			vertex -0.0005617310525849462 -0.007788895163685083 0.018942033872008324
			vertex -0.00045913856592960656 -0.006366360001266003 0.01965346559882164
			vertex -0.0009158983593806624 -0.006316840648651123 0.01965346559882164
		endloop
	endfacet
	facet normal -0.040883708276304595 -0.37710578110802934 0.9252673950012943
		outer loop
			vertex -0.0009158983593806624 -0.006316840648651123 0.01965346559882164
			vertex -0.00045913856592960656 -0.006366360001266003 0.01965346559882164
			vertex -0.0007042685756459832 -0.004857256077229977 0.02025769092142582
		endloop
	endfacet
	facet normal -0.04088353404546451 -0.3771057594273079 0.9252674115360957
		outer loop
			vertex -0.00045913856592960656 -0.006366360001266003 0.01965346559882164
			vertex -0.00035304887569509447 -0.0048953332006931305 0.02025769092142582
			vertex -0.0007042685756459832 -0.004857256077229977 0.02025769092142582
		endloop
	endfacet
	facet normal -0.03340796600276643 -0.3081518436342842 0.9507504136587844
		outer loop
			vertex -0.0007042685756459832 -0.004857256077229977 0.02025769092142582
			vertex -0.00035304887569509447 -0.0048953332006931305 0.02025769092142582
			vertex -0.0004868169198743999 -0.0033575177658349276 0.02075141854584217
		endloop
	endfacet
	facet normal -0.033407966301425215 -0.30815184365476295 0.9507504136416526
		outer loop
			vertex -0.00035304887569509447 -0.0048953332006931305 0.02025769092142582
			vertex -0.00024404065334238112 -0.0033838381059467793 0.02075141854584217
			vertex -0.0004868169198743999 -0.0033575177658349276 0.02075141854584217
		endloop
	endfacet
	facet normal -0.0035293552820593794 -0.1751877908556559 -0.984528710392139
		outer loop
			vertex -0.00004674611409427598 -0.0006463476456701756 -0.021344680339097977
			vertex -4.510920386114656e-19 -0.0006403178558684886 -0.021345920860767365
			vertex -0.00013270851923152804 -0.001840120297856629 -0.021131951361894608
		endloop
	endfacet
	facet normal -0.006298217084594994 -0.17488855387455765 -0.9845680911878169
		outer loop
			vertex -4.510920386114656e-19 -0.0006403178558684886 -0.021345920860767365
			vertex 3.2526065174565133e-19 -0.00184489949606359 -0.021131951361894608
			vertex -0.00013270851923152804 -0.001840120297856629 -0.021131951361894608
		endloop
	endfacet
	facet normal -0.008597908477197833 -0.23874626100151689 -0.971043922192819
		outer loop
			vertex -0.00013270851923152804 -0.001840120297856629 -0.021131951361894608
			vertex 3.2526065174565133e-19 -0.00184489949606359 -0.021131951361894608
			vertex -0.00024404065334238112 -0.0033838381059467793 -0.02075141854584217
		endloop
	endfacet
	facet normal -0.008597990424508293 -0.23874624858215765 -0.9710439245207227
		outer loop
			vertex 3.2526065174565133e-19 -0.00184489949606359 -0.021131951361894608
			vertex 5.421010862427522e-19 -0.003392626764252782 -0.02075141854584217
			vertex -0.00024404065334238112 -0.0033838381059467793 -0.02075141854584217
		endloop
	endfacet
	facet normal -0.011155296089325 -0.30975669448967397 -0.95075041392996
		outer loop
			vertex -0.00024404065334238112 -0.0033838381059467793 -0.02075141854584217
			vertex 5.421010862427522e-19 -0.003392626764252782 -0.02075141854584217
			vertex -0.00035304887569509447 -0.0048953332006931305 -0.02025769092142582
		endloop
	endfacet
	facet normal -0.0111549206529345 -0.3097567754737834 -0.9507503919501222
		outer loop
			vertex 5.421010862427522e-19 -0.003392626764252782 -0.02075141854584217
			vertex 8.673617379884035e-19 -0.004908047150820494 -0.02025769092142582
			vertex -0.00035304887569509447 -0.0048953332006931305 -0.02025769092142582
		endloop
	endfacet
	facet normal -0.0136510105579596 -0.37906975261897163 -0.9252674059752339
		outer loop
			vertex -0.00035304887569509447 -0.0048953332006931305 -0.02025769092142582
			vertex 8.673617379884035e-19 -0.004908047150820494 -0.02025769092142582
			vertex -0.00045913856592960656 -0.006366360001266003 -0.01965346559882164
		endloop
	endfacet
	facet normal -0.01365160606245898 -0.379069589224267 -0.925267464129838
		outer loop
			vertex 8.673617379884035e-19 -0.004908047150820494 -0.02025769092142582
			vertex 1.0842021724855044e-18 -0.006382895167917013 -0.01965346559882164
			vertex -0.00045913856592960656 -0.006366360001266003 -0.01965346559882164
		endloop
	endfacet
	facet normal -0.016073196836666904 -0.44631086588054103 -0.8947336270312027
		outer loop
			vertex -0.00045913856592960656 -0.006366360001266003 -0.01965346559882164
			vertex 1.0842021724855044e-18 -0.006382895167917013 -0.01965346559882164
			vertex -0.0005617310525849462 -0.007788895163685083 -0.018942033872008324
		endloop
	endfacet
	facet normal -0.016073076391237933 -0.44631090517760263 -0.8947336095927494
		outer loop
			vertex 1.0842021724855044e-18 -0.006382895167917013 -0.01965346559882164
			vertex 1.3010426069826053e-18 -0.0078091248869895935 -0.018942033872008324
			vertex -0.0005617310525849462 -0.007788895163685083 -0.018942033872008324
		endloop
	endfacet
	facet normal -0.018406671222866832 -0.5111092546827314 -0.859318639523289
		outer loop
			vertex -0.0005617310525849462 -0.007788895163685083 -0.018942033872008324
			vertex 1.3010426069826053e-18 -0.0078091248869895935 -0.018942033872008324
			vertex -0.0006602667272090912 -0.00915517844259739 -0.018127279356122017
		endloop
	endfacet
	facet normal -0.018406840328815902 -0.5111091920788047 -0.8593186731368412
		outer loop
			vertex 1.3010426069826053e-18 -0.0078091248869895935 -0.018942033872008324
			vertex 1.734723475976807e-18 -0.009178956970572472 -0.018127279356122017
			vertex -0.0006602667272090912 -0.00915517844259739 -0.018127279356122017
		endloop
	endfacet
	facet normal -0.020639787635062568 -0.5731122231945581 -0.819216930239708
		outer loop
			vertex -0.0006602667272090912 -0.00915517844259739 -0.018127279356122017
			vertex 1.734723475976807e-18 -0.009178956970572472 -0.018127279356122017
			vertex -0.0007542080711573362 -0.010457758791744709 -0.017213646322488785
		endloop
	endfacet
	facet normal -0.020639342205154645 -0.5731124036981844 -0.8192168151842516
		outer loop
			vertex 1.734723475976807e-18 -0.009178956970572472 -0.018127279356122017
			vertex 1.734723475976807e-18 -0.010484919883310795 -0.017213646322488785
			vertex -0.0007542080711573362 -0.010457758791744709 -0.017213646322488785
		endloop
	endfacet
	facet normal -0.02275947131185062 -0.63198406135138 -0.774647114926158
		outer loop
			vertex -0.0007542080711573362 -0.010457758791744709 -0.017213646322488785
			vertex 1.734723475976807e-18 -0.010484919883310795 -0.017213646322488785
			vertex -0.000843042740598321 -0.011689528822898865 -0.01620611548423767
		endloop
	endfacet
	facet normal -0.022759407890316663 -0.6319840886605593 -0.7746470945097287
		outer loop
			vertex 1.734723475976807e-18 -0.010484919883310795 -0.017213646322488785
			vertex 2.168404344971009e-18 -0.011719889007508755 -0.01620611548423767
			vertex -0.000843042740598321 -0.011689528822898865 -0.01620611548423767
		endloop
	endfacet
	facet normal -0.024755099540326998 -0.6874005289632916 -0.725856527027026
		outer loop
			vertex -0.000843042740598321 -0.011689528822898865 -0.01620611548423767
			vertex 2.168404344971009e-18 -0.011719889007508755 -0.01620611548423767
			vertex -0.0009262860403396189 -0.01284376997500658 -0.015110187232494354
		endloop
	endfacet
	facet normal -0.024755865490048604 -0.6874001875183579 -0.7258568242591408
		outer loop
			vertex 2.168404344971009e-18 -0.011719889007508755 -0.01620611548423767
			vertex 1.734723475976807e-18 -0.012877129018306732 -0.015110187232494354
			vertex -0.0009262860403396189 -0.01284376997500658 -0.015110187232494354
		endloop
	endfacet
	facet normal -0.026616441815008943 -0.7390631162567644 -0.6731101508772162
		outer loop
			vertex -0.0009262860403396189 -0.01284376997500658 -0.015110187232494354
			vertex 1.734723475976807e-18 -0.012877129018306732 -0.015110187232494354
			vertex -0.001003484008833766 -0.01391418743878603 -0.013931835070252419
		endloop
	endfacet
	facet normal -0.026616303217961077 -0.7390631786960777 -0.6731100878003978
		outer loop
			vertex 1.734723475976807e-18 -0.012877129018306732 -0.015110187232494354
			vertex 1.734723475976807e-18 -0.013950326479971409 -0.013931835070252419
			vertex -0.001003484008833766 -0.01391418743878603 -0.013931835070252419
		endloop
	endfacet
	facet normal -0.02833149245890263 -0.7866893723900299 -0.61669859567185
		outer loop
			vertex -0.001003484008833766 -0.01391418743878603 -0.013931835070252419
			vertex 1.734723475976807e-18 -0.013950326479971409 -0.013931835070252419
			vertex -0.0010742155136540532 -0.014894941821694374 -0.012677489779889584
		endloop
	endfacet
	facet normal -0.028331401113170895 -0.7866894130188473 -0.6166985480403099
		outer loop
			vertex 1.734723475976807e-18 -0.013950326479971409 -0.013931835070252419
			vertex 1.734723475976807e-18 -0.014933628030121326 -0.012677489779889584
			vertex -0.0010742155136540532 -0.014894941821694374 -0.012677489779889584
		endloop
	endfacet
	facet normal -0.029891953885210615 -0.8300219096827746 -0.5569291701280198
		outer loop
			vertex -0.0010742155136540532 -0.014894941821694374 -0.012677489779889584
			vertex 1.734723475976807e-18 -0.014933628030121326 -0.012677489779889584
			vertex -0.0011380946962162852 -0.015780683606863022 -0.0113539919257164
		endloop
	endfacet
	facet normal -0.02989118222353699 -0.8300222406019128 -0.5569287183576187
		outer loop
			vertex 1.734723475976807e-18 -0.014933628030121326 -0.012677489779889584
			vertex 2.6020852139652106e-18 -0.0158216692507267 -0.0113539919257164
			vertex -0.0011380946962162852 -0.015780683606863022 -0.0113539919257164
		endloop
	endfacet
	facet normal -0.03128859507535207 -0.8688257826510507 -0.494128306433663
		outer loop
			vertex -0.0011380946962162852 -0.015780683606863022 -0.0113539919257164
			vertex 2.6020852139652106e-18 -0.0158216692507267 -0.0113539919257164
			vertex -0.001194773125462234 -0.016566580161452293 -0.009968561120331287
		endloop
	endfacet
	facet normal -0.031288829263048906 -0.8688256882298288 -0.4941284576254563
		outer loop
			vertex 2.6020852139652106e-18 -0.0158216692507267 -0.0113539919257164
			vertex 2.6020852139652106e-18 -0.01660960726439953 -0.009968561120331287
			vertex -0.001194773125462234 -0.016566580161452293 -0.009968561120331287
		endloop
	endfacet
	facet normal -0.03251559162543537 -0.9028903265975414 -0.4286394690620935
		outer loop
			vertex -0.001194773125462234 -0.016566580161452293 -0.009968561120331287
			vertex 2.6020852139652106e-18 -0.01660960726439953 -0.009968561120331287
			vertex -0.001243941718712449 -0.01724834553897381 -0.008528754115104675
		endloop
	endfacet
	facet normal -0.03251607711634061 -0.9028901476686263 -0.42863980913103517
		outer loop
			vertex 2.6020852139652106e-18 -0.01660960726439953 -0.009968561120331287
			vertex 2.6020852139652106e-18 -0.017293144017457962 -0.008528754115104675
			vertex -0.001243941718712449 -0.01724834553897381 -0.008528754115104675
		endloop
	endfacet
	facet normal -0.03356554497323464 -0.9320312456213172 -0.36082005401061845
		outer loop
			vertex -0.001243941718712449 -0.01724834553897381 -0.008528754115104675
			vertex 2.6020852139652106e-18 -0.017293144017457962 -0.008528754115104675
			vertex -0.0012853321386501193 -0.0178222618997097 -0.0070424252189695835
		endloop
	endfacet
	facet normal -0.033565193379024076 -0.9320313601996446 -0.3608197907513239
		outer loop
			vertex 2.6020852139652106e-18 -0.017293144017457962 -0.008528754115104675
			vertex 2.6020852139652106e-18 -0.01786855049431324 -0.0070424252189695835
			vertex -0.0012853321386501193 -0.0178222618997097 -0.0070424252189695835
		endloop
	endfacet
	facet normal -0.03443168321176248 -0.9560918709879133 -0.2910374433333901
		outer loop
			vertex -0.0012853321386501193 -0.0178222618997097 -0.0070424252189695835
			vertex 2.6020852139652106e-18 -0.01786855049431324 -0.0070424252189695835
			vertex -0.0013187187723815441 -0.018285196274518967 -0.005517682060599327
		endloop
	endfacet
	facet normal -0.03443100492485526 -0.9560920583996585 -0.291036907908548
		outer loop
			vertex 2.6020852139652106e-18 -0.01786855049431324 -0.0070424252189695835
			vertex 2.6020852139652106e-18 -0.01833268627524376 -0.005517682060599327
			vertex -0.0013187187723815441 -0.018285196274518967 -0.005517682060599327
		endloop
	endfacet
	facet normal -0.0351098147987744 -0.9749414858570854 -0.21967339406394737
		outer loop
			vertex -0.0013187187723815441 -0.018285196274518967 -0.005517682060599327
			vertex 2.6020852139652106e-18 -0.01833268627524376 -0.005517682060599327
			vertex -0.0013439194299280643 -0.018634624779224396 -0.003962841350585222
		endloop
	endfacet
	facet normal -0.035110850480351896 -0.9749412568750712 -0.21967424478396
		outer loop
			vertex 2.6020852139652106e-18 -0.01833268627524376 -0.005517682060599327
			vertex 2.6020852139652106e-18 -0.018683023750782013 -0.003962841350585222
			vertex -0.0013439194299280643 -0.018634624779224396 -0.003962841350585222
		endloop
	endfacet
	facet normal -0.03559837042072928 -0.9884784767635261 -0.14711579452474893
		outer loop
			vertex -0.0013439194299280643 -0.018634624779224396 -0.003962841350585222
			vertex 2.6020852139652106e-18 -0.018683023750782013 -0.003962841350585222
			vertex -0.0013607966247946024 -0.018868641927838326 -0.0023863844107836485
		endloop
	endfacet
	facet normal -0.035597950727473175 -0.9884785446071999 -0.14711544023397627
		outer loop
			vertex 2.6020852139652106e-18 -0.018683023750782013 -0.003962841350585222
			vertex 2.6020852139652106e-18 -0.018917648121714592 -0.0023863844107836485
			vertex -0.0013607966247946024 -0.018868641927838326 -0.0023863844107836485
		endloop
	endfacet
	facet normal -0.03589151179777484 -0.9966301042783346 -0.07375794619582433
		outer loop
			vertex -0.0013607966247946024 -0.018868641927838326 -0.0023863844107836485
			vertex 2.6020852139652106e-18 -0.018917648121714592 -0.0023863844107836485
			vertex -0.0013692582724615932 -0.018985969945788383 -0.0007969104335643351
		endloop
	endfacet
	facet normal -0.03589205253630737 -0.9966300505014117 -0.07375840970550236
		outer loop
			vertex 2.6020852139652106e-18 -0.018917648121714592 -0.0023863844107836485
			vertex 3.469446951953614e-18 -0.019035281613469124 -0.0007969104335643351
			vertex -0.0013692582724615932 -0.018985969945788383 -0.0007969104335643351
		endloop
	endfacet
	facet normal -0.03599008453154673 -0.9993521470509843 0
		outer loop
			vertex -0.0013692582724615932 -0.018985969945788383 -0.0007969104335643351
			vertex 3.469446951953614e-18 -0.019035281613469124 -0.0007969104335643351
			vertex -0.0013692582724615932 -0.018985969945788383 0.0007969104335643351
		endloop
	endfacet
	facet normal -0.03599008453154673 -0.9993521470509843 0
		outer loop
			vertex 3.469446951953614e-18 -0.019035281613469124 -0.0007969104335643351
			vertex 3.469446951953614e-18 -0.019035281613469124 0.0007969104335643351
			vertex -0.0013692582724615932 -0.018985969945788383 0.0007969104335643351
		endloop
	endfacet
	facet normal -0.03589205376625965 -0.9966300846540255 0.07375794763244116
		outer loop
			vertex -0.0013692582724615932 -0.018985969945788383 0.0007969104335643351
			vertex 3.469446951953614e-18 -0.019035281613469124 0.0007969104335643351
			vertex -0.0013607966247946024 -0.018868641927838326 0.0023863844107836485
		endloop
	endfacet
	facet normal -0.03589151056019317 -0.996630069913353 0.07375841114213767
		outer loop
			vertex 3.469446951953614e-18 -0.019035281613469124 0.0007969104335643351
			vertex 2.6020852139652106e-18 -0.018917648121714592 0.0023863844107836485
			vertex -0.0013607966247946024 -0.018868641927838326 0.0023863844107836485
		endloop
	endfacet
	facet normal -0.03559794884283577 -0.9884784922748716 0.14711579231401212
		outer loop
			vertex -0.0013607966247946024 -0.018868641927838326 0.0023863844107836485
			vertex 2.6020852139652106e-18 -0.018917648121714592 0.0023863844107836485
			vertex -0.0013439194299280643 -0.018634624779224396 0.003962841350585222
		endloop
	endfacet
	facet normal -0.03559837232905689 -0.9884785297530518 0.14711543802323074
		outer loop
			vertex 2.6020852139652106e-18 -0.018917648121714592 0.0023863844107836485
			vertex 2.6020852139652106e-18 -0.018683023750782013 0.003962841350585222
			vertex -0.0013439194299280643 -0.018634624779224396 0.003962841350585222
		endloop
	endfacet
	facet normal -0.035110857309341666 -0.9749414464991839 0.21967340211569125
		outer loop
			vertex -0.0013439194299280643 -0.018634624779224396 0.003962841350585222
			vertex 2.6020852139652106e-18 -0.018683023750782013 0.003962841350585222
			vertex -0.0013187187723815441 -0.018285196274518967 0.005517682060599327
		endloop
	endfacet
	facet normal -0.035109807839489325 -0.9749412926092493 0.21967425283560263
		outer loop
			vertex 2.6020852139652106e-18 -0.018683023750782013 0.003962841350585222
			vertex 2.6020852139652106e-18 -0.01833268627524376 0.005517682060599327
			vertex -0.0013187187723815441 -0.018285196274518967 0.005517682060599327
		endloop
	endfacet
	facet normal -0.03443099913816476 -0.9560918977128344 0.29103743646860775
		outer loop
			vertex -0.0013187187723815441 -0.018285196274518967 0.005517682060599327
			vertex 2.6020852139652106e-18 -0.01833268627524376 0.005517682060599327
			vertex -0.0012853321386501193 -0.0178222618997097 0.0070424252189695835
		endloop
	endfacet
	facet normal -0.03443168914888067 -0.9560920358485856 0.2910369010439428
		outer loop
			vertex 2.6020852139652106e-18 -0.01833268627524376 0.005517682060599327
			vertex 2.6020852139652106e-18 -0.01786855049431324 0.0070424252189695835
			vertex -0.0012853321386501193 -0.0178222618997097 0.0070424252189695835
		endloop
	endfacet
	facet normal -0.03356518977345609 -0.9320312600809771 0.36082004970253256
		outer loop
			vertex -0.0012853321386501193 -0.0178222618997097 0.0070424252189695835
			vertex 2.6020852139652106e-18 -0.01786855049431324 0.0070424252189695835
			vertex -0.001243941718712449 -0.01724834553897381 0.008528754115104675
		endloop
	endfacet
	facet normal -0.033565548698812245 -0.9320313490712906 0.3608197864431745
		outer loop
			vertex 2.6020852139652106e-18 -0.01786855049431324 0.0070424252189695835
			vertex 2.6020852139652106e-18 -0.017293144017457962 0.008528754115104675
			vertex -0.001243941718712449 -0.01724834553897381 0.008528754115104675
		endloop
	endfacet
	facet normal -0.03251608280590631 -0.9028903056536378 0.428639475918446
		outer loop
			vertex -0.001243941718712449 -0.01724834553897381 0.008528754115104675
			vertex 2.6020852139652106e-18 -0.017293144017457962 0.008528754115104675
			vertex -0.001194773125462234 -0.016566580161452293 0.009968561120331287
		endloop
	endfacet
	facet normal -0.0325155857018159 -0.9028901621109536 0.4286398159874135
		outer loop
			vertex 2.6020852139652106e-18 -0.017293144017457962 0.008528754115104675
			vertex 2.6020852139652106e-18 -0.01660960726439953 0.009968561120331287
			vertex -0.001194773125462234 -0.016566580161452293 0.009968561120331287
		endloop
	endfacet
	facet normal -0.03128883228054902 -0.8688257720195285 0.49412831010699065
		outer loop
			vertex -0.001194773125462234 -0.016566580161452293 0.009968561120331287
			vertex 2.6020852139652106e-18 -0.01660960726439953 0.009968561120331287
			vertex -0.0011380946962162852 -0.015780683606863022 0.0113539919257164
		endloop
	endfacet
	facet normal -0.031288591907600964 -0.8688256946885254 0.49412846129872
		outer loop
			vertex 2.6020852139652106e-18 -0.01660960726439953 0.009968561120331287
			vertex 2.6020852139652106e-18 -0.0158216692507267 0.0113539919257164
			vertex -0.0011380946962162852 -0.015780683606863022 0.0113539919257164
		endloop
	endfacet
	facet normal -0.029891171636027617 -0.8300219466065738 0.5569291570834299
		outer loop
			vertex -0.0011380946962162852 -0.015780683606863022 0.0113539919257164
			vertex 2.6020852139652106e-18 -0.0158216692507267 0.0113539919257164
			vertex -0.0010742155136540532 -0.014894941821694374 0.012677489779889584
		endloop
	endfacet
	facet normal -0.029891965102608935 -0.8300222211607873 0.5569287053130031
		outer loop
			vertex 2.6020852139652106e-18 -0.0158216692507267 0.0113539919257164
			vertex 2.6020852139652106e-18 -0.014933628030121326 0.012677489779889584
			vertex -0.0010742155136540532 -0.014894941821694374 0.012677489779889584
		endloop
	endfacet
	facet normal -0.02833139981591976 -0.7866893769975537 0.6166985940503442
		outer loop
			vertex -0.0010742155136540532 -0.014894941821694374 0.012677489779889584
			vertex 2.6020852139652106e-18 -0.014933628030121326 0.012677489779889584
			vertex -0.001003484008833766 -0.01391418743878603 0.013931835070252419
		endloop
	endfacet
	facet normal -0.028331493847596215 -0.7866894109503175 0.6166985464187559
		outer loop
			vertex 2.6020852139652106e-18 -0.014933628030121326 0.012677489779889584
			vertex 2.168404344971009e-18 -0.013950326479971409 0.013931835070252419
			vertex -0.001003484008833766 -0.01391418743878603 0.013931835070252419
		endloop
	endfacet
	facet normal -0.02661630123439121 -0.7390631236176759 0.6731101483539556
		outer loop
			vertex -0.001003484008833766 -0.01391418743878603 0.013931835070252419
			vertex 2.168404344971009e-18 -0.013950326479971409 0.013931835070252419
			vertex -0.0009262860403396189 -0.01284376997500658 0.015110187232494354
		endloop
	endfacet
	facet normal -0.02661644396390361 -0.7390631759254759 0.6731100852770411
		outer loop
			vertex 2.168404344971009e-18 -0.013950326479971409 0.013931835070252419
			vertex 1.734723475976807e-18 -0.012877129018306732 0.015110187232494354
			vertex -0.0009262860403396189 -0.01284376997500658 0.015110187232494354
		endloop
	endfacet
	facet normal -0.024755876247603684 -0.6874004862251585 0.7258565410111208
		outer loop
			vertex -0.0009262860403396189 -0.01284376997500658 0.015110187232494354
			vertex 1.734723475976807e-18 -0.012877129018306732 0.015110187232494354
			vertex -0.000843042740598321 -0.011689528822898865 0.01620611548423767
		endloop
	endfacet
	facet normal -0.024755087720925478 -0.6874002007617083 0.7258568382433911
		outer loop
			vertex 1.734723475976807e-18 -0.012877129018306732 0.015110187232494354
			vertex 1.734723475976807e-18 -0.011719889007508755 0.01620611548423767
			vertex -0.000843042740598321 -0.011689528822898865 0.01620611548423767
		endloop
	endfacet
	facet normal -0.022759407040319785 -0.6319840650578139 0.7746471137906435
		outer loop
			vertex -0.000843042740598321 -0.011689528822898865 0.01620611548423767
			vertex 1.734723475976807e-18 -0.011719889007508755 0.01620611548423767
			vertex -0.0007542080711573362 -0.010457758791744709 0.017213646322488785
		endloop
	endfacet
	facet normal -0.022759472261967402 -0.6319840877341831 0.774647093374234
		outer loop
			vertex 1.734723475976807e-18 -0.011719889007508755 0.01620611548423767
			vertex 1.3010426069826053e-18 -0.010484919883310795 0.017213646322488785
			vertex -0.0007542080711573362 -0.010457758791744709 0.017213646322488785
		endloop
	endfacet
	facet normal -0.02063933668293252 -0.5731122503573477 0.81921692259842
		outer loop
			vertex -0.0007542080711573362 -0.010457758791744709 0.017213646322488785
			vertex 1.3010426069826053e-18 -0.010484919883310795 0.017213646322488785
			vertex -0.0006602667272090912 -0.00915517844259739 0.018127279356122017
		endloop
	endfacet
	facet normal -0.02063979394311249 -0.5731123983523926 0.8192168075428841
		outer loop
			vertex 1.3010426069826053e-18 -0.010484919883310795 0.017213646322488785
			vertex 1.3010426069826053e-18 -0.009178956970572472 0.018127279356122017
			vertex -0.0006602667272090912 -0.00915517844259739 0.018127279356122017
		endloop
	endfacet
	facet normal -0.018406842197543287 -0.5111092439684131 0.8593186422336897
		outer loop
			vertex -0.0006602667272090912 -0.00915517844259739 0.018127279356122017
			vertex 1.3010426069826053e-18 -0.009178956970572472 0.018127279356122017
			vertex -0.0005617310525849462 -0.007788895163685083 0.018942033872008324
		endloop
	endfacet
	facet normal -0.018406669026358298 -0.5111091936909407 0.8593186758472963
		outer loop
			vertex 1.3010426069826053e-18 -0.009178956970572472 0.018127279356122017
			vertex 1.3010426069826053e-18 -0.0078091248869895935 0.018942033872008324
			vertex -0.0005617310525849462 -0.007788895163685083 0.018942033872008324
		endloop
	endfacet
	facet normal -0.01607307526022707 -0.4463108737721349 0.8947336252787376
		outer loop
			vertex -0.0005617310525849462 -0.007788895163685083 0.018942033872008324
			vertex 1.3010426069826053e-18 -0.0078091248869895935 0.018942033872008324
			vertex -0.00045913856592960656 -0.006366360001266003 0.01965346559882164
		endloop
	endfacet
	facet normal -0.01607319822040762 -0.44631090430342113 0.8947336078402499
		outer loop
			vertex 1.3010426069826053e-18 -0.0078091248869895935 0.018942033872008324
			vertex 8.673617379884035e-19 -0.006382895167917013 0.01965346559882164
			vertex -0.00045913856592960656 -0.006366360001266003 0.01965346559882164
		endloop
	endfacet
	facet normal -0.013651610501021129 -0.3790697124715919 0.9252674135715756
		outer loop
			vertex -0.00045913856592960656 -0.006366360001266003 0.01965346559882164
			vertex 8.673617379884035e-19 -0.006382895167917013 0.01965346559882164
			vertex -0.00035304887569509447 -0.0048953332006931305 0.02025769092142582
		endloop
	endfacet
	facet normal -0.01365100478588199 -0.37906959233632986 0.9252674717260435
		outer loop
			vertex 8.673617379884035e-19 -0.006382895167917013 0.01965346559882164
			vertex 6.505213034913027e-19 -0.004908047150820494 0.02025769092142582
			vertex -0.00035304887569509447 -0.0048953332006931305 0.02025769092142582
		endloop
	endfacet
	facet normal -0.01115491866956003 -0.3097567203982072 0.9507504099171467
		outer loop
			vertex -0.00035304887569509447 -0.0048953332006931305 0.02025769092142582
			vertex 6.505213034913027e-19 -0.004908047150820494 0.02025769092142582
			vertex -0.00024404065334238112 -0.0033838381059467793 0.02075141854584217
		endloop
	endfacet
	facet normal -0.011155298958731427 -0.3097567741664339 0.9507503879374156
		outer loop
			vertex 6.505213034913027e-19 -0.004908047150820494 0.02025769092142582
			vertex 4.336808689942018e-19 -0.003392626764252782 0.02075141854584217
			vertex -0.00024404065334238112 -0.0033838381059467793 0.02075141854584217
		endloop
	endfacet
	facet normal 0.003569047037163203 -0.17489090877767394 -0.9845813485589527
		outer loop
			vertex -4.510920386114656e-19 -0.0006403178558684886 -0.021345920860767365
			vertex 0.00004674611409427598 -0.0006463476456701756 -0.021344680339097977
			vertex 3.2526065174565133e-19 -0.00184489949606359 -0.021131951361894608
		endloop
	endfacet
	facet normal 0.00630193819837367 -0.17499188156218876 -0.9845497077152929
		outer loop
			vertex 0.00004674611409427598 -0.0006463476456701756 -0.021344680339097977
			vertex 0.00013270851923152804 -0.001840120297856629 -0.021131951361894608
			vertex 3.2526065174565133e-19 -0.00184489949606359 -0.021131951361894608
		endloop
	endfacet
	facet normal 0.00859790803603361 -0.23874624875129122 -0.9710439252086337
		outer loop
			vertex 3.2526065174565133e-19 -0.00184489949606359 -0.021131951361894608
			vertex 0.00013270851923152804 -0.001840120297856629 -0.021131951361894608
			vertex 5.421010862427522e-19 -0.003392626764252782 -0.02075141854584217
		endloop
	endfacet
	facet normal 0.008597990664414325 -0.23874625524379056 -0.9710439228807324
		outer loop
			vertex 0.00013270851923152804 -0.001840120297856629 -0.021131951361894608
			vertex 0.00024404065334238112 -0.0033838381059467793 -0.02075141854584217
			vertex 5.421010862427522e-19 -0.003392626764252782 -0.02075141854584217
		endloop
	endfacet
	facet normal 0.011155298958731472 -0.30975677416643393 -0.9507503879374156
		outer loop
			vertex 5.421010862427522e-19 -0.003392626764252782 -0.02075141854584217
			vertex 0.00024404065334238112 -0.0033838381059467793 -0.02075141854584217
			vertex 8.673617379884035e-19 -0.004908047150820494 -0.02025769092142582
		endloop
	endfacet
	facet normal 0.011154918669560077 -0.3097567203982072 -0.9507504099171467
		outer loop
			vertex 0.00024404065334238112 -0.0033838381059467793 -0.02075141854584217
			vertex 0.00035304887569509447 -0.0048953332006931305 -0.02025769092142582
			vertex 8.673617379884035e-19 -0.004908047150820494 -0.02025769092142582
		endloop
	endfacet
	facet normal 0.013651004785882048 -0.3790695923363298 -0.9252674717260435
		outer loop
			vertex 8.673617379884035e-19 -0.004908047150820494 -0.02025769092142582
			vertex 0.00035304887569509447 -0.0048953332006931305 -0.02025769092142582
			vertex 1.0842021724855044e-18 -0.006382895167917013 -0.01965346559882164
		endloop
	endfacet
	facet normal 0.013651610501021183 -0.3790697124715918 -0.9252674135715755
		outer loop
			vertex 0.00035304887569509447 -0.0048953332006931305 -0.02025769092142582
			vertex 0.00045913856592960656 -0.006366360001266003 -0.01965346559882164
			vertex 1.0842021724855044e-18 -0.006382895167917013 -0.01965346559882164
		endloop
	endfacet
	facet normal 0.01607319822040769 -0.4463109043034211 -0.8947336078402498
		outer loop
			vertex 1.0842021724855044e-18 -0.006382895167917013 -0.01965346559882164
			vertex 0.00045913856592960656 -0.006366360001266003 -0.01965346559882164
			vertex 1.3010426069826053e-18 -0.0078091248869895935 -0.018942033872008324
		endloop
	endfacet
	facet normal 0.016073075260227148 -0.4463108737721351 -0.8947336252787378
		outer loop
			vertex 0.00045913856592960656 -0.006366360001266003 -0.01965346559882164
			vertex 0.0005617310525849462 -0.007788895163685083 -0.018942033872008324
			vertex 1.3010426069826053e-18 -0.0078091248869895935 -0.018942033872008324
		endloop
	endfacet
	facet normal 0.018406669026358385 -0.5111091936909407 -0.8593186758472963
		outer loop
			vertex 1.3010426069826053e-18 -0.0078091248869895935 -0.018942033872008324
			vertex 0.0005617310525849462 -0.007788895163685083 -0.018942033872008324
			vertex 1.734723475976807e-18 -0.009178956970572472 -0.018127279356122017
		endloop
	endfacet
	facet normal 0.01840684219754337 -0.5111092439684132 -0.8593186422336898
		outer loop
			vertex 0.0005617310525849462 -0.007788895163685083 -0.018942033872008324
			vertex 0.0006602667272090912 -0.00915517844259739 -0.018127279356122017
			vertex 1.734723475976807e-18 -0.009178956970572472 -0.018127279356122017
		endloop
	endfacet
	facet normal 0.020639793943112585 -0.5731123983523926 -0.8192168075428841
		outer loop
			vertex 1.734723475976807e-18 -0.009178956970572472 -0.018127279356122017
			vertex 0.0006602667272090912 -0.00915517844259739 -0.018127279356122017
			vertex 1.734723475976807e-18 -0.010484919883310795 -0.017213646322488785
		endloop
	endfacet
	facet normal 0.020639336682932607 -0.5731122503573477 -0.8192169225984199
		outer loop
			vertex 0.0006602667272090912 -0.00915517844259739 -0.018127279356122017
			vertex 0.0007542080711573362 -0.010457758791744709 -0.017213646322488785
			vertex 1.734723475976807e-18 -0.010484919883310795 -0.017213646322488785
		endloop
	endfacet
	facet normal 0.022759472261967496 -0.6319840877341831 -0.7746470933742341
		outer loop
			vertex 1.734723475976807e-18 -0.010484919883310795 -0.017213646322488785
			vertex 0.0007542080711573362 -0.010457758791744709 -0.017213646322488785
			vertex 2.168404344971009e-18 -0.011719889007508755 -0.01620611548423767
		endloop
	endfacet
	facet normal 0.022759407040319892 -0.6319840650578139 -0.7746471137906435
		outer loop
			vertex 0.0007542080711573362 -0.010457758791744709 -0.017213646322488785
			vertex 0.000843042740598321 -0.011689528822898865 -0.01620611548423767
			vertex 2.168404344971009e-18 -0.011719889007508755 -0.01620611548423767
		endloop
	endfacet
	facet normal 0.024755087720925592 -0.6874002007617084 -0.7258568382433912
		outer loop
			vertex 2.168404344971009e-18 -0.011719889007508755 -0.01620611548423767
			vertex 0.000843042740598321 -0.011689528822898865 -0.01620611548423767
			vertex 1.734723475976807e-18 -0.012877129018306732 -0.015110187232494354
		endloop
	endfacet
	facet normal 0.024755876247603774 -0.6874004862251586 -0.7258565410111208
		outer loop
			vertex 0.000843042740598321 -0.011689528822898865 -0.01620611548423767
			vertex 0.0009262860403396189 -0.01284376997500658 -0.015110187232494354
			vertex 1.734723475976807e-18 -0.012877129018306732 -0.015110187232494354
		endloop
	endfacet
	facet normal 0.026616443963903717 -0.7390631759254759 -0.6731100852770411
		outer loop
			vertex 1.734723475976807e-18 -0.012877129018306732 -0.015110187232494354
			vertex 0.0009262860403396189 -0.01284376997500658 -0.015110187232494354
			vertex 1.734723475976807e-18 -0.013950326479971409 -0.013931835070252419
		endloop
	endfacet
	facet normal 0.026616301234391314 -0.7390631236176759 -0.6731101483539556
		outer loop
			vertex 0.0009262860403396189 -0.01284376997500658 -0.015110187232494354
			vertex 0.001003484008833766 -0.01391418743878603 -0.013931835070252419
			vertex 1.734723475976807e-18 -0.013950326479971409 -0.013931835070252419
		endloop
	endfacet
	facet normal 0.02833149384759632 -0.7866894109503173 -0.6166985464187559
		outer loop
			vertex 1.734723475976807e-18 -0.013950326479971409 -0.013931835070252419
			vertex 0.001003484008833766 -0.01391418743878603 -0.013931835070252419
			vertex 1.734723475976807e-18 -0.014933628030121326 -0.012677489779889584
		endloop
	endfacet
	facet normal 0.02833139981591988 -0.7866893769975539 -0.6166985940503441
		outer loop
			vertex 0.001003484008833766 -0.01391418743878603 -0.013931835070252419
			vertex 0.0010742155136540532 -0.014894941821694374 -0.012677489779889584
			vertex 1.734723475976807e-18 -0.014933628030121326 -0.012677489779889584
		endloop
	endfacet
	facet normal 0.029891965102609053 -0.8300222211607873 -0.556928705313003
		outer loop
			vertex 1.734723475976807e-18 -0.014933628030121326 -0.012677489779889584
			vertex 0.0010742155136540532 -0.014894941821694374 -0.012677489779889584
			vertex 2.6020852139652106e-18 -0.0158216692507267 -0.0113539919257164
		endloop
	endfacet
	facet normal 0.02989117163602775 -0.8300219466065737 -0.5569291570834299
		outer loop
			vertex 0.0010742155136540532 -0.014894941821694374 -0.012677489779889584
			vertex 0.0011380946962162852 -0.015780683606863022 -0.0113539919257164
			vertex 2.6020852139652106e-18 -0.0158216692507267 -0.0113539919257164
		endloop
	endfacet
	facet normal 0.03128859190760111 -0.8688256946885256 -0.4941284612987201
		outer loop
			vertex 2.6020852139652106e-18 -0.0158216692507267 -0.0113539919257164
			vertex 0.0011380946962162852 -0.015780683606863022 -0.0113539919257164
			vertex 2.6020852139652106e-18 -0.01660960726439953 -0.009968561120331287
		endloop
	endfacet
	facet normal 0.03128883228054915 -0.8688257720195284 -0.4941283101069906
		outer loop
			vertex 0.0011380946962162852 -0.015780683606863022 -0.0113539919257164
			vertex 0.001194773125462234 -0.016566580161452293 -0.009968561120331287
			vertex 2.6020852139652106e-18 -0.01660960726439953 -0.009968561120331287
		endloop
	endfacet
	facet normal 0.03251558570181604 -0.9028901621109536 -0.4286398159874135
		outer loop
			vertex 2.6020852139652106e-18 -0.01660960726439953 -0.009968561120331287
			vertex 0.001194773125462234 -0.016566580161452293 -0.009968561120331287
			vertex 2.6020852139652106e-18 -0.017293144017457962 -0.008528754115104675
		endloop
	endfacet
	facet normal 0.03251608280590645 -0.9028903056536378 -0.42863947591844603
		outer loop
			vertex 0.001194773125462234 -0.016566580161452293 -0.009968561120331287
			vertex 0.001243941718712449 -0.01724834553897381 -0.008528754115104675
			vertex 2.6020852139652106e-18 -0.017293144017457962 -0.008528754115104675
		endloop
	endfacet
	facet normal 0.033565548698812384 -0.9320313490712905 -0.3608197864431745
		outer loop
			vertex 2.6020852139652106e-18 -0.017293144017457962 -0.008528754115104675
			vertex 0.001243941718712449 -0.01724834553897381 -0.008528754115104675
			vertex 2.6020852139652106e-18 -0.01786855049431324 -0.0070424252189695835
		endloop
	endfacet
	facet normal 0.033565189773456225 -0.932031260080977 -0.3608200497025325
		outer loop
			vertex 0.001243941718712449 -0.01724834553897381 -0.008528754115104675
			vertex 0.0012853321386501193 -0.0178222618997097 -0.0070424252189695835
			vertex 2.6020852139652106e-18 -0.01786855049431324 -0.0070424252189695835
		endloop
	endfacet
	facet normal 0.03443168914888081 -0.9560920358485856 -0.29103690104394275
		outer loop
			vertex 2.6020852139652106e-18 -0.01786855049431324 -0.0070424252189695835
			vertex 0.0012853321386501193 -0.0178222618997097 -0.0070424252189695835
			vertex 2.6020852139652106e-18 -0.01833268627524376 -0.005517682060599327
		endloop
	endfacet
	facet normal 0.03443099913816489 -0.9560918977128343 -0.2910374364686077
		outer loop
			vertex 0.0012853321386501193 -0.0178222618997097 -0.0070424252189695835
			vertex 0.0013187187723815441 -0.018285196274518967 -0.005517682060599327
			vertex 2.6020852139652106e-18 -0.01833268627524376 -0.005517682060599327
		endloop
	endfacet
	facet normal 0.03510980783948947 -0.9749412926092494 -0.21967425283560268
		outer loop
			vertex 2.6020852139652106e-18 -0.01833268627524376 -0.005517682060599327
			vertex 0.0013187187723815441 -0.018285196274518967 -0.005517682060599327
			vertex 2.6020852139652106e-18 -0.018683023750782013 -0.003962841350585222
		endloop
	endfacet
	facet normal 0.035110857309341804 -0.9749414464991838 -0.21967340211569128
		outer loop
			vertex 0.0013187187723815441 -0.018285196274518967 -0.005517682060599327
			vertex 0.0013439194299280643 -0.018634624779224396 -0.003962841350585222
			vertex 2.6020852139652106e-18 -0.018683023750782013 -0.003962841350585222
		endloop
	endfacet
	facet normal 0.03559837232905703 -0.9884785297530517 -0.1471154380232307
		outer loop
			vertex 2.6020852139652106e-18 -0.018683023750782013 -0.003962841350585222
			vertex 0.0013439194299280643 -0.018634624779224396 -0.003962841350585222
			vertex 2.6020852139652106e-18 -0.018917648121714592 -0.0023863844107836485
		endloop
	endfacet
	facet normal 0.03559794884283591 -0.9884784922748716 -0.14711579231401212
		outer loop
			vertex 0.0013439194299280643 -0.018634624779224396 -0.003962841350585222
			vertex 0.0013607966247946024 -0.018868641927838326 -0.0023863844107836485
			vertex 2.6020852139652106e-18 -0.018917648121714592 -0.0023863844107836485
		endloop
	endfacet
	facet normal 0.03589151056019331 -0.996630069913353 -0.07375841114213771
		outer loop
			vertex 2.6020852139652106e-18 -0.018917648121714592 -0.0023863844107836485
			vertex 0.0013607966247946024 -0.018868641927838326 -0.0023863844107836485
			vertex 3.469446951953614e-18 -0.019035281613469124 -0.0007969104335643351
		endloop
	endfacet
	facet normal 0.035892053766259834 -0.9966300846540255 -0.07375794763244116
		outer loop
			vertex 0.0013607966247946024 -0.018868641927838326 -0.0023863844107836485
			vertex 0.0013692582724615932 -0.018985969945788383 -0.0007969104335643351
			vertex 3.469446951953614e-18 -0.019035281613469124 -0.0007969104335643351
		endloop
	endfacet
	facet normal 0.035990084531546916 -0.9993521470509844 0
		outer loop
			vertex 3.469446951953614e-18 -0.019035281613469124 -0.0007969104335643351
			vertex 0.0013692582724615932 -0.018985969945788383 -0.0007969104335643351
			vertex 3.469446951953614e-18 -0.019035281613469124 0.0007969104335643351
		endloop
	endfacet
	facet normal 0.035990084531546916 -0.9993521470509844 0
		outer loop
			vertex 0.0013692582724615932 -0.018985969945788383 -0.0007969104335643351
			vertex 0.0013692582724615932 -0.018985969945788383 0.0007969104335643351
			vertex 3.469446951953614e-18 -0.019035281613469124 0.0007969104335643351
		endloop
	endfacet
	facet normal 0.03589205253630755 -0.9966300505014116 0.0737584097055024
		outer loop
			vertex 3.469446951953614e-18 -0.019035281613469124 0.0007969104335643351
			vertex 0.0013692582724615932 -0.018985969945788383 0.0007969104335643351
			vertex 2.6020852139652106e-18 -0.018917648121714592 0.0023863844107836485
		endloop
	endfacet
	facet normal 0.03589151179777498 -0.9966301042783346 0.07375794619582432
		outer loop
			vertex 0.0013692582724615932 -0.018985969945788383 0.0007969104335643351
			vertex 0.0013607966247946024 -0.018868641927838326 0.0023863844107836485
			vertex 2.6020852139652106e-18 -0.018917648121714592 0.0023863844107836485
		endloop
	endfacet
	facet normal 0.03559795072747332 -0.9884785446071999 0.14711544023397627
		outer loop
			vertex 2.6020852139652106e-18 -0.018917648121714592 0.0023863844107836485
			vertex 0.0013607966247946024 -0.018868641927838326 0.0023863844107836485
			vertex 2.6020852139652106e-18 -0.018683023750782013 0.003962841350585222
		endloop
	endfacet
	facet normal 0.03559837042072942 -0.988478476763526 0.1471157945247489
		outer loop
			vertex 0.0013607966247946024 -0.018868641927838326 0.0023863844107836485
			vertex 0.0013439194299280643 -0.018634624779224396 0.003962841350585222
			vertex 2.6020852139652106e-18 -0.018683023750782013 0.003962841350585222
		endloop
	endfacet
	facet normal 0.035110850480352035 -0.974941256875071 0.21967424478395997
		outer loop
			vertex 2.6020852139652106e-18 -0.018683023750782013 0.003962841350585222
			vertex 0.0013439194299280643 -0.018634624779224396 0.003962841350585222
			vertex 2.6020852139652106e-18 -0.01833268627524376 0.005517682060599327
		endloop
	endfacet
	facet normal 0.03510981479877454 -0.9749414858570853 0.2196733940639474
		outer loop
			vertex 0.0013439194299280643 -0.018634624779224396 0.003962841350585222
			vertex 0.0013187187723815441 -0.018285196274518967 0.005517682060599327
			vertex 2.6020852139652106e-18 -0.01833268627524376 0.005517682060599327
		endloop
	endfacet
	facet normal 0.034431004924855395 -0.9560920583996585 0.291036907908548
		outer loop
			vertex 2.6020852139652106e-18 -0.01833268627524376 0.005517682060599327
			vertex 0.0013187187723815441 -0.018285196274518967 0.005517682060599327
			vertex 2.6020852139652106e-18 -0.01786855049431324 0.0070424252189695835
		endloop
	endfacet
	facet normal 0.03443168321176262 -0.9560918709879134 0.29103744333339016
		outer loop
			vertex 0.0013187187723815441 -0.018285196274518967 0.005517682060599327
			vertex 0.0012853321386501193 -0.0178222618997097 0.0070424252189695835
			vertex 2.6020852139652106e-18 -0.01786855049431324 0.0070424252189695835
		endloop
	endfacet
	facet normal 0.03356519337902421 -0.9320313601996445 0.3608197907513239
		outer loop
			vertex 2.6020852139652106e-18 -0.01786855049431324 0.0070424252189695835
			vertex 0.0012853321386501193 -0.0178222618997097 0.0070424252189695835
			vertex 2.6020852139652106e-18 -0.017293144017457962 0.008528754115104675
		endloop
	endfacet
	facet normal 0.03356554497323478 -0.9320312456213171 0.36082005401061845
		outer loop
			vertex 0.0012853321386501193 -0.0178222618997097 0.0070424252189695835
			vertex 0.001243941718712449 -0.01724834553897381 0.008528754115104675
			vertex 2.6020852139652106e-18 -0.017293144017457962 0.008528754115104675
		endloop
	endfacet
	facet normal 0.032516077116340754 -0.9028901476686265 0.42863980913103533
		outer loop
			vertex 2.6020852139652106e-18 -0.017293144017457962 0.008528754115104675
			vertex 0.001243941718712449 -0.01724834553897381 0.008528754115104675
			vertex 2.6020852139652106e-18 -0.01660960726439953 0.009968561120331287
		endloop
	endfacet
	facet normal 0.032515591625435505 -0.9028903265975412 0.4286394690620934
		outer loop
			vertex 0.001243941718712449 -0.01724834553897381 0.008528754115104675
			vertex 0.001194773125462234 -0.016566580161452293 0.009968561120331287
			vertex 2.6020852139652106e-18 -0.01660960726439953 0.009968561120331287
		endloop
	endfacet
	facet normal 0.03128882926304904 -0.8688256882298286 0.4941284576254563
		outer loop
			vertex 2.6020852139652106e-18 -0.01660960726439953 0.009968561120331287
			vertex 0.001194773125462234 -0.016566580161452293 0.009968561120331287
			vertex 2.6020852139652106e-18 -0.0158216692507267 0.0113539919257164
		endloop
	endfacet
	facet normal 0.031288595075352206 -0.8688257826510506 0.49412830643366296
		outer loop
			vertex 0.001194773125462234 -0.016566580161452293 0.009968561120331287
			vertex 0.0011380946962162852 -0.015780683606863022 0.0113539919257164
			vertex 2.6020852139652106e-18 -0.0158216692507267 0.0113539919257164
		endloop
	endfacet
	facet normal 0.02989118222353712 -0.8300222406019127 0.5569287183576187
		outer loop
			vertex 2.6020852139652106e-18 -0.0158216692507267 0.0113539919257164
			vertex 0.0011380946962162852 -0.015780683606863022 0.0113539919257164
			vertex 2.6020852139652106e-18 -0.014933628030121326 0.012677489779889584
		endloop
	endfacet
	facet normal 0.029891953885210737 -0.8300219096827746 0.5569291701280198
		outer loop
			vertex 0.0011380946962162852 -0.015780683606863022 0.0113539919257164
			vertex 0.0010742155136540532 -0.014894941821694374 0.012677489779889584
			vertex 2.6020852139652106e-18 -0.014933628030121326 0.012677489779889584
		endloop
	endfacet
	facet normal 0.028331401113171006 -0.7866894130188473 0.6166985480403099
		outer loop
			vertex 2.6020852139652106e-18 -0.014933628030121326 0.012677489779889584
			vertex 0.0010742155136540532 -0.014894941821694374 0.012677489779889584
			vertex 2.168404344971009e-18 -0.013950326479971409 0.013931835070252419
		endloop
	endfacet
	facet normal 0.028331492458902742 -0.78668937239003 0.61669859567185
		outer loop
			vertex 0.0010742155136540532 -0.014894941821694374 0.012677489779889584
			vertex 0.001003484008833766 -0.01391418743878603 0.013931835070252419
			vertex 2.168404344971009e-18 -0.013950326479971409 0.013931835070252419
		endloop
	endfacet
	facet normal 0.02661630321796118 -0.7390631786960777 0.6731100878003978
		outer loop
			vertex 2.168404344971009e-18 -0.013950326479971409 0.013931835070252419
			vertex 0.001003484008833766 -0.01391418743878603 0.013931835070252419
			vertex 1.734723475976807e-18 -0.012877129018306732 0.015110187232494354
		endloop
	endfacet
	facet normal 0.026616441815009044 -0.7390631162567642 0.6731101508772163
		outer loop
			vertex 0.001003484008833766 -0.01391418743878603 0.013931835070252419
			vertex 0.0009262860403396189 -0.01284376997500658 0.015110187232494354
			vertex 1.734723475976807e-18 -0.012877129018306732 0.015110187232494354
		endloop
	endfacet
	facet normal 0.02475586549004869 -0.6874001875183577 0.7258568242591409
		outer loop
			vertex 1.734723475976807e-18 -0.012877129018306732 0.015110187232494354
			vertex 0.0009262860403396189 -0.01284376997500658 0.015110187232494354
			vertex 1.734723475976807e-18 -0.011719889007508755 0.01620611548423767
		endloop
	endfacet
	facet normal 0.024755099540327105 -0.6874005289632915 0.7258565270270259
		outer loop
			vertex 0.0009262860403396189 -0.01284376997500658 0.015110187232494354
			vertex 0.000843042740598321 -0.011689528822898865 0.01620611548423767
			vertex 1.734723475976807e-18 -0.011719889007508755 0.01620611548423767
		endloop
	endfacet
	facet normal 0.02275940789031677 -0.6319840886605592 0.7746470945097287
		outer loop
			vertex 1.734723475976807e-18 -0.011719889007508755 0.01620611548423767
			vertex 0.000843042740598321 -0.011689528822898865 0.01620611548423767
			vertex 1.3010426069826053e-18 -0.010484919883310795 0.017213646322488785
		endloop
	endfacet
	facet normal 0.022759471311850712 -0.63198406135138 0.774647114926158
		outer loop
			vertex 0.000843042740598321 -0.011689528822898865 0.01620611548423767
			vertex 0.0007542080711573362 -0.010457758791744709 0.017213646322488785
			vertex 1.3010426069826053e-18 -0.010484919883310795 0.017213646322488785
		endloop
	endfacet
	facet normal 0.020639342205154725 -0.5731124036981843 0.8192168151842515
		outer loop
			vertex 1.3010426069826053e-18 -0.010484919883310795 0.017213646322488785
			vertex 0.0007542080711573362 -0.010457758791744709 0.017213646322488785
			vertex 1.3010426069826053e-18 -0.009178956970572472 0.018127279356122017
		endloop
	endfacet
	facet normal 0.020639787635062665 -0.5731122231945581 0.8192169302397081
		outer loop
			vertex 0.0007542080711573362 -0.010457758791744709 0.017213646322488785
			vertex 0.0006602667272090912 -0.00915517844259739 0.018127279356122017
			vertex 1.3010426069826053e-18 -0.009178956970572472 0.018127279356122017
		endloop
	endfacet
	facet normal 0.01840684032881599 -0.5111091920788047 0.8593186731368412
		outer loop
			vertex 1.3010426069826053e-18 -0.009178956970572472 0.018127279356122017
			vertex 0.0006602667272090912 -0.00915517844259739 0.018127279356122017
			vertex 1.3010426069826053e-18 -0.0078091248869895935 0.018942033872008324
		endloop
	endfacet
	facet normal 0.018406671222866915 -0.5111092546827314 0.8593186395232889
		outer loop
			vertex 0.0006602667272090912 -0.00915517844259739 0.018127279356122017
			vertex 0.0005617310525849462 -0.007788895163685083 0.018942033872008324
			vertex 1.3010426069826053e-18 -0.0078091248869895935 0.018942033872008324
		endloop
	endfacet
	facet normal 0.01607307639123801 -0.44631090517760275 0.8947336095927495
		outer loop
			vertex 1.3010426069826053e-18 -0.0078091248869895935 0.018942033872008324
			vertex 0.0005617310525849462 -0.007788895163685083 0.018942033872008324
			vertex 8.673617379884035e-19 -0.006382895167917013 0.01965346559882164
		endloop
	endfacet
	facet normal 0.016073196836666973 -0.44631086588054103 0.894733627031203
		outer loop
			vertex 0.0005617310525849462 -0.007788895163685083 0.018942033872008324
			vertex 0.00045913856592960656 -0.006366360001266003 0.01965346559882164
			vertex 8.673617379884035e-19 -0.006382895167917013 0.01965346559882164
		endloop
	endfacet
	facet normal 0.013651606062459038 -0.379069589224267 0.925267464129838
		outer loop
			vertex 8.673617379884035e-19 -0.006382895167917013 0.01965346559882164
			vertex 0.00045913856592960656 -0.006366360001266003 0.01965346559882164
			vertex 6.505213034913027e-19 -0.004908047150820494 0.02025769092142582
		endloop
	endfacet
	facet normal 0.01365101055795966 -0.37906975261897163 0.9252674059752339
		outer loop
			vertex 0.00045913856592960656 -0.006366360001266003 0.01965346559882164
			vertex 0.00035304887569509447 -0.0048953332006931305 0.02025769092142582
			vertex 6.505213034913027e-19 -0.004908047150820494 0.02025769092142582
		endloop
	endfacet
	facet normal 0.011154920652934547 -0.3097567754737834 0.9507503919501222
		outer loop
			vertex 6.505213034913027e-19 -0.004908047150820494 0.02025769092142582
			vertex 0.00035304887569509447 -0.0048953332006931305 0.02025769092142582
			vertex 4.336808689942018e-19 -0.003392626764252782 0.02075141854584217
		endloop
	endfacet
	facet normal 0.011155296089325046 -0.309756694489674 0.9507504139299601
		outer loop
			vertex 0.00035304887569509447 -0.0048953332006931305 0.02025769092142582
			vertex 0.00024404065334238112 -0.0033838381059467793 0.02075141854584217
			vertex 4.336808689942018e-19 -0.003392626764252782 0.02075141854584217
		endloop
	endfacet
	facet normal 0.0036027521878884694 -0.175182622133536 -0.9845293642543586
		outer loop
			vertex 0.00004674611409427598 -0.0006463476456701756 -0.021344680339097977
			vertex 0.00006445451435865834 -0.0006486318889074028 -0.02134420908987522
			vertex 0.00013270851923152804 -0.001840120297856629 -0.021131951361894608
		endloop
	endfacet
	facet normal 0.018896899617288843 -0.17430317642651658 -0.9845106956617998
		outer loop
			vertex 0.00006445451435865834 -0.0006486318889074028 -0.02134420908987522
			vertex 0.00026472946046851575 -0.0018258073832839727 -0.021131951361894608
			vertex 0.00013270851923152804 -0.001840120297856629 -0.021131951361894608
		endloop
	endfacet
	facet normal 0.025749327546495067 -0.237509309627418 -0.9710439227816683
		outer loop
			vertex 0.00013270851923152804 -0.001840120297856629 -0.021131951361894608
			vertex 0.00026472946046851575 -0.0018258073832839727 -0.021131951361894608
			vertex 0.00024404065334238112 -0.0033838381059467793 -0.02075141854584217
		endloop
	endfacet
	facet normal 0.02574932837778323 -0.2375093096327539 -0.9710439227583199
		outer loop
			vertex 0.00026472946046851575 -0.0018258073832839727 -0.021131951361894608
			vertex 0.0004868169198743999 -0.0033575177658349276 -0.02075141854584217
			vertex 0.00024404065334238112 -0.0033838381059467793 -0.02075141854584217
		endloop
	endfacet
	facet normal 0.033407966301425215 -0.30815184365476295 -0.9507504136416526
		outer loop
			vertex 0.00024404065334238112 -0.0033838381059467793 -0.02075141854584217
			vertex 0.0004868169198743999 -0.0033575177658349276 -0.02075141854584217
			vertex 0.00035304887569509447 -0.0048953332006931305 -0.02025769092142582
		endloop
	endfacet
	facet normal 0.03340796600276643 -0.3081518436342842 -0.9507504136587844
		outer loop
			vertex 0.0004868169198743999 -0.0033575177658349276 -0.02075141854584217
			vertex 0.0007042685756459832 -0.004857256077229977 -0.02025769092142582
			vertex 0.00035304887569509447 -0.0048953332006931305 -0.02025769092142582
		endloop
	endfacet
	facet normal 0.04088353404546451 -0.3771057594273079 -0.9252674115360957
		outer loop
			vertex 0.00035304887569509447 -0.0048953332006931305 -0.02025769092142582
			vertex 0.0007042685756459832 -0.004857256077229977 -0.02025769092142582
			vertex 0.00045913856592960656 -0.006366360001266003 -0.01965346559882164
		endloop
	endfacet
	facet normal 0.040883708276304595 -0.37710578110802934 -0.9252673950012943
		outer loop
			vertex 0.0007042685756459832 -0.004857256077229977 -0.02025769092142582
			vertex 0.0009158983593806624 -0.006316840648651123 -0.01965346559882164
			vertex 0.00045913856592960656 -0.006366360001266003 -0.01965346559882164
		endloop
	endfacet
	facet normal 0.04813584660233454 -0.4439985216015831 -0.8947336213016057
		outer loop
			vertex 0.00045913856592960656 -0.006366360001266003 -0.01965346559882164
			vertex 0.0009158983593806624 -0.006316840648651123 -0.01965346559882164
			vertex 0.0005617310525849462 -0.007788895163685083 -0.018942033872008324
		endloop
	endfacet
	facet normal 0.04813559844606218 -0.4439984786498675 -0.8947336559663119
		outer loop
			vertex 0.0009158983593806624 -0.006316840648651123 -0.01965346559882164
			vertex 0.0011205518385395408 -0.007728311233222485 -0.018942033872008324
			vertex 0.0005617310525849462 -0.007788895163685083 -0.018942033872008324
		endloop
	endfacet
	facet normal 0.05512425236820961 -0.5084612008225411 -0.8593186394225052
		outer loop
			vertex 0.0005617310525849462 -0.007788895163685083 -0.018942033872008324
			vertex 0.0011205518385395408 -0.007728311233222485 -0.018942033872008324
			vertex 0.0006602667272090912 -0.00915517844259739 -0.018127279356122017
		endloop
	endfacet
	facet normal 0.055123917280678114 -0.5084611292011567 -0.8593187032964646
		outer loop
			vertex 0.0011205518385395408 -0.007728311233222485 -0.018942033872008324
			vertex 0.001317112590186298 -0.00908396765589714 -0.018127279356122017
			vertex 0.0006602667272090912 -0.00915517844259739 -0.018127279356122017
		endloop
	endfacet
	facet normal 0.06181104606944462 -0.5701429766238831 -0.8192169314597078
		outer loop
			vertex 0.0006602667272090912 -0.00915517844259739 -0.018127279356122017
			vertex 0.001317112590186298 -0.00908396765589714 -0.018127279356122017
			vertex 0.0007542080711573362 -0.010457758791744709 -0.017213646322488785
		endloop
	endfacet
	facet normal 0.06181187358371553 -0.5701431800263259 -0.8192167274619944
		outer loop
			vertex 0.001317112590186298 -0.00908396765589714 -0.018127279356122017
			vertex 0.0015045086620375514 -0.010376415215432644 -0.017213646322488785
			vertex 0.0007542080711573362 -0.010457758791744709 -0.017213646322488785
		endloop
	endfacet
	facet normal 0.06816134209783128 -0.6287096974319512 -0.774647111786036
		outer loop
			vertex 0.0007542080711573362 -0.010457758791744709 -0.017213646322488785
			vertex 0.0015045086620375514 -0.010376415215432644 -0.017213646322488785
			vertex 0.000843042740598321 -0.011689528822898865 -0.01620611548423767
		endloop
	endfacet
	facet normal 0.06816091914683707 -0.6287095837337215 -0.7746472412798159
		outer loop
			vertex 0.0015045086620375514 -0.010376415215432644 -0.017213646322488785
			vertex 0.0016817175783216953 -0.01159860473126173 -0.01620611548423767
			vertex 0.000843042740598321 -0.011689528822898865 -0.01620611548423767
		endloop
	endfacet
	facet normal 0.07413772855891923 -0.6838390832263987 -0.7258565322818294
		outer loop
			vertex 0.000843042740598321 -0.011689528822898865 -0.01620611548423767
			vertex 0.0016817175783216953 -0.01159860473126173 -0.01620611548423767
			vertex 0.0009262860403396189 -0.01284376997500658 -0.015110187232494354
		endloop
	endfacet
	facet normal 0.0741376972570985 -0.6838390743828352 -0.7258565438105811
		outer loop
			vertex 0.0016817175783216953 -0.01159860473126173 -0.01620611548423767
			vertex 0.0018477729754522443 -0.012743867933750153 -0.015110187232494354
			vertex 0.0009262860403396189 -0.01284376997500658 -0.015110187232494354
		endloop
	endfacet
	facet normal 0.0797096299842639 -0.7352340523716261 -0.6731101418943031
		outer loop
			vertex 0.0009262860403396189 -0.01284376997500658 -0.015110187232494354
			vertex 0.0018477729754522443 -0.012743867933750153 -0.015110187232494354
			vertex 0.001003484008833766 -0.01391418743878603 -0.013931835070252419
		endloop
	endfacet
	facet normal 0.07970967012058155 -0.7352340638820478 -0.6731101245686005
		outer loop
			vertex 0.0018477729754522443 -0.012743867933750153 -0.015110187232494354
			vertex 0.002001768909394741 -0.01380595937371254 -0.013931835070252419
			vertex 0.001003484008833766 -0.01391418743878603 -0.013931835070252419
		endloop
	endfacet
	facet normal 0.08484626955044489 -0.7826135457898206 -0.616698588039293
		outer loop
			vertex 0.001003484008833766 -0.01391418743878603 -0.013931835070252419
			vertex 0.002001768909394741 -0.01380595937371254 -0.013931835070252419
			vertex 0.0010742155136540532 -0.014894941821694374 -0.012677489779889584
		endloop
	endfacet
	facet normal 0.0848462004306257 -0.7826135263239408 -0.6166986222518196
		outer loop
			vertex 0.002001768909394741 -0.01380595937371254 -0.013931835070252419
			vertex 0.0021428654436022043 -0.014779085293412209 -0.012677489779889584
			vertex 0.0010742155136540532 -0.014894941821694374 -0.012677489779889584
		endloop
	endfacet
	facet normal 0.08951971354066163 -0.8257215801531393 -0.5569291633206155
		outer loop
			vertex 0.0010742155136540532 -0.014894941821694374 -0.012677489779889584
			vertex 0.0021428654436022043 -0.014779085293412209 -0.012677489779889584
			vertex 0.0011380946962162852 -0.015780683606863022 -0.0113539919257164
		endloop
	endfacet
	facet normal 0.089520014570701 -0.8257216605975468 -0.5569289956639818
		outer loop
			vertex 0.0021428654436022043 -0.014779085293412209 -0.012677489779889584
			vertex 0.002270292956382036 -0.01565793715417385 -0.0113539919257164
			vertex 0.0011380946962162852 -0.015780683606863022 -0.0113539919257164
		endloop
	endfacet
	facet normal 0.09370509634007995 -0.8643243427454463 -0.49412830869881214
		outer loop
			vertex 0.0011380946962162852 -0.015780683606863022 -0.0113539919257164
			vertex 0.002270292956382036 -0.01565793715417385 -0.0113539919257164
			vertex 0.001194773125462234 -0.016566580161452293 -0.009968561120331287
		endloop
	endfacet
	facet normal 0.09370530621409481 -0.864324393940607 -0.49412817934876485
		outer loop
			vertex 0.002270292956382036 -0.01565793715417385 -0.0113539919257164
			vertex 0.0023833562154322863 -0.016437720507383347 -0.009968561120331287
			vertex 0.001194773125462234 -0.016566580161452293 -0.009968561120331287
		endloop
	endfacet
	facet normal 0.09737925615902243 -0.8982123847899454 -0.42863946654487484
		outer loop
			vertex 0.001194773125462234 -0.016566580161452293 -0.009968561120331287
			vertex 0.0023833562154322863 -0.016437720507383347 -0.009968561120331287
			vertex 0.001243941718712449 -0.01724834553897381 -0.008528754115104675
		endloop
	endfacet
	facet normal 0.0973792576407014 -0.898212385104385 -0.4286394655493567
		outer loop
			vertex 0.0023833562154322863 -0.016437720507383347 -0.009968561120331287
			vertex 0.0024814384523779154 -0.017114182934165 -0.008528754115104675
			vertex 0.001243941718712449 -0.01724834553897381 -0.008528754115104675
		endloop
	endfacet
	facet normal 0.10052218999152217 -0.9272023448909803 -0.36082003955985625
		outer loop
			vertex 0.001243941718712449 -0.01724834553897381 -0.008528754115104675
			vertex 0.0024814384523779154 -0.017114182934165 -0.008528754115104675
			vertex 0.0012853321386501193 -0.0178222618997097 -0.0070424252189695835
		endloop
	endfacet
	facet normal 0.10052267850446926 -0.9272024292703003 -0.36081968663245234
		outer loop
			vertex 0.0024814384523779154 -0.017114182934165 -0.008528754115104675
			vertex 0.0025640050880610943 -0.017683634534478188 -0.0070424252189695835
			vertex 0.0012853321386501193 -0.0178222618997097 -0.0070424252189695835
		endloop
	endfacet
	facet normal 0.10311768030848377 -0.9511382416903413 -0.2910374360834069
		outer loop
			vertex 0.0012853321386501193 -0.0178222618997097 -0.0070424252189695835
			vertex 0.0025640050880610943 -0.017683634534478188 -0.0070424252189695835
			vertex 0.0013187187723815441 -0.018285196274518967 -0.005517682060599327
		endloop
	endfacet
	facet normal 0.10311741219637846 -0.9511382078410521 -0.29103764170092133
		outer loop
			vertex 0.0025640050880610943 -0.017683634534478188 -0.0070424252189695835
			vertex 0.002630605362355709 -0.01814296841621399 -0.005517682060599327
			vertex 0.0013187187723815441 -0.018285196274518967 -0.005517682060599327
		endloop
	endfacet
	facet normal 0.10515040427067618 -0.969890195472589 -0.21967339667755942
		outer loop
			vertex 0.0013187187723815441 -0.018285196274518967 -0.005517682060599327
			vertex 0.002630605362355709 -0.01814296841621399 -0.005517682060599327
			vertex 0.0013439194299280643 -0.018634624779224396 -0.003962841350585222
		endloop
	endfacet
	facet normal 0.10515013893649666 -0.9698901759080071 -0.21967361006450178
		outer loop
			vertex 0.002630605362355709 -0.01814296841621399 -0.005517682060599327
			vertex 0.0026808760594576597 -0.01848967932164669 -0.003962841350585222
			vertex 0.0013439194299280643 -0.018634624779224396 -0.003962841350585222
		endloop
	endfacet
	facet normal 0.10661015037560127 -0.9833571172342194 -0.14711579052466695
		outer loop
			vertex 0.0013439194299280643 -0.018634624779224396 -0.003962841350585222
			vertex 0.0026808760594576597 -0.01848967932164669 -0.003962841350585222
			vertex 0.0013607966247946024 -0.018868641927838326 -0.0023863844107836485
		endloop
	endfacet
	facet normal 0.10660983243730983 -0.9833571120594854 -0.14711605551304613
		outer loop
			vertex 0.0026808760594576597 -0.01848967932164669 -0.003962841350585222
			vertex 0.002714542904868722 -0.01872187666594982 -0.0023863844107836485
			vertex 0.0013607966247946024 -0.018868641927838326 -0.0023863844107836485
		endloop
	endfacet
	facet normal 0.10748900805716988 -0.9914665291627068 -0.07375794666977536
		outer loop
			vertex 0.0013607966247946024 -0.018868641927838326 -0.0023863844107836485
			vertex 0.002714542904868722 -0.01872187666594982 -0.0023863844107836485
			vertex 0.0013692582724615932 -0.018985969945788383 -0.0007969104335643351
		endloop
	endfacet
	facet normal 0.10748906545753387 -0.9914665265856947 -0.07375789765959949
		outer loop
			vertex 0.002714542904868722 -0.01872187666594982 -0.0023863844107836485
			vertex 0.0027314224280416965 -0.018838291987776756 -0.0007969104335643351
			vertex 0.0013692582724615932 -0.018985969945788383 -0.0007969104335643351
		endloop
	endfacet
	facet normal 0.10778264634533688 -0.9941744822448403 0
		outer loop
			vertex 0.0013692582724615932 -0.018985969945788383 -0.0007969104335643351
			vertex 0.0027314224280416965 -0.018838291987776756 -0.0007969104335643351
			vertex 0.0013692582724615932 -0.018985969945788383 0.0007969104335643351
		endloop
	endfacet
	facet normal 0.10778264634533688 -0.9941744822448403 0
		outer loop
			vertex 0.0027314224280416965 -0.018838291987776756 -0.0007969104335643351
			vertex 0.0027314224280416965 -0.018838291987776756 0.0007969104335643351
			vertex 0.0013692582724615932 -0.018985969945788383 0.0007969104335643351
		endloop
	endfacet
	facet normal 0.10748906506805836 -0.9914665229932182 0.07375794651787113
		outer loop
			vertex 0.0013692582724615932 -0.018985969945788383 0.0007969104335643351
			vertex 0.0027314224280416965 -0.018838291987776756 0.0007969104335643351
			vertex 0.0013607966247946024 -0.018868641927838326 0.0023863844107836485
		endloop
	endfacet
	facet normal 0.10748900844906702 -0.9914665327775221 0.07375789750769253
		outer loop
			vertex 0.0027314224280416965 -0.018838291987776756 0.0007969104335643351
			vertex 0.002714542904868722 -0.01872187666594982 0.0023863844107836485
			vertex 0.0013607966247946024 -0.018868641927838326 0.0023863844107836485
		endloop
	endfacet
	facet normal 0.1066098366588215 -0.9833571509982346 0.14711579217818457
		outer loop
			vertex 0.0013607966247946024 -0.018868641927838326 0.0023863844107836485
			vertex 0.002714542904868722 -0.01872187666594982 0.0023863844107836485
			vertex 0.0013439194299280643 -0.018634624779224396 0.003962841350585222
		endloop
	endfacet
	facet normal 0.10661014610106295 -0.9833570778064756 0.14711605716650786
		outer loop
			vertex 0.002714542904868722 -0.01872187666594982 0.0023863844107836485
			vertex 0.0026808760594576597 -0.01848967932164669 0.003962841350585222
			vertex 0.0013439194299280643 -0.018634624779224396 0.003962841350585222
		endloop
	endfacet
	facet normal 0.10515014406635562 -0.9698902232251085 0.21967339869718844
		outer loop
			vertex 0.0013439194299280643 -0.018634624779224396 0.003962841350585222
			vertex 0.0026808760594576597 -0.01848967932164669 0.003962841350585222
			vertex 0.0013187187723815441 -0.018285196274518967 0.005517682060599327
		endloop
	endfacet
	facet normal 0.1051503990427733 -0.9698901472512647 0.21967361208407762
		outer loop
			vertex 0.0026808760594576597 -0.01848967932164669 0.003962841350585222
			vertex 0.002630605362355709 -0.01814296841621399 0.005517682060599327
			vertex 0.0013187187723815441 -0.018285196274518967 0.005517682060599327
		endloop
	endfacet
	facet normal 0.1031174188517884 -0.9511382692294689 0.29103743871968685
		outer loop
			vertex 0.0013187187723815441 -0.018285196274518967 0.005517682060599327
			vertex 0.002630605362355709 -0.01814296841621399 0.005517682060599327
			vertex 0.0012853321386501193 -0.0178222618997097 0.0070424252189695835
		endloop
	endfacet
	facet normal 0.1031176734801819 -0.951138178707359 0.29103764433709034
		outer loop
			vertex 0.002630605362355709 -0.01814296841621399 0.005517682060599327
			vertex 0.0025640050880610943 -0.017683634534478188 0.0070424252189695835
			vertex 0.0012853321386501193 -0.0178222618997097 0.0070424252189695835
		endloop
	endfacet
	facet normal 0.10052266402842543 -0.9272022957459731 0.3608200337841917
		outer loop
			vertex 0.0012853321386501193 -0.0178222618997097 0.0070424252189695835
			vertex 0.0025640050880610943 -0.017683634534478188 0.0070424252189695835
			vertex 0.001243941718712449 -0.01724834553897381 0.008528754115104675
		endloop
	endfacet
	facet normal 0.10052220494916925 -0.9272024828581839 0.36081968085704025
		outer loop
			vertex 0.0025640050880610943 -0.017683634534478188 0.0070424252189695835
			vertex 0.0024814384523779154 -0.017114182934165 0.008528754115104675
			vertex 0.001243941718712449 -0.01724834553897381 0.008528754115104675
		endloop
	endfacet
	facet normal 0.09737925759082111 -0.8982123846442961 0.42863946652480334
		outer loop
			vertex 0.001243941718712449 -0.01724834553897381 0.008528754115104675
			vertex 0.0024814384523779154 -0.017114182934165 0.008528754115104675
			vertex 0.001194773125462234 -0.016566580161452293 0.009968561120331287
		endloop
	endfacet
	facet normal 0.09737925621095547 -0.8982123852689683 0.42863946552928583
		outer loop
			vertex 0.0024814384523779154 -0.017114182934165 0.008528754115104675
			vertex 0.0023833562154322863 -0.016437720507383347 0.009968561120331287
			vertex 0.001194773125462234 -0.016566580161452293 0.009968561120331287
		endloop
	endfacet
	facet normal 0.09370529848265688 -0.8643243226269252 0.4941283055561415
		outer loop
			vertex 0.001194773125462234 -0.016566580161452293 0.009968561120331287
			vertex 0.0023833562154322863 -0.016437720507383347 0.009968561120331287
			vertex 0.0011380946962162852 -0.015780683606863022 0.0113539919257164
		endloop
	endfacet
	facet normal 0.09370510445653549 -0.864324417610639 0.49412817620615374
		outer loop
			vertex 0.0023833562154322863 -0.016437720507383347 0.009968561120331287
			vertex 0.002270292956382036 -0.01565793715417385 0.0113539919257164
			vertex 0.0011380946962162852 -0.015780683606863022 0.0113539919257164
		endloop
	endfacet
	facet normal 0.0895200028034773 -0.8257215520581151 0.5569291584796067
		outer loop
			vertex 0.0011380946962162852 -0.015780683606863022 0.0113539919257164
			vertex 0.002270292956382036 -0.01565793715417385 0.0113539919257164
			vertex 0.0010742155136540532 -0.014894941821694374 0.012677489779889584
		endloop
	endfacet
	facet normal 0.08951972600759521 -0.8257216951469848 0.556928990822991
		outer loop
			vertex 0.002270292956382036 -0.01565793715417385 0.0113539919257164
			vertex 0.0021428654436022043 -0.014779085293412209 0.012677489779889584
			vertex 0.0010742155136540532 -0.014894941821694374 0.012677489779889584
		endloop
	endfacet
	facet normal 0.08484620322110496 -0.7826135520630642 0.616698589203994
		outer loop
			vertex 0.0010742155136540532 -0.014894941821694374 0.012677489779889584
			vertex 0.0021428654436022043 -0.014779085293412209 0.012677489779889584
			vertex 0.001003484008833766 -0.01391418743878603 0.013931835070252419
		endloop
	endfacet
	facet normal 0.08484626656327382 -0.7826135182364521 0.6166986234165248
		outer loop
			vertex 0.0021428654436022043 -0.014779085293412209 0.012677489779889584
			vertex 0.002001768909394741 -0.01380595937371254 0.013931835070252419
			vertex 0.001003484008833766 -0.01391418743878603 0.013931835070252419
		endloop
	endfacet
	facet normal 0.07970966848891432 -0.7352340488317117 0.673110141201212
		outer loop
			vertex 0.001003484008833766 -0.01391418743878603 0.013931835070252419
			vertex 0.002001768909394741 -0.01380595937371254 0.013931835070252419
			vertex 0.0009262860403396189 -0.01284376997500658 0.015110187232494354
		endloop
	endfacet
	facet normal 0.07970963175191563 -0.7352340686762777 0.6731101238755073
		outer loop
			vertex 0.002001768909394741 -0.01380595937371254 0.013931835070252419
			vertex 0.0018477729754522443 -0.012743867933750153 0.015110187232494354
			vertex 0.0009262860403396189 -0.01284376997500658 0.015110187232494354
		endloop
	endfacet
	facet normal 0.07413769850666875 -0.6838390859087526 0.7258565328242323
		outer loop
			vertex 0.0009262860403396189 -0.01284376997500658 0.015110187232494354
			vertex 0.0018477729754522443 -0.012743867933750153 0.015110187232494354
			vertex 0.000843042740598321 -0.011689528822898865 0.01620611548423767
		endloop
	endfacet
	facet normal 0.07413772718596384 -0.6838390705623939 0.7258565443529877
		outer loop
			vertex 0.0018477729754522443 -0.012743867933750153 0.015110187232494354
			vertex 0.0016817175783216953 -0.01159860473126173 0.01620611548423767
			vertex 0.000843042740598321 -0.011689528822898865 0.01620611548423767
		endloop
	endfacet
	facet normal 0.06816093529269851 -0.6287097326615522 0.7746471189881652
		outer loop
			vertex 0.000843042740598321 -0.011689528822898865 0.01620611548423767
			vertex 0.0016817175783216953 -0.01159860473126173 0.01620611548423767
			vertex 0.0007542080711573362 -0.010457758791744709 0.017213646322488785
		endloop
	endfacet
	facet normal 0.06816132405012137 -0.628709530962661 0.774647248481814
		outer loop
			vertex 0.0016817175783216953 -0.01159860473126173 0.01620611548423767
			vertex 0.0015045086620375514 -0.010376415215432644 0.017213646322488785
			vertex 0.0007542080711573362 -0.010457758791744709 0.017213646322488785
		endloop
	endfacet
	facet normal 0.06181184426076273 -0.5701429095559358 0.8192169179113523
		outer loop
			vertex 0.0007542080711573362 -0.010457758791744709 0.017213646322488785
			vertex 0.0015045086620375514 -0.010376415215432644 0.017213646322488785
			vertex 0.0006602667272090912 -0.00915517844259739 0.018127279356122017
		endloop
	endfacet
	facet normal 0.06181107956398272 -0.5701432855763578 0.8192167139135594
		outer loop
			vertex 0.0015045086620375514 -0.010376415215432644 0.017213646322488785
			vertex 0.001317112590186298 -0.00908396765589714 0.018127279356122017
			vertex 0.0006602667272090912 -0.00915517844259739 0.018127279356122017
		endloop
	endfacet
	facet normal 0.055123927915161866 -0.5084612272932714 0.8593186445729109
		outer loop
			vertex 0.0006602667272090912 -0.00915517844259739 0.018127279356122017
			vertex 0.001317112590186298 -0.00908396765589714 0.018127279356122017
			vertex 0.0005617310525849462 -0.007788895163685083 0.018942033872008324
		endloop
	endfacet
	facet normal 0.055124239868214374 -0.5084610855236968 0.8593187084469972
		outer loop
			vertex 0.001317112590186298 -0.00908396765589714 0.018127279356122017
			vertex 0.0011205518385395408 -0.007728311233222485 0.018942033872008324
			vertex 0.0005617310525849462 -0.007788895163685083 0.018942033872008324
		endloop
	endfacet
	facet normal 0.04813560517913402 -0.4439985407551233 0.894733624785254
		outer loop
			vertex 0.0005617310525849462 -0.007788895163685083 0.018942033872008324
			vertex 0.0011205518385395408 -0.007728311233222485 0.018942033872008324
			vertex 0.00045913856592960656 -0.006366360001266003 0.01965346559882164
		endloop
	endfacet
	facet normal 0.048135838364746324 -0.4439984456191865 0.8947336594499333
		outer loop
			vertex 0.0011205518385395408 -0.007728311233222485 0.018942033872008324
			vertex 0.0009158983593806624 -0.006316840648651123 0.01965346559882164
			vertex 0.00045913856592960656 -0.006366360001266003 0.01965346559882164
		endloop
	endfacet
	facet normal 0.04088370449689754 -0.37710574624729115 0.9252674093762754
		outer loop
			vertex 0.00045913856592960656 -0.006366360001266003 0.01965346559882164
			vertex 0.0009158983593806624 -0.006316840648651123 0.01965346559882164
			vertex 0.00035304887569509447 -0.0048953332006931305 0.02025769092142582
		endloop
	endfacet
	facet normal 0.04088353896054787 -0.37710580476356087 0.9252673928414904
		outer loop
			vertex 0.0009158983593806624 -0.006316840648651123 0.01965346559882164
			vertex 0.0007042685756459832 -0.004857256077229977 0.02025769092142582
			vertex 0.00035304887569509447 -0.0048953332006931305 0.02025769092142582
		endloop
	endfacet
	facet normal 0.03340796600739631 -0.30815184367698983 0.9507504136447803
		outer loop
			vertex 0.00035304887569509447 -0.0048953332006931305 0.02025769092142582
			vertex 0.0007042685756459832 -0.004857256077229977 0.02025769092142582
			vertex 0.00024404065334238112 -0.0033838381059467793 0.02075141854584217
		endloop
	endfacet
	facet normal 0.033407966294727254 -0.30815184359298164 0.9507504136619123
		outer loop
			vertex 0.0007042685756459832 -0.004857256077229977 0.02025769092142582
			vertex 0.0004868169198743999 -0.0033575177658349276 0.02075141854584217
			vertex 0.00024404065334238112 -0.0033838381059467793 0.02075141854584217
		endloop
	endfacet
	facet normal 0.00862529084360844 -0.17601934454548604 -0.9843489191865051
		outer loop
			vertex 0.00009635687456466258 -0.000661553640384227 -0.021341616287827492
			vertex 0.00012468955537769943 -0.0006730295717716217 -0.02133931592106819
			vertex 0.00026472946046851575 -0.0018258073832839727 -0.021131951361894608
		endloop
	endfacet
	facet normal 0.031522538483104524 -0.17324240163169718 -0.9843746237304491
		outer loop
			vertex 0.00012468955537769943 -0.0006730295717716217 -0.02133931592106819
			vertex 0.00039537885459139943 -0.0018020349089056253 -0.021131951361894608
			vertex 0.00026472946046851575 -0.0018258073832839727 -0.021131951361894608
		endloop
	endfacet
	facet normal 0.04276732858021395 -0.23504181678069264 -0.9710439227813248
		outer loop
			vertex 0.00026472946046851575 -0.0018258073832839727 -0.021131951361894608
			vertex 0.00039537885459139943 -0.0018020349089056253 -0.021131951361894608
			vertex 0.0004868169198743999 -0.0033575177658349276 -0.02075141854584217
		endloop
	endfacet
	facet normal 0.042767191045213315 -0.2350418258126494 -0.9710439266525271
		outer loop
			vertex 0.00039537885459139943 -0.0018020349089056253 -0.021131951361894608
			vertex 0.0007270709611475468 -0.003313802182674408 -0.02075141854584217
			vertex 0.0004868169198743999 -0.0033575177658349276 -0.02075141854584217
		endloop
	endfacet
	facet normal 0.055487464679758416 -0.30495046995855984 -0.9507504152696785
		outer loop
			vertex 0.0004868169198743999 -0.0033575177658349276 -0.02075141854584217
			vertex 0.0007270709611475468 -0.003313802182674408 -0.02075141854584217
			vertex 0.0007042685756459832 -0.004857256077229977 -0.02025769092142582
		endloop
	endfacet
	facet normal 0.055487788624900246 -0.30495046881406246 -0.9507503967307098
		outer loop
			vertex 0.0007270709611475468 -0.003313802182674408 -0.02075141854584217
			vertex 0.00105183944106102 -0.004794013220816851 -0.02025769092142582
			vertex 0.0007042685756459832 -0.004857256077229977 -0.02025769092142582
		endloop
	endfacet
	facet normal 0.06790406851661814 -0.37318801202382834 -0.9252673911689494
		outer loop
			vertex 0.0007042685756459832 -0.004857256077229977 -0.02025769092142582
			vertex 0.00105183944106102 -0.004794013220816851 -0.02025769092142582
			vertex 0.0009158983593806624 -0.006316840648651123 -0.01965346559882164
		endloop
	endfacet
	facet normal 0.0679035811077116 -0.37318798675072734 -0.9252674371324692
		outer loop
			vertex 0.00105183944106102 -0.004794013220816851 -0.02025769092142582
			vertex 0.0013679128605872393 -0.006234594155102968 -0.01965346559882164
			vertex 0.0009158983593806624 -0.006316840648651123 -0.01965346559882164
		endloop
	endfacet
	facet normal 0.0799486347762719 -0.4393858110119281 -0.8947336614204255
		outer loop
			vertex 0.0009158983593806624 -0.006316840648651123 -0.01965346559882164
			vertex 0.0013679128605872393 -0.006234594155102968 -0.01965346559882164
			vertex 0.0011205518385395408 -0.007728311233222485 -0.018942033872008324
		endloop
	endfacet
	facet normal 0.0799491671463789 -0.4393858640994191 -0.8947335877802998
		outer loop
			vertex 0.0013679128605872393 -0.006234594155102968 -0.01965346559882164
			vertex 0.0016735668759793043 -0.007627686485648155 -0.018942033872008324
			vertex 0.0011205518385395408 -0.007728311233222485 -0.018942033872008324
		endloop
	endfacet
	facet normal 0.09155668376171883 -0.5031786326812555 -0.8593187052959914
		outer loop
			vertex 0.0011205518385395408 -0.007728311233222485 -0.018942033872008324
			vertex 0.0016735668759793043 -0.007627686485648155 -0.018942033872008324
			vertex 0.001317112590186298 -0.00908396765589714 -0.018127279356122017
		endloop
	endfacet
	facet normal 0.09155694477924681 -0.5031786690852588 -0.8593186561691057
		outer loop
			vertex 0.0016735668759793043 -0.007627686485648155 -0.018942033872008324
			vertex 0.0019671344198286533 -0.008965691551566124 -0.018127279356122017
			vertex 0.001317112590186298 -0.00908396765589714 -0.018127279356122017
		endloop
	endfacet
	facet normal 0.10266383450559961 -0.564219915095138 -0.8192167139985868
		outer loop
			vertex 0.001317112590186298 -0.00908396765589714 -0.018127279356122017
			vertex 0.0019671344198286533 -0.008965691551566124 -0.018127279356122017
			vertex 0.0015045086620375514 -0.010376415215432644 -0.017213646322488785
		endloop
	endfacet
	facet normal 0.10266308586166373 -0.5642197873357049 -0.8192168958097804
		outer loop
			vertex 0.0019671344198286533 -0.008965691551566124 -0.018127279356122017
			vertex 0.0022470143157988787 -0.010241311974823475 -0.017213646322488785
			vertex 0.0015045086620375514 -0.010376415215432644 -0.017213646322488785
		endloop
	endfacet
	facet normal 0.11320891063110462 -0.6221779420000918 -0.7746472429707918
		outer loop
			vertex 0.0015045086620375514 -0.010376415215432644 -0.017213646322488785
			vertex 0.0022470143157988787 -0.010241311974823475 -0.017213646322488785
			vertex 0.0016817175783216953 -0.01159860473126173 -0.01620611548423767
		endloop
	endfacet
	facet normal 0.11320917728457998 -0.622177993453827 -0.7746471626749293
		outer loop
			vertex 0.0022470143157988787 -0.010241311974823475 -0.017213646322488785
			vertex 0.0025116794276982546 -0.011447587981820107 -0.01620611548423767
			vertex 0.0016817175783216953 -0.01159860473126173 -0.01620611548423767
		endloop
	endfacet
	facet normal 0.12313610052724838 -0.6767346410016476 -0.7258565467193325
		outer loop
			vertex 0.0016817175783216953 -0.01159860473126173 -0.01620611548423767
			vertex 0.0025116794276982546 -0.011447587981820107 -0.01620611548423767
			vertex 0.0018477729754522443 -0.012743867933750153 -0.015110187232494354
		endloop
	endfacet
	facet normal 0.12313594408257988 -0.6767346087420573 -0.7258566033354154
		outer loop
			vertex 0.0025116794276982546 -0.011447587981820107 -0.01620611548423767
			vertex 0.0027596864383667707 -0.01257793977856636 -0.015110187232494354
			vertex 0.0018477729754522443 -0.012743867933750153 -0.015110187232494354
		endloop
	endfacet
	facet normal 0.13239042999023348 -0.7275957195776126 -0.6731101268732608
		outer loop
			vertex 0.0018477729754522443 -0.012743867933750153 -0.015110187232494354
			vertex 0.0027596864383667707 -0.01257793977856636 -0.015110187232494354
			vertex 0.002001768909394741 -0.01380595937371254 -0.013931835070252419
		endloop
	endfacet
	facet normal 0.13239010636937523 -0.727595651515608 -0.6731102640957746
		outer loop
			vertex 0.0027596864383667707 -0.01257793977856636 -0.015110187232494354
			vertex 0.002989682601764798 -0.013626202940940857 -0.013931835070252419
			vertex 0.002001768909394741 -0.01380595937371254 -0.013931835070252419
		endloop
	endfacet
	facet normal 0.14092152283142825 -0.7744830035186304 -0.6166986311510937
		outer loop
			vertex 0.002001768909394741 -0.01380595937371254 -0.013931835070252419
			vertex 0.002989682601764798 -0.013626202940940857 -0.013931835070252419
			vertex 0.0021428654436022043 -0.014779085293412209 -0.012677489779889584
		endloop
	endfacet
	facet normal 0.14092177891081267 -0.7744830561007884 -0.6166985065989662
		outer loop
			vertex 0.002989682601764798 -0.013626202940940857 -0.013931835070252419
			vertex 0.003200413193553686 -0.014586658217012882 -0.012677489779889584
			vertex 0.0021428654436022043 -0.014779085293412209 -0.012677489779889584
		endloop
	endfacet
	facet normal 0.14868405953673516 -0.817143281283449 -0.5569289975328944
		outer loop
			vertex 0.0021428654436022043 -0.014779085293412209 -0.012677489779889584
			vertex 0.003200413193553686 -0.014586658217012882 -0.012677489779889584
			vertex 0.002270292956382036 -0.01565793715417385 -0.0113539919257164
		endloop
	endfacet
	facet normal 0.14868432755070948 -0.8171433325871853 -0.5569288507063554
		outer loop
			vertex 0.003200413193553686 -0.014586658217012882 -0.012677489779889584
			vertex 0.003390728496015072 -0.015454066917300224 -0.0113539919257164
			vertex 0.002270292956382036 -0.01565793715417385 -0.0113539919257164
		endloop
	endfacet
	facet normal 0.15563535038093995 -0.8553449511030773 -0.49412817399362735
		outer loop
			vertex 0.002270292956382036 -0.01565793715417385 -0.0113539919257164
			vertex 0.003390728496015072 -0.015454066917300224 -0.0113539919257164
			vertex 0.0023833562154322863 -0.016437720507383347 -0.009968561120331287
		endloop
	endfacet
	facet normal 0.15563414432796663 -0.8553447474685072 -0.4941289063567698
		outer loop
			vertex 0.003390728496015072 -0.015454066917300224 -0.0113539919257164
			vertex 0.0035595910158008337 -0.01622369885444641 -0.009968561120331287
			vertex 0.0023833562154322863 -0.016437720507383347 -0.009968561120331287
		endloop
	endfacet
	facet normal 0.16173624519937244 -0.8888810897115125 -0.4286394701168838
		outer loop
			vertex 0.0023833562154322863 -0.016437720507383347 -0.009968561120331287
			vertex 0.0035595910158008337 -0.01622369885444641 -0.009968561120331287
			vertex 0.0024814384523779154 -0.017114182934165 -0.008528754115104675
		endloop
	endfacet
	facet normal 0.161736834597198 -0.8888811710414011 -0.42863907906599746
		outer loop
			vertex 0.0035595910158008337 -0.01622369885444641 -0.009968561120331287
			vertex 0.003706078976392746 -0.016891352832317352 -0.008528754115104675
			vertex 0.0024814384523779154 -0.017114182934165 -0.008528754115104675
		endloop
	endfacet
	facet normal 0.16695690946235334 -0.9175699126667637 -0.36081968592565355
		outer loop
			vertex 0.0024814384523779154 -0.017114182934165 -0.008528754115104675
			vertex 0.003706078976392746 -0.016891352832317352 -0.008528754115104675
			vertex 0.0025640050880610943 -0.017683634534478188 -0.0070424252189695835
		endloop
	endfacet
	facet normal 0.16695752857925814 -0.9175699741885273 -0.3608192429990005
		outer loop
			vertex 0.003706078976392746 -0.016891352832317352 -0.008528754115104675
			vertex 0.003829393768683076 -0.01745338924229145 -0.0070424252189695835
			vertex 0.0025640050880610943 -0.017683634534478188 -0.0070424252189695835
		endloop
	endfacet
	facet normal 0.17126750948074587 -0.9412568908444227 -0.2910376361128456
		outer loop
			vertex 0.0025640050880610943 -0.017683634534478188 -0.0070424252189695835
			vertex 0.003829393768683076 -0.01745338924229145 -0.0070424252189695835
			vertex 0.002630605362355709 -0.01814296841621399 -0.005517682060599327
		endloop
	endfacet
	facet normal 0.1712677528846803 -0.9412569039013986 -0.29103745064816955
		outer loop
			vertex 0.003829393768683076 -0.01745338924229145 -0.0070424252189695835
			vertex 0.003928862512111664 -0.01790674217045307 -0.005517682060599327
			vertex 0.002630605362355709 -0.01814296841621399 -0.005517682060599327
		endloop
	endfacet
	facet normal 0.17464433125350443 -0.9598139740309974 -0.21967360518696827
		outer loop
			vertex 0.002630605362355709 -0.01814296841621399 -0.005517682060599327
			vertex 0.003928862512111664 -0.01790674217045307 -0.005517682060599327
			vertex 0.0026808760594576597 -0.01848967932164669 -0.003962841350585222
		endloop
	endfacet
	facet normal 0.17464353173931926 -0.9598139727449033 -0.21967424643153644
		outer loop
			vertex 0.003928862512111664 -0.01790674217045307 -0.005517682060599327
			vertex 0.00400394294410944 -0.018248939886689186 -0.003962841350585222
			vertex 0.0026808760594576597 -0.01848967932164669 -0.003962841350585222
		endloop
	endfacet
	facet normal 0.17706847918845078 -0.973141110725156 -0.14711605043128015
		outer loop
			vertex 0.0026808760594576597 -0.01848967932164669 -0.003962841350585222
			vertex 0.00400394294410944 -0.018248939886689186 -0.003962841350585222
			vertex 0.002714542904868722 -0.01872187666594982 -0.0023863844107836485
		endloop
	endfacet
	facet normal 0.17706969875947642 -0.9731410426996854 -0.14711503252420338
		outer loop
			vertex 0.00400394294410944 -0.018248939886689186 -0.003962841350585222
			vertex 0.0040542250499129295 -0.018478112295269966 -0.0023863844107836485
			vertex 0.002714542904868722 -0.01872187666594982 -0.0023863844107836485
		endloop
	endfacet
	facet normal 0.17852990647759506 -0.9811660637581913 -0.07375790006743731
		outer loop
			vertex 0.002714542904868722 -0.01872187666594982 -0.0023863844107836485
			vertex 0.0040542250499129295 -0.018478112295269966 -0.0023863844107836485
			vertex 0.0027314224280416965 -0.018838291987776756 -0.0007969104335643351
		endloop
	endfacet
	facet normal 0.1785288719617118 -0.9811661852047758 -0.07375878853930691
		outer loop
			vertex 0.0040542250499129295 -0.018478112295269966 -0.0023863844107836485
			vertex 0.004079435020685196 -0.018593013286590576 -0.0007969104335643351
			vertex 0.0027314224280416965 -0.018838291987776756 -0.0007969104335643351
		endloop
	endfacet
	facet normal 0.1790164930590871 -0.9838460729264644 0
		outer loop
			vertex 0.0027314224280416965 -0.018838291987776756 -0.0007969104335643351
			vertex 0.004079435020685196 -0.018593013286590576 -0.0007969104335643351
			vertex 0.0027314224280416965 -0.018838291987776756 0.0007969104335643351
		endloop
	endfacet
	facet normal 0.1790164930590871 -0.9838460729264644 0
		outer loop
			vertex 0.004079435020685196 -0.018593013286590576 -0.0007969104335643351
			vertex 0.004079435020685196 -0.018593013286590576 0.0007969104335643351
			vertex 0.0027314224280416965 -0.018838291987776756 0.0007969104335643351
		endloop
	endfacet
	facet normal 0.17852888368864184 -0.9811662496541116 0.073757902821143
		outer loop
			vertex 0.0027314224280416965 -0.018838291987776756 0.0007969104335643351
			vertex 0.004079435020685196 -0.018593013286590576 0.0007969104335643351
			vertex 0.002714542904868722 -0.01872187666594982 0.0023863844107836485
		endloop
	endfacet
	facet normal 0.178529894677679 -0.9811659989081197 0.07375879129302873
		outer loop
			vertex 0.004079435020685196 -0.018593013286590576 0.0007969104335643351
			vertex 0.0040542250499129295 -0.018478112295269966 0.0023863844107836485
			vertex 0.002714542904868722 -0.01872187666594982 0.0023863844107836485
		endloop
	endfacet
	facet normal 0.17706967182583852 -0.9731408946775865 0.1471160440794839
		outer loop
			vertex 0.002714542904868722 -0.01872187666594982 0.0023863844107836485
			vertex 0.0040542250499129295 -0.018478112295269966 0.0023863844107836485
			vertex 0.0026808760594576597 -0.01848967932164669 0.003962841350585222
		endloop
	endfacet
	facet normal 0.17706850646014755 -0.9731412606062042 0.1471150261725175
		outer loop
			vertex 0.0040542250499129295 -0.018478112295269966 0.0023863844107836485
			vertex 0.00400394294410944 -0.018248939886689186 0.003962841350585222
			vertex 0.0026808760594576597 -0.01848967932164669 0.003962841350585222
		endloop
	endfacet
	facet normal 0.17464355734314993 -0.9598141134596162 0.21967361125602058
		outer loop
			vertex 0.0026808760594576597 -0.01848967932164669 0.003962841350585222
			vertex 0.00400394294410944 -0.018248939886689186 0.003962841350585222
			vertex 0.002630605362355709 -0.01814296841621399 0.005517682060599327
		endloop
	endfacet
	facet normal 0.174644305160272 -0.9598138306272641 0.21967425250061323
		outer loop
			vertex 0.00400394294410944 -0.018248939886689186 0.003962841350585222
			vertex 0.003928862512111664 -0.01790674217045307 0.005517682060599327
			vertex 0.002630605362355709 -0.01814296841621399 0.005517682060599327
		endloop
	endfacet
	facet normal 0.17126774291411953 -0.9412568491049818 0.29103763373499425
		outer loop
			vertex 0.002630605362355709 -0.01814296841621399 0.005517682060599327
			vertex 0.003928862512111664 -0.01790674217045307 0.005517682060599327
			vertex 0.0025640050880610943 -0.017683634534478188 0.0070424252189695835
		endloop
	endfacet
	facet normal 0.17126751971027848 -0.9412569470641813 0.29103744827033246
		outer loop
			vertex 0.003928862512111664 -0.01790674217045307 0.005517682060599327
			vertex 0.003829393768683076 -0.01745338924229145 0.0070424252189695835
			vertex 0.0025640050880610943 -0.017683634534478188 0.0070424252189695835
		endloop
	endfacet
	facet normal 0.16695749840490742 -0.9175698083554652 0.3608196786774391
		outer loop
			vertex 0.0025640050880610943 -0.017683634534478188 0.0070424252189695835
			vertex 0.003829393768683076 -0.01745338924229145 0.0070424252189695835
			vertex 0.0024814384523779154 -0.017114182934165 0.008528754115104675
		endloop
	endfacet
	facet normal 0.16695694064060604 -0.917570084017723 0.3608192357505874
		outer loop
			vertex 0.003829393768683076 -0.01745338924229145 0.0070424252189695835
			vertex 0.003706078976392746 -0.016891352832317352 0.008528754115104675
			vertex 0.0024814384523779154 -0.017114182934165 0.008528754115104675
		endloop
	endfacet
	facet normal 0.16173680205433472 -0.8888809921907482 0.4286394622328046
		outer loop
			vertex 0.0024814384523779154 -0.017114182934165 0.008528754115104675
			vertex 0.003706078976392746 -0.016891352832317352 0.008528754115104675
			vertex 0.0023833562154322863 -0.016437720507383347 0.009968561120331287
		endloop
	endfacet
	facet normal 0.16173627908136318 -0.8888812759224685 0.42863907118152417
		outer loop
			vertex 0.003706078976392746 -0.016891352832317352 0.008528754115104675
			vertex 0.0035595910158008337 -0.01622369885444641 0.009968561120331287
			vertex 0.0023833562154322863 -0.016437720507383347 0.009968561120331287
		endloop
	endfacet
	facet normal 0.15563421703253907 -0.8553451470432563 0.4941281917865231
		outer loop
			vertex 0.0023833562154322863 -0.016437720507383347 0.009968561120331287
			vertex 0.0035595910158008337 -0.01622369885444641 0.009968561120331287
			vertex 0.002270292956382036 -0.01565793715417385 0.0113539919257164
		endloop
	endfacet
	facet normal 0.1556352740550413 -0.8553445316291475 0.4941289241502936
		outer loop
			vertex 0.0035595910158008337 -0.01622369885444641 0.009968561120331287
			vertex 0.003390728496015072 -0.015454066917300224 0.0113539919257164
			vertex 0.002270292956382036 -0.01565793715417385 0.0113539919257164
		endloop
	endfacet
	facet normal 0.14868431043469058 -0.8171432385205076 0.55692899329338
		outer loop
			vertex 0.002270292956382036 -0.01565793715417385 0.0113539919257164
			vertex 0.003390728496015072 -0.015454066917300224 0.0113539919257164
			vertex 0.0021428654436022043 -0.014779085293412209 0.012677489779889584
		endloop
	endfacet
	facet normal 0.14868407767054018 -0.8171433809438765 0.5569288464668282
		outer loop
			vertex 0.003390728496015072 -0.015454066917300224 0.0113539919257164
			vertex 0.003200413193553686 -0.014586658217012882 0.012677489779889584
			vertex 0.0021428654436022043 -0.014779085293412209 0.012677489779889584
		endloop
	endfacet
	facet normal 0.1409217620378806 -0.7744829633699124 0.616698626910988
		outer loop
			vertex 0.0021428654436022043 -0.014779085293412209 0.012677489779889584
			vertex 0.003200413193553686 -0.014586658217012882 0.012677489779889584
			vertex 0.002001768909394741 -0.01380595937371254 0.013931835070252419
		endloop
	endfacet
	facet normal 0.1409215408936358 -0.7744831027857434 0.6166985023587548
		outer loop
			vertex 0.003200413193553686 -0.014586658217012882 0.012677489779889584
			vertex 0.002989682601764798 -0.013626202940940857 0.013931835070252419
			vertex 0.002001768909394741 -0.01380595937371254 0.013931835070252419
		endloop
	endfacet
	facet normal 0.13239012783338766 -0.7275957694785173 0.6731101323626199
		outer loop
			vertex 0.002001768909394741 -0.01380595937371254 0.013931835070252419
			vertex 0.002989682601764798 -0.013626202940940857 0.013931835070252419
			vertex 0.0018477729754522443 -0.012743867933750153 0.015110187232494354
		endloop
	endfacet
	facet normal 0.13239040673732705 -0.7275955917835176 0.6731102695852427
		outer loop
			vertex 0.002989682601764798 -0.013626202940940857 0.013931835070252419
			vertex 0.0027596864383667707 -0.01257793977856636 0.015110187232494354
			vertex 0.0018477729754522443 -0.012743867933750153 0.015110187232494354
		endloop
	endfacet
	facet normal 0.12313595427468978 -0.676734664756193 0.7258565493829924
		outer loop
			vertex 0.0018477729754522443 -0.012743867933750153 0.015110187232494354
			vertex 0.0027596864383667707 -0.01257793977856636 0.015110187232494354
			vertex 0.0016817175783216953 -0.01159860473126173 0.01620611548423767
		endloop
	endfacet
	facet normal 0.12313608932874225 -0.6767345794566012 0.7258566059990921
		outer loop
			vertex 0.0027596864383667707 -0.01257793977856636 0.015110187232494354
			vertex 0.0025116794276982546 -0.011447587981820107 0.01620611548423767
			vertex 0.0016817175783216953 -0.01159860473126173 0.01620611548423767
		endloop
	endfacet
	facet normal 0.11320916065612797 -0.6221779020667402 0.7746472385049629
		outer loop
			vertex 0.0016817175783216953 -0.01159860473126173 0.01620611548423767
			vertex 0.0025116794276982546 -0.011447587981820107 0.01620611548423767
			vertex 0.0015045086620375514 -0.010376415215432644 0.017213646322488785
		endloop
	endfacet
	facet normal 0.11320892921810308 -0.6221780441512421 0.7746471582090945
		outer loop
			vertex 0.0025116794276982546 -0.011447587981820107 0.01620611548423767
			vertex 0.0022470143157988787 -0.010241311974823475 0.017213646322488785
			vertex 0.0015045086620375514 -0.010376415215432644 0.017213646322488785
		endloop
	endfacet
	facet normal 0.10266312926722482 -0.5642200258856787 0.8192167260735252
		outer loop
			vertex 0.0015045086620375514 -0.010376415215432644 0.017213646322488785
			vertex 0.0022470143157988787 -0.010241311974823475 0.017213646322488785
			vertex 0.001317112590186298 -0.00908396765589714 0.018127279356122017
		endloop
	endfacet
	facet normal 0.10266378492405302 -0.5642196426048678 0.8192169078845378
		outer loop
			vertex 0.0022470143157988787 -0.010241311974823475 0.017213646322488785
			vertex 0.0019671344198286533 -0.008965691551566124 0.018127279356122017
			vertex 0.001317112590186298 -0.00908396765589714 0.018127279356122017
		endloop
	endfacet
	facet normal 0.09155693119417968 -0.5031785944244451 0.8593187013345771
		outer loop
			vertex 0.001317112590186298 -0.00908396765589714 0.018127279356122017
			vertex 0.0019671344198286533 -0.008965691551566124 0.018127279356122017
			vertex 0.0011205518385395408 -0.007728311233222485 0.018942033872008324
		endloop
	endfacet
	facet normal 0.0915566997297606 -0.5031787204386654 0.8593186522078419
		outer loop
			vertex 0.0019671344198286533 -0.008965691551566124 0.018127279356122017
			vertex 0.0016735668759793043 -0.007627686485648155 0.018942033872008324
			vertex 0.0011205518385395408 -0.007728311233222485 0.018942033872008324
		endloop
	endfacet
	facet normal 0.07994914338957701 -0.4393857335364214 0.8947336540199736
		outer loop
			vertex 0.0011205518385395408 -0.007728311233222485 0.018942033872008324
			vertex 0.0016735668759793043 -0.007627686485648155 0.018942033872008324
			vertex 0.0009158983593806624 -0.006316840648651123 0.01965346559882164
		endloop
	endfacet
	facet normal 0.07994866384124272 -0.43938597074868674 0.8947335803797878
		outer loop
			vertex 0.0016735668759793043 -0.007627686485648155 0.018942033872008324
			vertex 0.0013679128605872393 -0.006234594155102968 0.01965346559882164
			vertex 0.0009158983593806624 -0.006316840648651123 0.01965346559882164
		endloop
	endfacet
	facet normal 0.06790359855713275 -0.3731880826501519 0.9252673971727824
		outer loop
			vertex 0.0009158983593806624 -0.006316840648651123 0.01965346559882164
			vertex 0.0013679128605872393 -0.006234594155102968 0.01965346559882164
			vertex 0.0007042685756459832 -0.004857256077229977 0.02025769092142582
		endloop
	endfacet
	facet normal 0.06790404582356566 -0.37318788730707236 0.9252674431363481
		outer loop
			vertex 0.0013679128605872393 -0.006234594155102968 0.01965346559882164
			vertex 0.00105183944106102 -0.004794013220816851 0.02025769092142582
			vertex 0.0007042685756459832 -0.004857256077229977 0.02025769092142582
		endloop
	endfacet
	facet normal 0.05548778030347506 -0.3049504230810719 0.9507504118850901
		outer loop
			vertex 0.0007042685756459832 -0.004857256077229977 0.02025769092142582
			vertex 0.00105183944106102 -0.004794013220816851 0.02025769092142582
			vertex 0.0004868169198743999 -0.0033575177658349276 0.02075141854584217
		endloop
	endfacet
	facet normal 0.05548747671813713 -0.30495053611961564 0.950750393346126
		outer loop
			vertex 0.00105183944106102 -0.004794013220816851 0.02025769092142582
			vertex 0.0007270709611475468 -0.003313802182674408 0.02075141854584217
			vertex 0.0004868169198743999 -0.0033575177658349276 0.02075141854584217
		endloop
	endfacet
	facet normal 0.05304508028214041 -0.24540278062627607 0.9679688500766713
		outer loop
			vertex -0.0005239797756075859 -0.0017689260421320796 0.021131951361894608
			vertex -0.0007578054792247713 -0.002558308420702815 0.020944638177752495
			vertex -0.0007270709611475468 -0.003313802182674408 0.02075141854584217
		endloop
	endfacet
	facet normal -0.06429138312976233 -0.24971910743532907 0.9661816524013301
		outer loop
			vertex -0.0007578054792247713 -0.002558308420702815 0.020944638177752495
			vertex -0.0009635580936446786 -0.0032529174350202084 0.02075141854584217
			vertex -0.0007270709611475468 -0.003313802182674408 0.02075141854584217
		endloop
	endfacet
	facet normal -0.07727997880341528 -0.3001691111615902 0.9507503928900606
		outer loop
			vertex -0.0007270709611475468 -0.003313802182674408 0.02075141854584217
			vertex -0.0009635580936446786 -0.0032529174350202084 0.02075141854584217
			vertex -0.00105183944106102 -0.004794013220816851 0.02025769092142582
		endloop
	endfacet
	facet normal -0.024793353504525665 -0.30371698993412016 0.9524396461967328
		outer loop
			vertex -0.0009635580936446786 -0.0032529174350202084 0.02075141854584217
			vertex -0.0012612483697012067 -0.004257902968674898 0.020423196256160736
			vertex -0.00105183944106102 -0.004794013220816851 0.02025769092142582
		endloop
	endfacet
	facet normal -0.08329006075546458 -0.3235134052880214 0.9425507107727942
		outer loop
			vertex -0.00105183944106102 -0.004794013220816851 0.02025769092142582
			vertex -0.0012612483697012067 -0.004257902968674898 0.020423196256160736
			vertex -0.001393960788846016 -0.004705932457000017 0.02025769092142582
		endloop
	endfacet
	facet normal 0.09327887409297768 -0.36231173234282854 0.9273776254874198
		outer loop
			vertex 0.001750177820213139 -0.005908501334488392 0.019752036780118942
			vertex 0.001393960788846016 -0.004705932457000017 0.02025769092142582
			vertex 0.00105183944106102 -0.004794013220816851 0.02025769092142582
		endloop
	endfacet
	facet normal 0.08329006075546458 -0.3235134052880214 0.9425507107727942
		outer loop
			vertex 0.001393960788846016 -0.004705932457000017 0.02025769092142582
			vertex 0.0012612483697012067 -0.004257902968674898 0.020423196256160736
			vertex 0.00105183944106102 -0.004794013220816851 0.02025769092142582
		endloop
	endfacet
	facet normal 0.038697182519845434 -0.3085269534211969 0.950428138828844
		outer loop
			vertex 0.00105183944106102 -0.004794013220816851 0.02025769092142582
			vertex 0.0012612483697012067 -0.004257902968674898 0.020423196256160736
			vertex 0.0007270709611475468 -0.003313802182674408 0.02075141854584217
		endloop
	endfacet
	facet normal 0.07455096970099515 -0.289569156952116 0.9542493679634702
		outer loop
			vertex 0.0012612483697012067 -0.004257902968674898 0.020423196256160736
			vertex 0.0009635580936446786 -0.0032529174350202084 0.02075141854584217
			vertex 0.0007270709611475468 -0.003313802182674408 0.02075141854584217
		endloop
	endfacet
	facet normal 0.06429138312976233 -0.24971910743532907 0.9661816524013301
		outer loop
			vertex 0.0007270709611475468 -0.003313802182674408 0.02075141854584217
			vertex 0.0009635580936446786 -0.0032529174350202084 0.02075141854584217
			vertex 0.0007578054792247713 -0.002558308420702815 0.020944638177752495
		endloop
	endfacet
	facet normal -0.059563749560817586 -0.23135654581868625 0.9710439271449579
		outer loop
			vertex -0.0005239797756075859 -0.0017689260421320796 0.021131951361894608
			vertex -0.0007270709611475468 -0.003313802182674408 0.02075141854584217
			vertex -0.00039537885459139943 -0.0018020349089056253 0.021131951361894608
		endloop
	endfacet
	facet normal -0.042767191045213315 -0.2350418258126494 0.9710439266525271
		outer loop
			vertex -0.0007270709611475468 -0.003313802182674408 0.02075141854584217
			vertex -0.0004868169198743999 -0.0033575177658349276 0.02075141854584217
			vertex -0.00039537885459139943 -0.0018020349089056253 0.021131951361894608
		endloop
	endfacet
	facet normal -0.04276732858021395 -0.23504181678069264 0.9710439227813248
		outer loop
			vertex -0.00039537885459139943 -0.0018020349089056253 0.021131951361894608
			vertex -0.0004868169198743999 -0.0033575177658349276 0.02075141854584217
			vertex -0.00026472946046851575 -0.0018258073832839727 0.021131951361894608
		endloop
	endfacet
	facet normal -0.02574932837778323 -0.2375093096327539 0.9710439227583199
		outer loop
			vertex -0.0004868169198743999 -0.0033575177658349276 0.02075141854584217
			vertex -0.00024404065334238112 -0.0033838381059467793 0.02075141854584217
			vertex -0.00026472946046851575 -0.0018258073832839727 0.021131951361894608
		endloop
	endfacet
	facet normal -0.025749327546495067 -0.237509309627418 0.9710439227816683
		outer loop
			vertex -0.00026472946046851575 -0.0018258073832839727 0.021131951361894608
			vertex -0.00024404065334238112 -0.0033838381059467793 0.02075141854584217
			vertex -0.00013270851923152804 -0.001840120297856629 0.021131951361894608
		endloop
	endfacet
	facet normal -0.00859799066441429 -0.23874625524379053 0.9710439228807323
		outer loop
			vertex -0.00024404065334238112 -0.0033838381059467793 0.02075141854584217
			vertex 4.336808689942018e-19 -0.003392626764252782 0.02075141854584217
			vertex -0.00013270851923152804 -0.001840120297856629 0.021131951361894608
		endloop
	endfacet
	facet normal -0.008597908036033568 -0.23874624875129127 0.9710439252086338
		outer loop
			vertex -0.00013270851923152804 -0.001840120297856629 0.021131951361894608
			vertex 4.336808689942018e-19 -0.003392626764252782 0.02075141854584217
			vertex 3.2526065174565133e-19 -0.00184489949606359 0.021131951361894608
		endloop
	endfacet
	facet normal 0.008597990424508328 -0.23874624858215765 0.9710439245207227
		outer loop
			vertex 4.336808689942018e-19 -0.003392626764252782 0.02075141854584217
			vertex 0.00024404065334238112 -0.0033838381059467793 0.02075141854584217
			vertex 3.2526065174565133e-19 -0.00184489949606359 0.021131951361894608
		endloop
	endfacet
	facet normal 0.008597908477197873 -0.23874626100151686 0.971043922192819
		outer loop
			vertex 3.2526065174565133e-19 -0.00184489949606359 0.021131951361894608
			vertex 0.00024404065334238112 -0.0033838381059467793 0.02075141854584217
			vertex 0.00013270851923152804 -0.001840120297856629 0.021131951361894608
		endloop
	endfacet
	facet normal 0.025749328370577057 -0.23750930956628488 0.9710439227747687
		outer loop
			vertex 0.00024404065334238112 -0.0033838381059467793 0.02075141854584217
			vertex 0.0004868169198743999 -0.0033575177658349276 0.02075141854584217
			vertex 0.00013270851923152804 -0.001840120297856629 0.021131951361894608
		endloop
	endfacet
	facet normal 0.02574932755974666 -0.23750930974964946 0.9710439227514202
		outer loop
			vertex 0.00013270851923152804 -0.001840120297856629 0.021131951361894608
			vertex 0.0004868169198743999 -0.0033575177658349276 0.02075141854584217
			vertex 0.00026472946046851575 -0.0018258073832839727 0.021131951361894608
		endloop
	endfacet
	facet normal 0.04276719302964802 -0.23504183671879372 0.9710439239252883
		outer loop
			vertex 0.0004868169198743999 -0.0033575177658349276 0.02075141854584217
			vertex 0.0007270709611475468 -0.003313802182674408 0.02075141854584217
			vertex 0.00026472946046851575 -0.0018258073832839727 0.021131951361894608
		endloop
	endfacet
	facet normal 0.042767324930982245 -0.23504179672514844 0.971043927796504
		outer loop
			vertex 0.00026472946046851575 -0.0018258073832839727 0.021131951361894608
			vertex 0.0007270709611475468 -0.003313802182674408 0.02075141854584217
			vertex 0.00039537885459139943 -0.0018020349089056253 0.021131951361894608
		endloop
	endfacet
	facet normal -0.01504528242915053 -0.2471750517700881 0.9688540309350431
		outer loop
			vertex 0.0007270709611475468 -0.003313802182674408 0.02075141854584217
			vertex 0.0007578054792247713 -0.002558308420702815 0.020944638177752495
			vertex 0.00039537885459139943 -0.0018020349089056253 0.021131951361894608
		endloop
	endfacet
	facet normal 0.05534650037545978 -0.2149759752270914 0.9750497910216432
		outer loop
			vertex 0.00039537885459139943 -0.0018020349089056253 0.021131951361894608
			vertex 0.0007578054792247713 -0.002558308420702815 0.020944638177752495
			vertex 0.0005239797756075859 -0.0017689260421320796 0.021131951361894608
		endloop
	endfacet
	facet normal 0.9588196623534113 0.28401558950719336 0.0000011713248079446838
		outer loop
			vertex 0.0007578054792247713 -0.002558308420702815 -0.020944638177752495
			vertex 0.0005239797756075859 -0.0017689260421320796 -0.021131951361894608
			vertex 0.0005006728461012244 -0.001690243254415691 -0.021128585562109947
		endloop
	endfacet
	facet normal 0.9588196640952692 0.28401558362612866 0.0000013208690345705155
		outer loop
			vertex 0.0005239797756075859 -0.0017689260421320796 -0.021131951361894608
			vertex 0.00024354021297767758 -0.0008221779717132449 -0.02131253480911255
			vertex 0.0005006728461012244 -0.001690243254415691 -0.021128585562109947
		endloop
	endfacet
	facet normal -0.95881941476446 0.28401642532597293 0.000003974240416761698
		outer loop
			vertex -0.0007578054792247713 -0.002558308420702815 -0.020944638177752495
			vertex -0.0009635580936446786 -0.0032529174350202084 -0.02075141854584217
			vertex -0.0010095268953591585 -0.0034081058111041784 -0.02068391628563404
		endloop
	endfacet
	facet normal -0.9588192821540612 0.28401687299106837 0.0000050937341949159
		outer loop
			vertex -0.0009635580936446786 -0.0032529174350202084 -0.02075141854584217
			vertex -0.0012612483697012067 -0.004257902968674898 -0.020423196256160736
			vertex -0.0010095268953591585 -0.0034081058111041784 -0.02068391628563404
		endloop
	endfacet
	facet normal -0.9146070831968951 0.40434376879836764 0
		outer loop
			vertex -0.00024354021297767758 -0.0008221779717132449 0.020025575533509254
			vertex -0.00024354021297767758 -0.0008221779717132449 0.02131253480911255
			vertex -0.00021726252452936023 -0.0007627390441484749 0.021322673186659813
		endloop
	endfacet
	facet normal 0.7820647420207768 0.6231971913351152 0
		outer loop
			vertex 0.00021726252452936023 -0.0007627390441484749 0.021322673186659813
			vertex 0.00021726252452936023 -0.0007627390441484749 -0.021322673186659813
			vertex 0.00017676185234449804 -0.0007119138026610017 -0.021331869065761566
		endloop
	endfacet
	facet normal 0.9146070831968951 0.40434376879836764 0
		outer loop
			vertex 0.00024354021297767758 -0.0008221779717132449 -0.020025575533509254
			vertex 0.00024354021297767758 -0.0008221779717132449 -0.02131253480911255
			vertex 0.00021726252452936023 -0.0007627390441484749 -0.021322673186659813
		endloop
	endfacet
	facet normal 0.9146070831968952 0.40434376879836764 0
		outer loop
			vertex 0.00024354021297767758 -0.0008221779717132449 -0.020025575533509254
			vertex 0.00021726252452936023 -0.0007627390441484749 -0.021322673186659813
			vertex 0.00024354021297767758 -0.0008221779717132449 0.020025575533509254
		endloop
	endfacet
	facet normal 0.9146070831968951 0.40434376879836764 0
		outer loop
			vertex 0.00021726252452936023 -0.0007627390441484749 -0.021322673186659813
			vertex 0.00021726252452936023 -0.0007627390441484749 0.021322673186659813
			vertex 0.00024354021297767758 -0.0008221779717132449 0.020025575533509254
		endloop
	endfacet
	facet normal 0.9146070831968951 0.40434376879836764 0
		outer loop
			vertex 0.00024354021297767758 -0.0008221779717132449 0.020025575533509254
			vertex 0.00021726252452936023 -0.0007627390441484749 0.021322673186659813
			vertex 0.00024354021297767758 -0.0008221779717132449 0.02131253480911255
		endloop
	endfacet
	facet normal 0.3754147041686281 0.9268569468337503 -9.780026270905397e-10
		outer loop
			vertex 0.00006445451435865834 -0.0006486318889074028 0.02134420908987522
			vertex 0.00009635687456466258 -0.000661553640384227 0.021341616287827492
			vertex 0.00012468955537769943 -0.0006730295717716217 -0.02133931592106819
		endloop
	endfacet
	facet normal 0.37541596981187775 0.9268564341958291 0
		outer loop
			vertex 0.00009635687456466258 -0.000661553640384227 0.021341616287827492
			vertex 0.00012468955537769943 -0.0006730295717716217 0.02133931592106819
			vertex 0.00012468955537769943 -0.0006730295717716217 -0.02133931592106819
		endloop
	endfacet
	facet normal 0.5983246289195302 0.8012537915219539 0
		outer loop
			vertex 0.00012468955537769943 -0.0006730295717716217 -0.02133931592106819
			vertex 0.00012468955537769943 -0.0006730295717716217 0.02133931592106819
			vertex 0.0001528771099401638 -0.0006940782186575234 -0.021335285156965256
		endloop
	endfacet
	facet normal 0.5983246289195301 0.8012537915219538 0
		outer loop
			vertex 0.00012468955537769943 -0.0006730295717716217 0.02133931592106819
			vertex 0.0001528771099401638 -0.0006940782186575234 0.021335285156965256
			vertex 0.0001528771099401638 -0.0006940782186575234 -0.021335285156965256
		endloop
	endfacet
	facet normal 0.5983246200730729 0.8012537981279173 0
		outer loop
			vertex 0.0001528771099401638 -0.0006940782186575234 -0.021335285156965256
			vertex 0.0001528771099401638 -0.0006940782186575234 0.021335285156965256
			vertex 0.00017676185234449804 -0.0007119138026610017 -0.021331869065761566
		endloop
	endfacet
	facet normal 0.598324620073073 0.8012537981279173 0
		outer loop
			vertex 0.0001528771099401638 -0.0006940782186575234 0.021335285156965256
			vertex 0.00017676185234449804 -0.0007119138026610017 0.021331869065761566
			vertex 0.00017676185234449804 -0.0007119138026610017 -0.021331869065761566
		endloop
	endfacet
	facet normal 0.7820647420207767 0.6231971913351151 0
		outer loop
			vertex 0.00017676185234449804 -0.0007119138026610017 -0.021331869065761566
			vertex 0.00017676185234449804 -0.0007119138026610017 0.021331869065761566
			vertex 0.00021726252452936023 -0.0007627390441484749 0.021322673186659813
		endloop
	endfacet
	facet normal 0.37541596973508695 0.9268564342269328 1.1009696720920865e-9
		outer loop
			vertex 0.00012468955537769943 -0.0006730295717716217 -0.02133931592106819
			vertex 0.00009635687456466258 -0.000661553640384227 -0.021341616287827492
			vertex 0.00006445451435865834 -0.0006486318889074028 0.02134420908987522
		endloop
	endfacet
	facet normal 0.37541470423691103 0.926856946806093 0
		outer loop
			vertex 0.00009635687456466258 -0.000661553640384227 -0.021341616287827492
			vertex 0.00006445451435865834 -0.0006486318889074028 -0.02134420908987522
			vertex 0.00006445451435865834 -0.0006486318889074028 0.02134420908987522
		endloop
	endfacet
	facet normal 0.12793213412564872 0.9917829243630165 0
		outer loop
			vertex 0.00006445451435865834 -0.0006486318889074028 0.02134420908987522
			vertex 0.00006445451435865834 -0.0006486318889074028 -0.02134420908987522
			vertex 0.00004674611409427598 -0.0006463476456701756 0.021344680339097977
		endloop
	endfacet
	facet normal 0.12793029134111322 0.9917831620658711 -7.771515665511268e-10
		outer loop
			vertex 0.00006445451435865834 -0.0006486318889074028 -0.02134420908987522
			vertex 3.2722140583952586e-19 -0.0006403178558684886 0.021345920860767365
			vertex 0.00004674611409427598 -0.0006463476456701756 0.021344680339097977
		endloop
	endfacet
	facet normal 0.12793213407195278 0.9917829243699431 2.0513367350221913e-9
		outer loop
			vertex 0.00006445451435865834 -0.0006486318889074028 -0.02134420908987522
			vertex 0.00004674611409427598 -0.0006463476456701756 -0.021344680339097977
			vertex 3.2722140583952586e-19 -0.0006403178558684886 0.021345920860767365
		endloop
	endfacet
	facet normal 0.12793029136139733 0.9917831620632548 -2.1970796038576786e-18
		outer loop
			vertex 0.00004674611409427598 -0.0006463476456701756 -0.021344680339097977
			vertex -4.0596987903397493e-19 -0.0006403178558684886 -0.021345920860767365
			vertex 3.2722140583952586e-19 -0.0006403178558684886 0.021345920860767365
		endloop
	endfacet
	facet normal -0.12793029136139752 0.9917831620632547 2.197079603857682e-18
		outer loop
			vertex 3.2722140583952586e-19 -0.0006403178558684886 0.021345920860767365
			vertex -4.0596987903397493e-19 -0.0006403178558684886 -0.021345920860767365
			vertex -0.00004674611409427598 -0.0006463476456701756 0.021344680339097977
		endloop
	endfacet
	facet normal -0.12793213407195278 0.9917829243699431 -2.0513367347678577e-9
		outer loop
			vertex -4.0596987903397493e-19 -0.0006403178558684886 -0.021345920860767365
			vertex -0.00006445451435865834 -0.0006486318889074028 0.02134420908987522
			vertex -0.00004674611409427598 -0.0006463476456701756 0.021344680339097977
		endloop
	endfacet
	facet normal -0.12793029134111342 0.991783162065871 7.771515664483496e-10
		outer loop
			vertex -4.0596987903397493e-19 -0.0006403178558684886 -0.021345920860767365
			vertex -0.00004674611409427598 -0.0006463476456701756 -0.021344680339097977
			vertex -0.00006445451435865834 -0.0006486318889074028 0.02134420908987522
		endloop
	endfacet
	facet normal -0.12793213412564872 0.9917829243630165 0
		outer loop
			vertex -0.00004674611409427598 -0.0006463476456701756 -0.021344680339097977
			vertex -0.00006445451435865834 -0.0006486318889074028 -0.02134420908987522
			vertex -0.00006445451435865834 -0.0006486318889074028 0.02134420908987522
		endloop
	endfacet
	facet normal -0.37541470423691103 0.926856946806093 0
		outer loop
			vertex -0.00006445451435865834 -0.0006486318889074028 0.02134420908987522
			vertex -0.00006445451435865834 -0.0006486318889074028 -0.02134420908987522
			vertex -0.00009635687456466258 -0.000661553640384227 0.021341616287827492
		endloop
	endfacet
	facet normal -0.37541596973508695 0.9268564342269328 -1.1009696720920865e-9
		outer loop
			vertex -0.00006445451435865834 -0.0006486318889074028 -0.02134420908987522
			vertex -0.00012468955537769943 -0.0006730295717716217 0.02133931592106819
			vertex -0.00009635687456466258 -0.000661553640384227 0.021341616287827492
		endloop
	endfacet
	facet normal -0.3754147041686281 0.9268569468337503 9.780026270905397e-10
		outer loop
			vertex -0.00006445451435865834 -0.0006486318889074028 -0.02134420908987522
			vertex -0.00009635687456466258 -0.000661553640384227 -0.021341616287827492
			vertex -0.00012468955537769943 -0.0006730295717716217 0.02133931592106819
		endloop
	endfacet
	facet normal -0.37541596981187775 0.9268564341958291 0
		outer loop
			vertex -0.00009635687456466258 -0.000661553640384227 -0.021341616287827492
			vertex -0.00012468955537769943 -0.0006730295717716217 -0.02133931592106819
			vertex -0.00012468955537769943 -0.0006730295717716217 0.02133931592106819
		endloop
	endfacet
	facet normal -0.5983246289195302 0.8012537915219539 0
		outer loop
			vertex -0.00012468955537769943 -0.0006730295717716217 0.02133931592106819
			vertex -0.00012468955537769943 -0.0006730295717716217 -0.02133931592106819
			vertex -0.0001528771099401638 -0.0006940782186575234 0.021335285156965256
		endloop
	endfacet
	facet normal -0.5983246289195301 0.8012537915219538 0
		outer loop
			vertex -0.00012468955537769943 -0.0006730295717716217 -0.02133931592106819
			vertex -0.0001528771099401638 -0.0006940782186575234 -0.021335285156965256
			vertex -0.0001528771099401638 -0.0006940782186575234 0.021335285156965256
		endloop
	endfacet
	facet normal -0.5983246200730729 0.8012537981279173 0
		outer loop
			vertex -0.0001528771099401638 -0.0006940782186575234 0.021335285156965256
			vertex -0.0001528771099401638 -0.0006940782186575234 -0.021335285156965256
			vertex -0.00017676185234449804 -0.0007119138026610017 0.021331869065761566
		endloop
	endfacet
	facet normal -0.9146070831968951 0.40434376879836764 0
		outer loop
			vertex -0.00021726252452936023 -0.0007627390441484749 -0.021322673186659813
			vertex -0.00024354021297767758 -0.0008221779717132449 -0.02131253480911255
			vertex -0.00024354021297767758 -0.0008221779717132449 -0.020025575533509254
		endloop
	endfacet
	facet normal -0.598324620073073 0.8012537981279173 0
		outer loop
			vertex -0.0001528771099401638 -0.0006940782186575234 -0.021335285156965256
			vertex -0.00017676185234449804 -0.0007119138026610017 -0.021331869065761566
			vertex -0.00017676185234449804 -0.0007119138026610017 0.021331869065761566
		endloop
	endfacet
	facet normal -0.7820647420207767 0.6231971913351151 0
		outer loop
			vertex -0.00017676185234449804 -0.0007119138026610017 -0.021331869065761566
			vertex -0.00021726252452936023 -0.0007627390441484749 -0.021322673186659813
			vertex -0.00017676185234449804 -0.0007119138026610017 0.021331869065761566
		endloop
	endfacet
	facet normal -0.7820647420207768 0.6231971913351152 0
		outer loop
			vertex -0.00017676185234449804 -0.0007119138026610017 0.021331869065761566
			vertex -0.00021726252452936023 -0.0007627390441484749 -0.021322673186659813
			vertex -0.00021726252452936023 -0.0007627390441484749 0.021322673186659813
		endloop
	endfacet
	facet normal -0.9146070831968951 0.40434376879836764 0
		outer loop
			vertex -0.00021726252452936023 -0.0007627390441484749 -0.021322673186659813
			vertex -0.00024354021297767758 -0.0008221779717132449 -0.020025575533509254
			vertex -0.00021726252452936023 -0.0007627390441484749 0.021322673186659813
		endloop
	endfacet
	facet normal -0.9146070831968952 0.40434376879836764 0
		outer loop
			vertex -0.00021726252452936023 -0.0007627390441484749 0.021322673186659813
			vertex -0.00024354021297767758 -0.0008221779717132449 -0.020025575533509254
			vertex -0.00024354021297767758 -0.0008221779717132449 0.020025575533509254
		endloop
	endfacet
endsolid exported
